item,nas_27,no_AM
Bolsonaro esperado com taxas calibradas no AM,814.3733001397504,
DF_22 (% do comparecimento),1.0553564317005177,11.093349279557719
DF_55 (% do comparecimento),41.39784946236559,15.78912758288386
DF_44 (% do comparecimento),28.235762644364794,17.636820639511093
DF_10 (% do comparecimento),13.71963361210673,13.914988898986692
SEN_22 (% do comparecimento),0.4778972520908005,34.90799145224341
SEN_55 (% do comparecimento),76.88172043010752,37.09044167982246
GOV_44 (% do comparecimento),43.82716049382716,38.783009133912806
GOV_15 (% do comparecimento),40.581441656710474,19.00948589038264
