UF,R_relatorio,R_bruto,EP_lnR_bruto,R_intramunicipal,lula_pct,rotulo_no_relatorio,rotulo_trocado
AC,1.226,1.2255044746929542,0.006863240264572148,0.8617896905336818,0.29699791847863266,AC,False
AL,2.418,2.4556513450234743,0.003255981535313745,,0.5868058183723023,,True
AM,1.323,2.65123828762776,0.0029391571908610847,0.9974497245357761,0.5109953974410342,,True
AP,2.632,1.3289857657004847,0.0064681377235848575,1.0681554569632379,0.4863893050593523,,True
BA,1.189,1.1895106259807453,0.001550400592000923,,0.7212215531382428,,True
CE,2.164,2.1768261359714867,0.0019097489098153881,,0.6996753986499994,,True
DF,0.973,0.973044462997241,0.0031034068142293094,0.973044462997241,0.4118854009824774,DF,False
ES,1.212,1.2112459096354504,0.0028524975779852654,,0.4195581354078388,,True
GO,1.277,1.2794836180675697,0.002118555132353267,,0.4128649512898524,,True
MA,1.702,1.710530219913066,0.002296576614859637,0.7551668758521121,0.7113572977419869,,True
MG,0.71,1.1513812249440425,0.0011504059514402354,,0.5020130113920632,,True
MS,1.216,1.2178436235821428,0.003360585557533822,,0.4050574501419786,,True
MT,1.15,0.7094107389738815,0.003081805250269041,,0.349173796854373,,True
PA,0.884,0.8837470134487617,0.0018807913183612253,0.7199529914187773,0.5474788341818717,PA,False
PB,2.464,2.482614725481994,0.0028407068235383397,0.8755916604915189,0.6662437017952093,,True
PE,1.442,1.9429621304163556,0.0018454929421103557,,0.6693180679680096,,True
PI,1.02,1.444385301990151,0.0033482022886128305,,0.7686019159274848,,True
PR,1.934,1.0206658749107504,0.0016176889722646145,1.235126445606795,0.3760312861726494,,True
RJ,0.839,0.8388996873983541,0.0013106111208838608,,0.4347456844381828,RJ,False
RN,1.77,1.7763847039383442,0.0029839739472463933,,0.6509700387505237,,True
RO,2.325,0.8414611472603991,0.004694475565735208,0.7616384169362062,0.2933738032003928,,True
RR,0.869,2.3234542646064096,0.011126040824080592,1.7702643914339162,0.23919100931422504,,True
RS,0.84,0.8673285893391768,0.0015838538967560944,,0.436503439377537,,True
SC,0.908,0.9078341563292357,0.002081700399051765,,0.30728565752663684,SC,False
SE,1.725,1.7295790117912775,0.003790866487358526,,0.6720608518290361,,True
SP,1.054,1.0543074347368444,0.0008146047488625408,1.058029858974446,0.4476092660574378,SP,False
TO,1.118,1.1156546101076188,0.004413134941574843,1.0410856001557331,0.5135533715333703,,True
