numero,partido,JR_B1,JR_B2,JR_L1,JR_L2,cal_B1,cal_L1,cal_B2,cal_L2
22,PL,100.0,100.0,0.0,0.0,81.6553134963674,12.953045208443696,85.06618594827836,13.710553365655127
20,PSC,90.0,95.0,10.0,5.0,54.33703571638515,36.55418178327795,58.7277430499681,37.968215351851576
10,REPUBLICANOS,91.7,91.7,8.3,8.3,50.18520483375096,41.240729944291814,55.08730043852533,42.58949041837732
11,PP,91.7,91.7,8.3,8.3,42.40950992425235,47.501888366462794,47.256350296670924,49.10123446603334
14,PTB,85.0,90.0,15.0,10.0,77.63579637289368,16.15045844412384,82.10330540028691,17.162947706507246
51,PATRIOTA,82.0,87.0,18.0,13.0,51.42018055216948,40.329561343995714,56.86052115118063,41.85565585394907
28,PRTB,75.0,75.0,25.0,25.0,70.20487870922847,27.272718296148316,72.28837493011328,26.83300404209138
35,PMB,66.7,66.7,33.3,33.3,73.09541258814785,22.35995274912769,75.5820341794618,24.44671718363192
30,NOVO,58.3,75.0,41.7,25.0,80.27245908959108,4.742469621545484e-12,98.49285915843787,0.5288401607403126
27,DC,50.0,58.3,50.0,41.7,77.46572437547142,16.53685049891059,82.62955218944235,18.860649197932396
44,UNIÃO,50.0,58.3,50.0,41.7,40.847226972044304,44.01847010061101,47.695709807353715,47.2900318855553
19,PODE,50.0,50.0,50.0,50.0,54.680255319147946,33.76424667398699,60.41064914931323,35.72108915707925
33,PMN,50.0,50.0,50.0,50.0,64.62167064949016,26.715770147618038,70.78383086998429,29.80296320874868
45,PSDB,50.0,50.0,50.0,50.0,45.29038645054468,37.22023828979026,53.74924058848431,41.18959537812786
55,PSD,50.0,50.0,50.0,50.0,40.54180873954765,49.512514888098444,45.59983779665572,51.71826153650936
15,MDB,50.0,41.7,50.0,58.3,43.15943287569991,46.86434845755649,48.34419177160421,48.18018825794505
23,CIDADANIA,50.0,41.7,50.0,58.3,57.05663576278106,18.178949962431126,69.75336665284483,26.072721397317228
12,PDT,50.0,33.3,50.0,66.7,23.176044007688457,61.090898325226355,29.4963050200173,66.25699355875578
90,PROS,35.0,40.0,65.0,60.0,62.312551891893975,32.296556968865445,65.99383070672835,32.544370271257996
29,PCO,16.7,8.3,83.3,91.7,8.200005400803061,78.80578354954552,10.791190955533716,89.0840506233029
36,AGIR,16.7,8.3,83.3,91.7,42.10722566439609,46.7815777219162,50.001589126195405,51.295843322395875
70,AVANTE,16.7,8.3,83.3,91.7,39.34453032637277,54.78112566422504,42.744081545102105,55.932851716472896
77,SOLIDARIEDADE,16.7,8.3,83.3,91.7,31.528844912797513,57.82250199485427,36.66136872654333,59.90820692775951
18,REDE,8.3,8.3,91.7,91.7,25.336711309551887,22.04168213882545,33.38664589635372,63.4095798911837
40,PSB,8.3,8.3,91.7,91.7,22.644765087933177,61.99486701993708,29.37177616493248,67.01042685611134
43,PV,8.3,8.3,91.7,91.7,13.602911108239546,73.59989748889069,17.666988915477166,77.84346201731384
50,PSOL,8.3,8.3,91.7,91.7,9.588369957624476,81.69622801664394,11.377520555268681,88.75071707482387
65,PCdoB,8.3,8.3,91.7,91.7,2.4393136399529594,93.29989440772806,2.9991369136757853,95.70399201836761
16,PSTU,8.3,0.0,91.7,100.0,9.644726064060153,40.75018838589437,15.541571095115195,83.22267024144622
21,PCB,8.3,0.0,91.7,100.0,58.49490711999684,13.844130642845808,61.76772571039297,33.921232484464575
80,UP,8.3,0.0,91.7,100.0,32.336363946393604,63.07198029335312,36.793382892463626,66.60325564546764
13,PT,0.0,0.0,100.0,100.0,4.727477588240505,92.80504594184718,5.986504883593013,93.97697017378566
