cenario,f,fracao_urnas,votos_transferidos,nivel,efeito_pp,t
"SP, todas as antigas",0.005,1.0,43465,zona,0.5326467341006202,7.38542420029851
"SP, todas as antigas",0.005,1.0,43465,local,0.24654362333550997,1.8732405345201775
"SP, todas as antigas",0.01,1.0,86561,zona,0.8055138073612275,11.165492768134786
"SP, todas as antigas",0.01,1.0,86561,local,0.5345889810451605,4.027278977162029
"SP, 30% das antigas",0.12330925984453087,0.3,321587,zona,2.2869954087143882,29.50945194016016
"SP, 30% das antigas",0.12330925984453087,0.3,321587,local,2.136082874875561,10.99390560153801
"SP, todas as antigas (inverte a margem)",0.12330925984453087,1.0,1069946,zona,7.000599366525015,64.91293265428216
"SP, todas as antigas (inverte a margem)",0.12330925984453087,1.0,1069946,local,7.100671773131201,45.788682714769095
"Brasil, 30% das antigas",0.03336544951304426,0.3,320039,zona,0.7883629659516913,8.17620303833125
"Brasil, 30% das antigas",0.03336544951304426,0.3,320039,local,0.5905404208368387,7.37584134397264
"Brasil, todas as antigas (inverte a margem)",0.03336544951304426,1.0,1070970,zona,2.061895322510988,21.199127569868413
"Brasil, todas as antigas (inverte a margem)",0.03336544951304426,1.0,1070970,local,1.7730187110266435,22.455685956493355
