SG_UF;NR_TURNO;cargo;NR_VOTAVEL;NM_VOTAVEL;NR_PARTIDO;SG_PARTIDO
AC;1;Governador;15;MARA ROCHA;15;MDB
AC;1;Governador;44;MARCIO BITTAR;44;UNIÃO
AC;1;Governador;11;GLADSON CAMELI;11;PP
AC;1;Governador;55;PETECÃO;55;PSD
AC;1;Governador;13;JORGE VIANA;13;PT
AC;1;Senador;500;SANDERSON MOURA;50;PSOL
AC;1;Senador;131;NAZARÉ ARAÚJO;13;PT
AC;1;Senador;199;NEY AMORIM;19;PODE
AC;1;Senador;444;ALAN RICK;44;UNIÃO
AC;1;Senador;400;DR. JENILSON LEITE;40;PSB
AC;1;Senador;900;DRA. VANDA MILANI;90;PROS
AC;1;Senador;222;MARCIA BITTAR;22;PL
AC;1;Governador;36;DAVID HALL;36;AGIR
AC;1;Senador;364;DIMAS SANDAS;36;AGIR
AC;1;Governador;50;PROFESSOR NILSON;50;PSOL
AL;1;Governador;15;PAULO DANTAS;15;MDB
AL;1;Governador;44;RODRIGO CUNHA;44;UNIÃO
AL;1;Governador;14;COLLOR;14;PTB
AL;1;Governador;28;LUCIANO ALMEIDA;28;PRTB
AL;1;Governador;50;PROFESSOR CICERO ALBUQUERQUE;50;PSOL
AL;1;Governador;55;RUI PALMEIRA;55;PSD
AL;1;Governador;35;BOMBEIRO LUCIANO FONTES;35;PMB
AL;1;Senador;111;DAVI DAVINO FILHO;11;PP
AL;1;Senador;151;RENAN FILHO;15;MDB
AL;1;Senador;900;CORONEL DO VALLE;90;PROS
AL;1;Senador;350;BOMBEIRO SUZANA SOUZA;35;PMB
AL;1;Senador;500;MARIO AGRA;50;PSOL
AM;1;Governador;50;DR ISRAEL TUYUKA;50;PSOL
AM;1;Governador;15;EDUARDO BRAGA;15;MDB
AM;1;Governador;44;WILSON LIMA;44;UNIÃO
AM;1;Governador;12;CAROL BRAZ;12;PDT
AM;1;Governador;19;HENRIQUE OLIVEIRA;19;PODE
AM;1;Governador;77;RICARDO NICOLAU;77;SOLIDARIEDADE
AM;1;Governador;23;AMAZONINO MENDES;23;CIDADANIA
AM;1;Senador;777;BESSA;77;SOLIDARIEDADE
AM;1;Senador;361;PASTOR PETER MIRANDA;36;AGIR
AM;1;Senador;555;OMAR AZIZ;55;PSD
AM;1;Senador;500;MARÍLIA FREIRE;50;PSOL
AM;1;Senador;123;LUIZ CASTRO;12;PDT
AM;1;Senador;451;ARTHUR NETO;45;PSDB
AM;1;Senador;222;CORONEL MENEZES;22;PL
AM;1;Senador;700;CHICO PRETO;70;AVANTE
AM;1;Governador;36;NAIR BLAIR;36;AGIR
AP;1;Governador;15;GILVAM BORGES;15;MDB
AP;1;Governador;28;GESIEL DE OLIVEIRA;28;PRTB
AP;1;Governador;55;JAIME NUNES;55;PSD
AP;1;Governador;77;CLÉCIO;77;SOLIDARIEDADE
AP;1;Senador;510;GILBERTO LAURINDO;51;PATRIOTA
AP;1;Senador;151;RAYSSA FURLAN;15;MDB
AP;1;Senador;145;GUARACY;14;PTB
AP;1;Senador;444;DAVI;44;UNIÃO
AP;1;Senador;401;CAPI;40;PSB
AP;1;Governador;16;GIANFRANCO;16;PSTU
AP;1;Senador;288;SUELI PINI;28;PRTB
AP;1;Senador;299;MARINALDO DE SOUSA SILVA;29;PCO
AP;1;Governador;29;JAIRO PALHETA;29;PCO
AP;1;Senador;700;VALDENOR GUEDES;70;AVANTE
CE;1;Governador;12;ROBERTO CLÁUDIO;12;PDT
CE;1;Governador;13;ELMANO DE FREITAS;13;PT
CE;1;Governador;44;CAPITÃO WAGNER;44;UNIÃO
CE;1;Senador;555;ERIKA AMORIM;55;PSD
CE;1;Senador;700;KAMILA CARDOSO;70;AVANTE
CE;1;Senador;131;CAMILO;13;PT
CE;1;Senador;160;CARLOS SILVA;16;PSTU
CE;1;Governador;80;SERLEY LEAL;80;UP
CE;1;Governador;21;CHICO MALTA;21;PCB
CE;1;Governador;16;ZÉ BATISTA;16;PSTU
DF;1;Governador;45;IZALCI;45;PSDB
DF;1;Governador;15;IBANEIS ROCHA;15;MDB
DF;1;Governador;12;LEILA DO VÔLEI;12;PDT
DF;1;Governador;16;ROBSON;16;PSTU
DF;1;Governador;43;LEANDRO GRASS;43;PV
DF;1;Governador;14;CORONEL MORENO;14;PTB
DF;1;Governador;50;KEKA BAGNO;50;PSOL
DF;1;Governador;55;PAULO OCTÁVIO PO;55;PSD
DF;1;Senador;180;PEDRO IVO MANDATO COLETIVO;18;REDE
DF;1;Senador;142;MARCELO HIPÓLITO;14;PTB
DF;1;Senador;123;JOE VALLE;12;PDT
DF;1;Senador;222;FLÁVIA ARRUDA;22;PL
DF;1;Senador;161;ELCIMARA;16;PSTU
DF;1;Senador;456;YARA PRADO;45;PSDB
DF;1;Senador;555;CARLOS RODRIGUES;55;PSD
DF;1;Senador;100;DAMARES ALVES;10;REPUBLICANOS
DF;1;Senador;133;ROSILENE CORRÊA;13;PT
DF;1;Governador;21;TEODORO DA CRUZ TÉO;21;PCB
DF;1;Senador;270;TENENTE CORONEL SOUZA JÚNIOR;27;DC
DF;1;Governador;27;LUCAS SALLES;27;DC
DF;1;Senador;290;EXPEDITO  MENDONÇA;29;PCO
DF;1;Senador;777;HÉLIO JOSÉ;77;SOLIDARIEDADE
DF;1;Governador;29;RENAN ARRUDA;29;PCO
ES;1;Governador;40;RENATO CASAGRANDE;40;PSB
ES;1;Governador;30;ARIDELMO;30;NOVO
ES;1;Governador;55;GUERINO ZANON;55;PSD
ES;1;Governador;22;MANATO;22;PL
ES;1;Governador;18;AUDIFAX;18;REDE
ES;1;Governador;16;CAPITÃO VINICIUS SOUSA;16;PSTU
ES;1;Senador;700;NELSON JUNIOR;70;AVANTE
ES;1;Senador;156;ROSE DE FREITAS;15;MDB
ES;1;Senador;222;MAGNO MALTA;22;PL
ES;1;Senador;161;FILIPE SKITER;16;PSTU
ES;1;Senador;100;ERICK MUSSO;10;REPUBLICANOS
ES;1;Senador;500;GILBERTO CAMPOS COLETIVA;50;PSOL
ES;1;Senador;366;CARONE;36;AGIR
ES;1;Senador;277;CORONEL LUGATO;27;DC
ES;1;Senador;288;ANTONIO BUNGENSTAB;28;PRTB
ES;1;Governador;28;CLAUDIO PAIVA;28;PRTB
GO;1;Governador;30;EDIGAR DINIZ;30;NOVO
GO;1;Governador;22;MAJOR VITOR HUGO;22;PL
GO;1;Governador;13;WOLMIR AMADO;13;PT
GO;1;Governador;44;RONALDO CAIADO;44;UNIÃO
GO;1;Governador;51;GUSTAVO MENDANHA;51;PATRIOTA
GO;1;Governador;80;PROFESSOR PANTALEÃO;80;UP
GO;1;Governador;21;PROFESSORA HELGA;21;PCB
GO;1;Senador;222;WILDER MORAIS;22;PL
GO;1;Senador;651;DENISE CARVALHO;65;PC do B
GO;1;Senador;444;DELEGADO WALDIR;44;UNIÃO
GO;1;Senador;555;VILMAR ROCHA;55;PSD
GO;1;Senador;456;MARCONI PERILLO;45;PSDB
GO;1;Senador;111;ALEXANDRE BALDY;11;PP
GO;1;Senador;300;LEONARDO RIZZO;30;NOVO
GO;1;Senador;500;MANU JACOB;50;PSOL
GO;1;Senador;100;JOÃO CAMPOS;10;REPUBLICANOS
GO;1;Governador;50;CINTIA DIAS;50;PSOL
GO;1;Governador;29;VINÍCIUS PAIXÃO;29;PCO
MA;1;Governador;77;SIMPLICIO;77;SOLIDARIEDADE
MA;1;Governador;20;LAHESIO BONFIM;20;PSC
MA;1;Governador;21;FRANKLE COSTA;21;PCB
MA;1;Governador;40;CARLOS BRANDÃO;40;PSB
MA;1;Governador;50;ENILTON RODRIGUES;50;PSOL
MA;1;Governador;55;EDIVALDO;55;PSD
MA;1;Governador;16;HERTZ DIAS;16;PSTU
MA;1;Governador;12;WEVERTON;12;PDT
MA;1;Senador;400;FLÁVIO DINO;40;PSB
MA;1;Senador;277;PASTOR IVO NOGUEIRA;27;DC
MA;1;Senador;161;SAULO ARCANGELI;16;PSTU
MA;1;Senador;500;ANTONIA CARIONGO;50;PSOL
MA;1;Senador;145;ROBERTO ROCHA;14;PTB
MA;1;Governador;27;PROFESSOR JOAS MORAES;27;DC
MS;1;Governador;45;EDUARDO RIEDEL;45;PSDB
MS;1;Governador;44;ROSE MODESTO;44;UNIÃO
MS;1;Governador;29;MAGNO DE SOUZA;29;PCO
MS;1;Governador;15;ANDRÉ PUCCINELLI;15;MDB
MS;1;Governador;28;CAPITÃO CONTAR;28;PRTB
MS;1;Governador;55;MARQUINHOS TRAD;55;PSD
MS;1;Governador;13;GISELLE;13;PT
MS;1;Senador;111;TEREZA CRISTINA;11;PP
MS;1;Senador;133;PROFESSOR TIAGO BOTELHO;13;PT
MS;1;Senador;444;MANDETTA;44;UNIÃO
MS;1;Senador;555;JUIZ ODILON;55;PSD
MS;1;Governador;50;ADONIS MARCOS;50;PSOL
MS;1;Senador;500;ANIZIO TOCCHIO;50;PSOL
MS;1;Senador;368;JEFERSON BEZERRA;36;AGIR
MT;1;Governador;50;MOISÉS FRANZ;50;PSOL
MT;1;Governador;44;MAURO MENDES;44;UNIÃO
MT;1;Governador;14;PASTOR MARCOS RITELA;14;PTB
MT;1;Governador;43;MARCIA PINHEIRO;43;PV
MT;1;Senador;510;KÁSSIO COELHO;51;PATRIOTA
MT;1;Senador;300;FELICIANO AZUAGA;30;NOVO
MT;1;Senador;222;WELLINGTON FAGUNDES;22;PL
MT;1;Senador;270;DR. JORGE YANAI;27;DC
MT;1;Senador;500;JOSÉ ROBERTO;50;PSOL
MT;1;Senador;111;NERI;11;PP
MT;1;Senador;144;ANTÔNIO GALVAN;14;PTB
PA;1;Governador;22;ZEQUINHA MARINHO;22;PL
PA;1;Governador;50;ADOLFO OLIVEIRA;50;PSOL
PA;1;Governador;77;MAJOR MARCONY;77;SOLIDARIEDADE
PA;1;Governador;15;HELDER;15;MDB
PA;1;Governador;16;CLEBER RABELO;16;PSTU
PA;1;Governador;28;DR. FELIPE;28;PRTB
PA;1;Senador;190;DELEGADO JARDEL;19;PODE
PA;1;Senador;360;GIDEON;36;AGIR
PA;1;Senador;160;PROFESSOR JOÃO SANTIAGO;16;PSTU
PA;1;Senador;111;FLEXA RIBEIRO;11;PP
PA;1;Senador;901;PAULO CASTELO BRANCO;90;PROS
PA;1;Senador;131;BETO FARO;13;PT
PA;1;Senador;355;SABBÁ;35;PMB
PA;1;Senador;456;PIONEIRO;45;PSDB
PA;1;Senador;222;MARIO COUTO;22;PL
PA;1;Governador;36;PAULO ROSEIRA;36;AGIR
PA;1;Governador;35;SOFIA COUTO;35;PMB
PA;1;Senador;289;RENATA FONSECA;28;PRTB
PA;1;Senador;700;ELIELTON LIRA;70;AVANTE
PB;1;Governador;15;VENEZIANO;15;MDB
PB;1;Governador;45;PEDRO CUNHA LIMA;45;PSDB
PB;1;Governador;16;NASCIMENTO;16;PSTU
PB;1;Governador;40;JOÃO;40;PSB
PB;1;Governador;22;NILVAN FERREIRA;22;PL
PB;1;Governador;28;MAJOR FÁBIO;28;PRTB
PB;1;Governador;50;ADJANY SIMPLICIO;50;PSOL
PB;1;Senador;133;RICARDO COUTINHO;13;PT
PB;1;Senador;400;POLLYANNA;40;PSB
PB;1;Senador;500;ALEXANDRE SOARES;50;PSOL
PB;1;Senador;282;SERGIO QUEIROZ;28;PRTB
PB;1;Senador;123;ANDRE RIBEIRO;12;PDT
PB;1;Senador;444;EFRAIM FILHO;44;UNIÃO
PB;1;Senador;222;BRUNO ROBERTO;22;PL
PB;1;Senador;290;MANOEL MESSIAS;29;PCO
PB;1;Governador;29;ADRIANO TRAJANO;29;PCO
PE;1;Governador;44;MIGUEL COELHO;44;UNIÃO
PE;1;Governador;22;ANDERSON FERREIRA;22;PL
PE;1;Governador;16;CLAUDIA RIBEIRO;16;PSTU
PE;1;Governador;45;RAQUEL LYRA;45;PSDB
PE;1;Governador;50;JOÃO ARNALDO;50;PSOL
PE;1;Governador;40;DANILO CABRAL;40;PSB
PE;1;Governador;21;JONES MANOEL;21;PCB
PE;1;Governador;77;MARÍLIA ARRAES;77;SOLIDARIEDADE
PE;1;Senador;500;EUGÊNIA LIMA;50;PSOL
PE;1;Senador;130;TERESA LEITÃO;13;PT
PE;1;Senador;160;DAYSE MEDEIROS;16;PSTU
PE;1;Senador;444;CARLOS ANDRADE LIMA;44;UNIÃO
PE;1;Senador;456;GUILHERME COELHO;45;PSDB
PE;1;Senador;555;ANDRÉ DE PAULA;55;PSD
PE;1;Senador;222;GILSON MACHADO;22;PL
PE;1;Governador;14;PASTOR WELLINGTON;14;PTB
PE;1;Senador;281;CANTOR ESTEVES JACINTO;28;PRTB
PE;1;Governador;29;UBIRACY OLÍMPIO;29;PCO
PE;1;Senador;290;ROBERTA RITA;29;PCO
PE;1;Governador;35;JADILSON BOMBEIRO;35;PMB
PI;1;Governador;20;GESSY LIMA;20;PSC
PI;1;Governador;51;GUSTAVO HENRIQUE;51;PATRIOTA
PI;1;Governador;50;MADALENA NUNES;50;PSOL
PI;1;Governador;44;SILVIO MENDES;44;UNIÃO
PI;1;Governador;29;LOURDES  MELO;29;PCO
PI;1;Governador;13;RAFAEL FONTELES;13;PT
PI;1;Senador;290;ALBETIZA MOREIRA;29;PCO
PI;1;Senador;333;PROFESSOR AJOSÉ;33;PMN
PI;1;Senador;166;GERVÁSIO SANTOS;16;PSTU
PI;1;Senador;500;GEORGE MÁGNO;50;PSOL
PI;1;Senador;131;WELLINGTON DIAS;13;PT
PI;1;Senador;111;JOEL RODRIGUES;11;PP
PI;1;Governador;22;CORONEL DIEGO MELO;22;PL
PI;1;Governador;33;RAVENNA CASTRO;33;PMN
PI;1;Governador;16;GERALDO CARVALHO;16;PSTU
PR;1;Governador;13;REQUIÃO;13;PT
PR;1;Governador;55;CARLOS MASSA RATINHO JUNIOR;55;PSD
PR;1;Governador;12;GOMYDE;12;PDT
PR;1;Governador;50;PROFESSORA ANGELA;50;PSOL
PR;1;Senador;222;PAULO MARTINS;22;PL
PR;1;Senador;444;SERGIO MORO;44;UNIÃO
PR;1;Senador;433;ROSANE FERREIRA;43;PV
PR;1;Senador;123;DESIREE;12;PDT
PR;1;Senador;155;ORLANDO PESSUTI;15;MDB
PR;1;Senador;500;LAERSON MATIAS;50;PSOL
PR;1;Senador;190;ALVARO DIAS;19;PODE
PR;1;Governador;21;VIVI MOTTA;21;PCB
PR;1;Governador;29;ADRIANO TEIXEIRA;29;PCO
PR;1;Governador;27;JONI CORREIA;27;DC
PR;1;Governador;33;SOLANGE FERREIRA BUENO;33;PMN
PR;1;Senador;900;ALINE SLEUTJES;90;PROS
PR;1;Governador;16;PROFESSOR IVAN;16;PSTU
PR;1;Senador;290;ROBERTO FRANÇA DA SILVA JUNIOR;29;PCO
PR;1;Senador;337;DR SABOIA;33;PMN
RN;1;Governador;33;NAZARENO NERIS;33;PMN
RN;1;Governador;77;FABIO DANTAS;77;SOLIDARIEDADE
RN;1;Governador;13;FATIMA BEZERRA;13;PT
RN;1;Governador;50;DANNIEL MORAIS;50;PSOL
RN;1;Governador;16;ROSÁLIA FERNANDES;16;PSTU
RN;1;Governador;19;CAPITÃO STYVENSON;19;PODE
RN;1;Governador;35;CLORISA LINHARES;35;PMB
RN;1;Senador;222;ROGÉRIO MARINHO;22;PL
RN;1;Senador;400;RAFAEL MOTTA;40;PSB
RN;1;Senador;800;MARCOS DO MLB;80;UP
RN;1;Senador;123;CARLOS EDUARDO;12;PDT
RN;1;Senador;270;VETERINARIA SHIRLEI MEDEIROS;27;DC
RN;1;Senador;500;FREITAS JR.;50;PSOL
RN;1;Senador;192;GERALDO PINHO;19;PODE
RN;1;Senador;333;PASTOR SILVESTRE;33;PMN
RN;1;Senador;166;DÁRIO BARBOSA;16;PSTU
RN;1;Governador;28;BENTO;28;PRTB
RN;1;Senador;282;MARCELO GUERREIRO;28;PRTB
RN;1;Governador;27;RODRIGO VIEIRA;27;DC
RO;1;Governador;77;DANIEL PEREIRA;77;SOLIDARIEDADE
RO;1;Governador;44;CORONEL MARCOS ROCHA;44;UNIÃO
RO;1;Governador;22;MARCOS ROGERIO;22;PL
RO;1;Governador;19;LÉO MORAES;19;PODE
RO;1;Senador;364;DRA ROSANGELA LÁZARO;36;AGIR
RO;1;Senador;111;JAQUELINE CASSOL;11;PP
RO;1;Senador;222;JAIME BAGATTOLI;22;PL
RO;1;Senador;123;ACIR GURGACZ;12;PDT
RO;1;Senador;555;EXPEDITO JUNIOR;55;PSD
RO;1;Senador;100;MARIANA CARVALHO;10;REPUBLICANOS
RO;1;Governador;50;PIMENTA DE RONDONIA;50;PSOL
RO;1;Senador;355;PASTOR JOSINELIO;35;PMB
RR;1;Governador;15;TERESA SURITA;15;MDB
RR;1;Governador;50;FÁBIO ALMEIDA;50;PSOL
RR;1;Governador;11;ANTONIO DENARIUM;11;PP
RR;1;Senador;156;ROMERO JUCÁ;15;MDB
RR;1;Senador;333;JUIZ HELDER GIRÃO;33;PMN
RR;1;Senador;190;OZEAS COLARES;19;PODE
RR;1;Senador;144;DR ILDERSON;14;PTB
RR;1;Senador;111;DR. HIRAN;11;PP
RR;1;Senador;903;TELMARIO MOTA;90;PROS
RR;1;Senador;123;MARANHÃO DO POVÃO;12;PDT
RR;1;Senador;511;MAURICIO COSTA;51;PATRIOTA
RR;1;Senador;500;BARTÔ MACUXI;50;PSOL
RR;1;Governador;43;RUDSON LEITE;43;PV
RR;1;Governador;12;JURACI ESCURINHO;12;PDT
RS;1;Governador;45;EDUARDO LEITE;45;PSDB
RS;1;Governador;30;RICARDO JOBIM;30;NOVO
RS;1;Governador;40;VICENTE BOGO;40;PSB
RS;1;Governador;16;REJANE DE OLIVEIRA;16;PSTU
RS;1;Governador;12;VIEIRA DA CUNHA;12;PDT
RS;1;Governador;22;ONYX LORENZONI;22;PL
RS;1;Governador;11;LUIS CARLOS HEINZE;11;PP
RS;1;Governador;13;EDEGAR PRETTO;13;PT
RS;1;Senador;160;FABIANA SANGUINÉ;16;PSTU
RS;1;Senador;555;ANA AMÉLIA LEMOS;55;PSD
RS;1;Senador;131;OLÍVIO DUTRA;13;PT
RS;1;Senador;400;SANNY FIGUEIREDO;40;PSB
RS;1;Senador;100;HAMILTON MOURÃO;10;REPUBLICANOS
RS;1;Governador;29;CESAR AUGUSTO;29;PCO
RS;1;Governador;21;CARLOS MESSALLA;21;PCB
RS;1;Senador;290;FRANCISCO SETTINERI;29;PCO
RS;1;Senador;700;PROFESSOR NADO;70;AVANTE
RS;1;Senador;111;COMANDANTE NÁDIA;11;PP
RS;1;Governador;20;ARGENTA;20;PSC
RS;1;Senador;200;MARISTELA ZANOTTO;20;PSC
RS;1;Senador;270;PAULO ROSA;27;DC
SC;1;Governador;16;PROFESSOR ALEX ALANO;16;PSTU
SC;1;Governador;10;MOISÉS;10;REPUBLICANOS
SC;1;Governador;12;JORGE BOEIRA;12;PDT
SC;1;Governador;11;ESPERIDIÃO AMIN;11;PP
SC;1;Governador;13;DÉCIO LIMA;13;PT
SC;1;Governador;22;JORGINHO MELLO;22;PL
SC;1;Governador;44;GEAN LOUREIRO;44;UNIÃO
SC;1;Governador;30;ODAIR TRAMONTIN;30;NOVO
SC;1;Senador;222;JORGE SEIF;22;PL
SC;1;Senador;142;KENNEDY NUNES;14;PTB
SC;1;Senador;123;HILDA DEOLA;12;PDT
SC;1;Senador;155;CELSO MALDANER;15;MDB
SC;1;Senador;400;DÁRIO;40;PSB
SC;1;Senador;500;AFRÂNIO BOPPRÉ;50;PSOL
SC;1;Senador;551;RAIMUNDO COLOMBO;55;PSD
SC;1;Senador;300;LUIZ BARBOZA;30;NOVO
SC;1;Senador;161;GILMAR SALGADO;16;PSTU
SC;1;Senador;290;CAROLINE SANT ANNA;29;PCO
SC;1;Governador;90;RALF ZIMMER;90;PROS
SC;1;Governador;29;LEANDRO BORGES;29;PCO
SE;1;Governador;55;FÁBIO;55;PSD
SE;1;Governador;27;DR CLÁUDIO MÉDICO GERIATRA;27;DC
SE;1;Governador;45;DELEGADO ALESSANDRO;45;PSDB
SE;1;Governador;22;VALMIR DE FRANCISQUINHO;22;PL
SE;1;Governador;50;NIULLY CAMPOS;50;PSOL
SE;1;Governador;80;PROF AROLDO FELIX;80;UP
SE;1;Governador;13;ROGÉRIO CARVALHO;13;PT
SE;1;Senador;111;LAÉRCIO;11;PP
SE;1;Senador;190;DELEGADA DANIELLE GARCIA;19;PODE
SE;1;Senador;222;DR. EDUARDO AMORIM;22;PL
SE;1;Senador;500;HENRI CLAY;50;PSOL
SE;1;Senador;404;VALADARES FILHO;40;PSB
SE;1;Senador;270;AIRTON COSTA;27;DC
SE;1;Senador;161;HERALDO GOES;16;PSTU
SE;1;Governador;16;ELINOS SABINO;16;PSTU
TO;1;Governador;35;CORONEL RICARDO MACEDO;35;PMB
TO;1;Governador;13;PAULO MOURÃO;13;PT
TO;1;Governador;22;RONALDO DIMAS;22;PL
TO;1;Governador;55;IRAJÁ;55;PSD
TO;1;Governador;29;CARMEN HANNUD;29;PCO
TO;1;Governador;50;KAROL CHAVES;50;PSOL
TO;1;Governador;10;WANDERLEI BARBOSA;10;REPUBLICANOS
TO;1;Senador;111;KATIA;11;PP
TO;1;Senador;444;PROFESSORA DORINHA;44;UNIÃO
TO;1;Senador;131;VILELA DO PT;13;PT
TO;1;Senador;353;ANDREA SCHMIDT;35;PMB
TO;1;Senador;900;ATAÍDES DE OLIVEIRA;90;PROS
TO;1;Senador;288;MARCELO CLAUDIO;28;PRTB
TO;1;Senador;400;CARLOS AMASTHA;40;PSB
TO;1;Senador;510;PASTOR CLAUDEMIR LOPES;51;PATRIOTA
TO;1;Senador;271;LAZARA MERLEY;27;DC
TO;1;Senador;500;LÚCIA VIANA;50;PSOL
TO;1;Governador;27;DR LUCIANO DO OSWALDO CRUZ;27;DC
RJ;1;Governador;21;EDUARDO SERRA;21;PCB
RJ;1;Governador;40;MARCELO FREIXO;40;PSB
RJ;1;Governador;12;RODRIGO NEVES;12;PDT
RJ;1;Governador;30;PAULO GANIME;30;NOVO
RJ;1;Governador;22;CLÁUDIO CASTRO;22;PL
RJ;1;Senador;142;DANIEL SILVEIRA;14;PTB
RJ;1;Senador;222;ROMÁRIO;22;PL
RJ;1;Senador;133;ANDRE CECILIANO;13;PT
RJ;1;Senador;400;ALESSANDRO MOLON;40;PSB
RJ;1;Senador;444;CLARISSA;44;UNIÃO
RJ;1;Senador;120;CABO DACIOLO;12;PDT
RJ;1;Senador;700;ITAGIBA;70;AVANTE
RJ;1;Senador;800;RAUL;80;UP
RJ;1;Governador;80;JULIETE;80;UP
RJ;1;Governador;16;CYRO GARCIA;16;PSTU
RJ;1;Senador;160;BÁRBARA SINEDINO;16;PSTU
RJ;1;Senador;211;HIRAN ROEDEL;21;PCB
RJ;1;Senador;277;PROF. HELVIO COSTA;27;DC
RJ;1;Governador;29;LUIZ EUGÊNIO;29;PCO
RJ;1;Senador;290;ANTONIO HERMANO;29;PCO
RJ;1;Senador;355;SUED HAIDAR;35;PMB
RJ;1;Governador;35;WILSON WITZEL;35;PMB
BA;1;Governador;44;ACM NETO;44;UNIÃO
BA;1;Governador;22;JOÃO ROMA;22;PL
BA;1;Governador;13;JERÔNIMO;13;PT
BA;1;Governador;50;KLEBER ROSA;50;PSOL
BA;1;Governador;21;GIOVANI DAMICO;21;PCB
BA;1;Senador;500;TÂMARA AZEVEDO;50;PSOL
BA;1;Senador;555;OTTO ALENCAR;55;PSD
BA;1;Senador;222;DOUTORA RAISSA SOARES;22;PL
BA;1;Senador;111;CACÁ LEÃO;11;PP
BA;1;Senador;333;MARCELO BARRETO;33;PMN
BA;1;Senador;290;CICERO  ARAUJO;29;PCO
BA;1;Governador;29;MARCELO MILLET;29;PCO
MG;1;Governador;22;CARLOS VIANA;22;PL
MG;1;Governador;50;LORENE FIGUEIREDO;50;PSOL
MG;1;Governador;30;ZEMA;30;NOVO
MG;1;Governador;55;KALIL;55;PSD
MG;1;Governador;45;MARCUS PESTANA;45;PSDB
MG;1;Senador;111;MARCELO ARO;11;PP
MG;1;Senador;555;ALEXANDRE SILVEIRA;55;PSD
MG;1;Senador;200;CLEITINHO;20;PSC
MG;1;Senador;161;DIRLENE MARQUES;16;PSTU
MG;1;Senador;123;BRUNO MIRANDA;12;PDT
MG;1;Senador;500;SARA AZEVEDO;50;PSOL
MG;1;Governador;80;INDIRA XAVIER;80;UP
MG;1;Governador;16;VANESSA PORTUGAL;16;PSTU
MG;1;Governador;35;CABO TRISTAO;35;PMB
MG;1;Senador;142;PASTOR ALTAMIRO ALVES;14;PTB
MG;1;Governador;21;RENATA REGINA;21;PCB
MG;1;Senador;290;NAOMI DE ALMEIDA;29;PCO
MG;1;Senador;280;IRANI GOMES;28;PRTB
MG;1;Governador;29;LOURDES FRANCISCO;29;PCO
SP;1;Governador;45;RODRIGO GARCIA;45;PSDB
SP;1;Governador;13;FERNANDO HADDAD;13;PT
SP;1;Governador;30;VINICIUS POIT;30;NOVO
SP;1;Governador;10;TARCÍSIO;10;REPUBLICANOS
SP;1;Governador;12;ELVIS CEZAR;12;PDT
SP;1;Senador;211;PROF. TITO BELLINI;21;PCB
SP;1;Senador;300;RICARDO MELLÃO;30;NOVO
SP;1;Senador;155;EDSON APARECIDO;15;MDB
SP;1;Senador;287;JANAINA PASCHOAL;28;PRTB
SP;1;Senador;123;ALDO REBELO;12;PDT
SP;1;Senador;400;MÁRCIO FRANÇA;40;PSB
SP;1;Senador;222;ASTRONAUTA MARCOS PONTES;22;PL
SP;1;Governador;21;GABRIEL COLOMBO;21;PCB
SP;1;Governador;27;ANTONIO JORGE;27;DC
SP;1;Senador;290;ANTÔNIO CARLOS;29;PCO
SP;1;Senador;800;VIVIAN MENDES;80;UP
SP;1;Governador;29;EDSON DORTA;29;PCO
SP;1;Governador;80;CAROL VIGLIAR;80;UP
SP;1;Senador;161;MANCHA COLETIVO SOCIALISTA;16;PSTU
SP;1;Governador;16;ALTINO;16;PSTU
SP;1;Senador;270;DR. AZKOUL;27;DC
AL;2;Governador;15;PAULO DANTAS;15;MDB
AL;2;Governador;44;RODRIGO CUNHA;44;UNIÃO
AM;2;Governador;15;EDUARDO BRAGA;15;MDB
AM;2;Governador;44;WILSON LIMA;44;UNIÃO
ES;2;Governador;22;MANATO;22;PL
ES;2;Governador;40;RENATO CASAGRANDE;40;PSB
MS;2;Governador;45;EDUARDO RIEDEL;45;PSDB
MS;2;Governador;28;CAPITÃO CONTAR;28;PRTB
PB;2;Governador;40;JOÃO;40;PSB
PB;2;Governador;45;PEDRO CUNHA LIMA;45;PSDB
PE;2;Governador;77;MARÍLIA ARRAES;77;SOLIDARIEDADE
PE;2;Governador;45;RAQUEL LYRA;45;PSDB
RO;2;Governador;22;MARCOS ROGERIO;22;PL
RO;2;Governador;44;CORONEL MARCOS ROCHA;44;UNIÃO
RS;2;Governador;22;ONYX LORENZONI;22;PL
RS;2;Governador;45;EDUARDO LEITE;45;PSDB
SC;2;Governador;22;JORGINHO MELLO;22;PL
SC;2;Governador;13;DÉCIO LIMA;13;PT
SE;2;Governador;55;FÁBIO;55;PSD
SE;2;Governador;13;ROGÉRIO CARVALHO;13;PT
BA;2;Governador;44;ACM NETO;44;UNIÃO
BA;2;Governador;13;JERÔNIMO;13;PT
SP;2;Governador;13;FERNANDO HADDAD;13;PT
SP;2;Governador;10;TARCÍSIO;10;REPUBLICANOS
