NR_PARTIDO;SG_PARTIDO;NM_PARTIDO;federacao
10;REPUBLICANOS;REPUBLICANOS;
11;PP;PROGRESSISTAS;
12;PDT;Partido Democrático Trabalhista;
13;PT;Partido dos Trabalhadores;
14;PTB;Partido Trabalhista Brasileiro;
15;MDB;Movimento Democrático Brasileiro;
16;PSTU;Partido Socialista dos Trabalhadores Unificado;
17;P17;Nome Partido 17;
18;REDE;Rede Sustentabilidade;
19;PODE;Podemos;
20;PSC;Partido Social Cristão;
21;PCB;Partido Comunista Brasileiro;
22;PL;Partido Liberal;
23;CIDADANIA;Cidadania;
24;P24;Nome Partido 24;
25;P25;Nome Partido 25;
26;P26;Nome Partido 26;
27;DC;Democracia Cristã;
28;PRTB;Partido Renovador Trabalhista Brasileiro;
29;PCO;Partido da Causa Operária;
30;NOVO;Partido Novo;
31;P31;Nome Partido 31;
33;PMN;Partido da Mobilização Nacional;
35;PMB;Partido da Mulher Brasileira;
36;AGIR;AGIR;
37;P37;Nome Partido 37;
38;P38;Nome Partido 38;
40;PSB;Partido Socialista Brasileiro;
41;P41;Nome Partido 41;
42;P42;Nome Partido 42;
43;PV;Partido Verde;
44;UNIÃO;UNIÃO BRASIL;
45;PSDB;Partido da Social Democracia Brasileira;
47;P47;Nome Partido 47;
50;PSOL;Partido Socialismo e Liberdade;
51;PATRIOTA;Patriota;
54;P54;Nome Partido 54;
55;PSD;Partido Social Democrático;
56;P56;Nome Partido 56;
59;P59;Nome Partido 59;
60;P60;Nome Partido 60;
62;P62;Nome Partido 62;
65;PC do B;Partido Comunista do Brasil;
66;P66;Nome Partido 66;
67;P67;Nome Partido 67;
69;P69;Nome Partido 69;
70;AVANTE;AVANTE;
74;P74;Nome Partido 74;
75;P75;Nome Partido 75;
77;SOLIDARIEDADE;Solidariedade;
78;P78;Nome Partido 78;
80;UP;Unidade Popular;
81;P81;Nome Partido 81;
85;P85;Nome Partido 85;
87;P87;Nome Partido 87;
89;P89;Nome Partido 89;
90;PROS;Partido Republicano da Ordem Social;
