ID_SECAO;SG_UF;QT_COMPARECIMENTO;soma_cargo;diff;cargo
AC_1007_9_1;AC;261;0;-261.0;GOV
AC_1007_9_2;AC;263;0;-263.0;GOV
AC_1007_9_3;AC;243;0;-243.0;GOV
AC_1007_9_4;AC;251;0;-251.0;GOV
AC_1007_9_5;AC;224;0;-224.0;GOV
AC_1007_9_6;AC;238;0;-238.0;GOV
AC_1007_9_7;AC;212;0;-212.0;GOV
AC_1007_9_8;AC;182;0;-182.0;GOV
AC_1007_9_9;AC;214;0;-214.0;GOV
AC_1007_9_10;AC;193;0;-193.0;GOV
AC_1007_9_120;AC;237;0;-237.0;GOV
AC_1007_9_136;AC;162;0;-162.0;GOV
AC_1007_9_137;AC;231;0;-231.0;GOV
AC_1007_9_163;AC;115;0;-115.0;GOV
AC_1007_9_186;AC;221;0;-221.0;GOV
AC_1007_9_192;AC;239;0;-239.0;GOV
AC_1007_9_200;AC;180;0;-180.0;GOV
AC_1007_9_201;AC;163;0;-163.0;GOV
AC_1007_9_202;AC;233;0;-233.0;GOV
AC_1007_9_208;AC;238;0;-238.0;GOV
AC_1007_9_212;AC;228;0;-228.0;GOV
AC_1007_9_237;AC;198;0;-198.0;GOV
AC_1007_9_242;AC;181;0;-181.0;GOV
AC_1007_9_252;AC;188;0;-188.0;GOV
AC_1007_9_304;AC;200;0;-200.0;GOV
AC_1007_9_305;AC;207;0;-207.0;GOV
AC_1007_9_310;AC;95;0;-95.0;GOV
AC_1007_9_411;AC;112;0;-112.0;GOV
AC_1007_9_412;AC;183;0;-183.0;GOV
AC_1007_9_413;AC;72;0;-72.0;GOV
