turno,uf,marca,urnas,votos_presidente_22,votos_presidente_13
1,AC,Diebold,1215,142468,74345
1,AC,Positivo,909,133114,54677
1,AL,Diebold,4245,299340,675939
1,AL,Positivo,2381,322175,298217
1,AM,Diebold,4280,357169,657786
1,AM,Positivo,3173,523029,361898
1,AP,Diebold,1017,101436,122579
1,AP,Positivo,723,86185,74803
1,BA,Diebold,21374,1162044,3552011
1,BA,Positivo,13050,885555,2321070
1,CE,Diebold,13231,538591,2107705
1,CE,Positivo,9565,839236,1470650
1,DF,Diebold,2816,377005,267067
1,DF,Positivo,3932,533392,382467
1,ES,Diebold,5900,716297,600893
1,ES,Positivo,3339,443733,296455
1,GO,Diebold,8411,1001624,855344
1,GO,Positivo,6209,918579,599379
1,MA,Diebold,9609,449753,1530084
1,MA,Positivo,6814,534108,1073370
1,MG,Diebold,30313,2913362,3419080
1,MG,Positivo,19668,2325902,2383491
1,MS,Diebold,3859,405572,332990
1,MS,Positivo,3053,388634,255333
1,MT,Diebold,4330,639058,313620
1,MT,Positivo,3322,463808,320128
1,PA,Diebold,10447,1043059,1282893
1,PA,Positivo,7788,841614,1160837
1,PB,Diebold,5079,245525,882114
1,PB,Positivo,4523,471891,672754
1,PE,Diebold,12271,741323,2206872
1,PE,Positivo,8301,889615,1351450
1,PI,Diebold,5222,195094,866264
1,PI,Positivo,3741,211803,651744
1,PR,Diebold,15299,2105399,1383616
1,PR,Positivo,10422,1523213,979876
1,RJ,Diebold,19830,2758290,2037020
1,RJ,Positivo,14238,2072956,1810123
1,RN,Diebold,4009,247124,687098
1,RN,Positivo,3665,375607,577081
1,RO,Diebold,2545,352865,147767
1,RO,Positivo,1653,228441,113982
1,RR,Diebold,237,27933,17992
1,RR,Positivo,1031,179654,50768
1,RS,Diebold,16409,1928219,1581547
1,RS,Positivo,10792,1316804,1225125
1,SC,Diebold,9562,1553467,715006
1,SC,Positivo,6680,1140939,564210
1,SE,Diebold,3141,174713,493131
1,SE,Positivo,2357,203897,335585
1,SP,Diebold,61396,7429540,6527865
1,SP,Positivo,39677,4810449,3962167
1,TO,Diebold,2318,216485,261062
1,TO,Positivo,1639,162709,173241
1,ZZ,Diebold,1014,122548,138933
2,AC,Diebold,1215,142931,66547
2,AC,Positivo,909,144819,55019
2,AL,Diebold,4245,325432,672065
2,AL,Positivo,2381,362395,304766
2,AM,Diebold,4280,380233,637344
2,AM,Positivo,3173,581508,367647
2,AP,Diebold,1017,105205,112918
2,AP,Positivo,723,95342,77000
2,BA,Diebold,21374,1315366,3660700
2,BA,Positivo,13050,1041662,2437115
2,CE,Diebold,13231,641560,2225573
2,CE,Positivo,9565,992917,1582318
2,DF,Diebold,2816,432111,297802
2,DF,Positivo,3932,609220,431493
2,ES,Diebold,5900,793636,614493
2,ES,Positivo,3339,488509,312274
2,GO,Diebold,8411,1137988,894184
2,GO,Positivo,6209,1055053,647931
2,MA,Diebold,9609,485335,1551753
2,MA,Positivo,6814,597414,1116672
2,MG,Diebold,30313,3381017,3622416
2,MG,Positivo,19668,2760293,2568544
2,MS,Diebold,3859,444746,332211
2,MS,Positivo,3053,435860,267336
2,MT,Diebold,4330,702704,321390
2,MT,Positivo,3322,514026,331396
2,PA,Diebold,10447,1123649,1282258
2,PA,Positivo,7788,950246,1226826
2,PB,Diebold,5079,274874,903775
2,PB,Positivo,4523,527628,698178
2,PE,Diebold,12271,817681,2250863
2,PE,Positivo,8301,981151,1390070
2,PI,Diebold,5222,221721,878423
2,PI,Positivo,3741,245344,672960
2,PR,Diebold,15299,2379866,1446622
2,PR,Positivo,10422,1779477,1059983
2,RJ,Diebold,19830,3058693,2171511
2,RJ,Positivo,14238,2345201,1984706
2,RN,Diebold,4009,282643,715665
2,RN,Positivo,3665,428738,611120
2,RO,Diebold,2545,381681,147430
2,RO,Positivo,1653,251555,115474
2,RR,Diebold,237,26260,16497
2,RR,Positivo,1031,187258,50631
2,RS,Diebold,16409,2205097,1607493
2,RS,Positivo,10792,1528088,1284358
2,SC,Diebold,9562,1753319,745618
2,SC,Positivo,6680,1294311,606300
2,SE,Diebold,3141,190350,507366
2,SE,Positivo,2357,230736,355585
2,SP,Diebold,61350,8632511,7139230
2,SP,Positivo,39723,5584076,4380652
2,TO,Diebold,2318,234760,259397
2,TO,Positivo,1639,176894,175196
2,ZZ,Diebold,1017,145264,152905
