turno,uf,marca,cargo_codigo,cargo,ideologia,presidente,numero,urnas_com_cargo,urnas_comparadas,urnas_sem_presidencia,votos_partidarios,votos_com_score,votos_sem_score,votos_presidente,votos_estimados,diferenca_votos,diferenca_percentual,cobertura_score_percentual,situacao,metodo_estimativa,cobertura_referencia_1t
1,AC,Diebold,1,Deputados Estaduais,Direita,Bolsonaro,22,1215,1215,0,234147,234147,0,142468,140179.88999999998,2288.110000000015,1.6322669392878186,100.0,completo,,
1,AC,Diebold,1,Deputados Estaduais,Esquerda,Lula,13,1215,1215,0,234147,234147,0,74345,93967.10999999999,-19622.109999999986,-20.881891546946573,100.0,completo,,
1,AC,Diebold,2,Deputados Federais,Direita,Bolsonaro,22,1215,1215,0,232680,232680,0,142468,140722.94,1745.0599999999977,1.2400678951136168,100.0,completo,,
1,AC,Diebold,2,Deputados Federais,Esquerda,Lula,13,1215,1215,0,232680,232680,0,74345,91957.06,-17612.059999999998,-19.152482691377905,100.0,completo,,
1,AC,Diebold,3,Senadores,Direita,Bolsonaro,22,1215,1215,0,219109,219109,0,142468,95519.23333333332,46948.76666666668,49.15111337088482,100.0,completo,,
1,AC,Diebold,3,Senadores,Esquerda,Lula,13,1215,1215,0,219109,219109,0,74345,123589.76666666666,-49244.76666666666,-39.845343182404804,100.0,completo,,
1,AC,Diebold,4,Governadores,Direita,Bolsonaro,22,1215,1215,0,224833,224833,0,142468,140165.91666666666,2302.083333333343,1.642398799993594,100.0,completo,,
1,AC,Diebold,4,Governadores,Esquerda,Lula,13,1215,1215,0,224833,224833,0,74345,84667.08333333333,-10322.083333333328,-12.191377010939897,100.0,completo,,
1,AC,Positivo,1,Deputados Estaduais,Direita,Bolsonaro,22,909,909,0,205356,205356,0,133114,115916.05666666663,17197.943333333373,14.836549679039335,100.0,completo,,
1,AC,Positivo,1,Deputados Estaduais,Esquerda,Lula,13,909,909,0,205356,205356,0,54677,89439.94333333333,-34762.94333333333,-38.867358405824874,100.0,completo,,
1,AC,Positivo,2,Deputados Federais,Direita,Bolsonaro,22,909,909,0,201718,201718,0,133114,117190.92,15923.080000000002,13.587298401616788,100.0,completo,,
1,AC,Positivo,2,Deputados Federais,Esquerda,Lula,13,909,909,0,201718,201718,0,54677,84527.07999999999,-29850.079999999987,-35.31422119396529,100.0,completo,,
1,AC,Positivo,3,Senadores,Direita,Bolsonaro,22,909,909,0,192840,192840,0,133114,77468.81666666665,55645.18333333335,71.82913813278422,100.0,completo,,
1,AC,Positivo,3,Senadores,Esquerda,Lula,13,909,909,0,192840,192840,0,54677,115371.18333333333,-60694.183333333334,-52.607749682149105,100.0,completo,,
1,AC,Positivo,4,Governadores,Direita,Bolsonaro,22,909,909,0,201767,201767,0,133114,121650.83333333333,11463.166666666672,9.423007103664172,100.0,completo,,
1,AC,Positivo,4,Governadores,Esquerda,Lula,13,909,909,0,201767,201767,0,54677,80116.16666666666,-25439.166666666657,-31.752850548266366,100.0,completo,,
1,AL,Diebold,1,Deputados Estaduais,Direita,Bolsonaro,22,4245,4245,0,1019666,1019666,0,299340,587955.0000000001,-288615.0000000001,-49.087940403602325,100.0,completo,,
1,AL,Diebold,1,Deputados Estaduais,Esquerda,Lula,13,4245,4245,0,1019666,1019666,0,675939,431711.00000000006,244227.99999999994,56.57210494983911,100.0,completo,,
1,AL,Diebold,2,Deputados Federais,Direita,Bolsonaro,22,4245,4245,0,1013469,1013469,0,299340,629916.8866666666,-330576.8866666666,-52.47944509250759,100.0,completo,,
1,AL,Diebold,2,Deputados Federais,Esquerda,Lula,13,4245,4245,0,1013469,1013469,0,675939,383552.1133333333,292386.8866666667,76.23133245848193,100.0,completo,,
1,AL,Diebold,3,Senadores,Direita,Bolsonaro,22,4245,4245,0,917242,917242,0,299340,583275.8166666667,-283935.81666666665,-48.679511228378544,100.0,completo,,
1,AL,Diebold,3,Senadores,Esquerda,Lula,13,4245,4245,0,917242,917242,0,675939,333966.18333333335,341972.81666666665,102.39743834343304,100.0,completo,,
1,AL,Diebold,4,Governadores,Direita,Bolsonaro,22,4245,4245,0,918925,918925,0,299340,493284.05,-193944.05,-39.3169108143675,100.0,completo,,
1,AL,Diebold,4,Governadores,Esquerda,Lula,13,4245,4245,0,918925,918925,0,675939,425640.95,250298.05,58.804974004498376,100.0,completo,,
1,AL,Positivo,1,Deputados Estaduais,Direita,Bolsonaro,22,2381,2381,0,650958,650958,0,322175,355012.5,-32837.5,-9.249674307242707,100.0,completo,,
1,AL,Positivo,1,Deputados Estaduais,Esquerda,Lula,13,2381,2381,0,650958,650958,0,298217,295945.49999999994,2271.500000000058,0.767539969352482,100.0,completo,,
1,AL,Positivo,2,Deputados Federais,Direita,Bolsonaro,22,2381,2381,0,642092,642092,0,322175,330472.93000000005,-8297.930000000051,-2.510925781424833,100.0,completo,,
1,AL,Positivo,2,Deputados Federais,Esquerda,Lula,13,2381,2381,0,642092,642092,0,298217,311619.0699999999,-13402.06999999989,-4.30078621311587,100.0,completo,,
1,AL,Positivo,3,Senadores,Direita,Bolsonaro,22,2381,2381,0,595458,595458,0,322175,426841.1833333333,-104666.18333333329,-24.52110701126894,100.0,completo,,
1,AL,Positivo,3,Senadores,Esquerda,Lula,13,2381,2381,0,595458,595458,0,298217,168616.81666666665,129600.18333333335,76.86076981843154,100.0,completo,,
1,AL,Positivo,4,Governadores,Direita,Bolsonaro,22,2381,2381,0,601206,601206,0,322175,338624.45,-16449.45000000001,-4.857726605388358,100.0,completo,,
1,AL,Positivo,4,Governadores,Esquerda,Lula,13,2381,2381,0,601206,601206,0,298217,262581.55000000005,35635.44999999995,13.571193406391258,100.0,completo,,
1,AM,Diebold,1,Deputados Estaduais,Direita,Bolsonaro,22,4280,4280,0,1044292,1044292,0,357169,584097.8233333332,-226928.82333333325,-38.85116743601172,100.0,completo,,
1,AM,Diebold,1,Deputados Estaduais,Esquerda,Lula,13,4280,4280,0,1044292,1044292,0,657786,460194.17666666664,197591.82333333336,42.93661966010826,100.0,completo,,
1,AM,Diebold,2,Deputados Federais,Direita,Bolsonaro,22,4280,4280,0,1061921,1061921,0,357169,614137.7133333331,-256968.71333333314,-41.842197239214194,100.0,completo,,
1,AM,Diebold,2,Deputados Federais,Esquerda,Lula,13,4280,4280,0,1061921,1061921,0,657786,447783.2866666666,210002.71333333338,46.898292005628385,100.0,completo,,
1,AM,Diebold,3,Senadores,Direita,Bolsonaro,22,4280,4280,0,1009402,1009402,0,357169,639360.6666666666,-282191.6666666666,-44.13653847958533,100.0,completo,,
1,AM,Diebold,3,Senadores,Esquerda,Lula,13,4280,4280,0,1009402,1009402,0,657786,370041.3333333334,287744.6666666666,77.76014211025073,100.0,completo,,
1,AM,Diebold,4,Governadores,Direita,Bolsonaro,22,4280,4280,0,1014971,1014971,0,357169,486573.99999999994,-129404.99999999994,-26.595132497831774,100.0,completo,,
1,AM,Diebold,4,Governadores,Esquerda,Lula,13,4280,4280,0,1014971,1014971,0,657786,528397.0,129389.0,24.487080736643097,100.0,completo,,
1,AM,Positivo,1,Deputados Estaduais,Direita,Bolsonaro,22,3173,3173,0,928053,928053,0,523029,489171.3966666666,33857.60333333339,6.92141927431722,100.0,completo,,
1,AM,Positivo,1,Deputados Estaduais,Esquerda,Lula,13,3173,3173,0,928053,928053,0,361898,438881.6033333334,-76983.60333333339,-17.54085902636111,100.0,completo,,
1,AM,Positivo,2,Deputados Federais,Direita,Bolsonaro,22,3173,3173,0,931574,931574,0,523029,493974.29333333333,29054.706666666665,5.881825645339922,100.0,completo,,
1,AM,Positivo,2,Deputados Federais,Esquerda,Lula,13,3173,3173,0,931574,931574,0,361898,437599.7066666666,-75701.7066666666,-17.299304710076267,100.0,completo,,
1,AM,Positivo,3,Senadores,Direita,Bolsonaro,22,3173,3173,0,883368,883368,0,523029,653620.0833333334,-130591.08333333337,-19.979661987640373,100.0,completo,,
1,AM,Positivo,3,Senadores,Esquerda,Lula,13,3173,3173,0,883368,883368,0,361898,229747.9166666667,132150.0833333333,57.51960028654592,100.0,completo,,
1,AM,Positivo,4,Governadores,Direita,Bolsonaro,22,3173,3173,0,899429,899429,0,523029,388619.58333333326,134409.41666666674,34.586372491521836,100.0,completo,,
1,AM,Positivo,4,Governadores,Esquerda,Lula,13,3173,3173,0,899429,899429,0,361898,510809.41666666674,-148911.41666666674,-29.152050022570396,100.0,completo,,
1,AP,Diebold,1,Deputados Estaduais,Direita,Bolsonaro,22,1017,1017,0,245886,245886,0,101436,120644.8,-19208.800000000003,-15.92178030051855,100.0,completo,,
1,AP,Diebold,1,Deputados Estaduais,Esquerda,Lula,13,1017,1017,0,245886,245886,0,122579,125241.2,-2662.199999999997,-2.12565832968703,100.0,completo,,
1,AP,Diebold,2,Deputados Federais,Direita,Bolsonaro,22,1017,1017,0,242826,242826,0,101436,141137.77666666667,-39701.77666666667,-28.12980167629583,100.0,completo,,
1,AP,Diebold,2,Deputados Federais,Esquerda,Lula,13,1017,1017,0,242826,242826,0,122579,101688.22333333333,20890.776666666672,20.543948927288103,100.0,completo,,
1,AP,Diebold,3,Senadores,Direita,Bolsonaro,22,1017,1017,0,233617,233617,0,101436,114536.29333333333,-13100.293333333335,-11.437678793400218,100.0,completo,,
1,AP,Diebold,3,Senadores,Esquerda,Lula,13,1017,1017,0,233617,233617,0,122579,119080.70666666667,3498.293333333335,2.9377498935455826,100.0,completo,,
1,AP,Diebold,4,Governadores,Direita,Bolsonaro,22,1017,1017,0,235100,235100,0,101436,73897.91666666666,27538.083333333343,37.26503340757241,100.0,completo,,
1,AP,Diebold,4,Governadores,Esquerda,Lula,13,1017,1017,0,235100,235100,0,122579,161202.08333333334,-38623.08333333334,-23.95941946573271,100.0,completo,,
1,AP,Positivo,1,Deputados Estaduais,Direita,Bolsonaro,22,723,723,0,184096,184096,0,86185,94495.68333333335,-8310.683333333349,-8.794775634372021,100.0,completo,,
1,AP,Positivo,1,Deputados Estaduais,Esquerda,Lula,13,723,723,0,184096,184096,0,74803,89600.31666666667,-14797.316666666666,-16.514803984137703,100.0,completo,,
1,AP,Positivo,2,Deputados Federais,Direita,Bolsonaro,22,723,723,0,181416,181416,0,86185,106156.12,-19971.119999999995,-18.812970933753036,100.0,completo,,
1,AP,Positivo,2,Deputados Federais,Esquerda,Lula,13,723,723,0,181416,181416,0,74803,75259.87999999999,-456.8799999999901,-0.6070697960187998,100.0,completo,,
1,AP,Positivo,3,Senadores,Direita,Bolsonaro,22,723,723,0,175893,175893,0,86185,85781.88333333333,403.1166666666686,0.4699321709926041,100.0,completo,,
1,AP,Positivo,3,Senadores,Esquerda,Lula,13,723,723,0,175893,175893,0,74803,90111.11666666667,-15308.116666666669,-16.988044575336335,100.0,completo,,
1,AP,Positivo,4,Governadores,Direita,Bolsonaro,22,723,723,0,178712,178712,0,86185,60255.08333333333,25929.91666666667,43.03357531383938,100.0,completo,,
1,AP,Positivo,4,Governadores,Esquerda,Lula,13,723,723,0,178712,178712,0,74803,118456.91666666669,-43653.916666666686,-36.85214666654474,100.0,completo,,
1,BA,Diebold,1,Deputados Estaduais,Direita,Bolsonaro,22,21374,21374,0,4755461,4755461,0,1162044,2142955.053333333,-980911.0533333332,-45.77375768136347,100.0,completo,,
1,BA,Diebold,1,Deputados Estaduais,Esquerda,Lula,13,21374,21374,0,4755461,4755461,0,3552011,2612505.9466666663,939505.0533333337,35.96183405944249,100.0,completo,,
1,BA,Diebold,2,Deputados Federais,Direita,Bolsonaro,22,21374,21374,0,4753841,4753841,0,1162044,2317490.03,-1155446.0299999998,-49.85764836278497,100.0,completo,,
1,BA,Diebold,2,Deputados Federais,Esquerda,Lula,13,21374,21374,0,4753841,4753841,0,3552011,2436350.97,1115660.0299999998,45.79225422517838,100.0,completo,,
1,BA,Diebold,3,Senadores,Direita,Bolsonaro,22,21374,21374,0,4293145,4293145,0,1162044,2868203.75,-1706159.75,-59.48530504501293,100.0,completo,,
1,BA,Diebold,3,Senadores,Esquerda,Lula,13,21374,21374,0,4293145,4293145,0,3552011,1424941.25,2127069.75,149.27420691905718,100.0,completo,,
1,BA,Diebold,4,Governadores,Direita,Bolsonaro,22,21374,21374,0,4775537,4775537,0,1162044,1323414.8333333333,-161370.83333333326,-12.193518560380845,100.0,completo,,
1,BA,Diebold,4,Governadores,Esquerda,Lula,13,21374,21374,0,4775537,4775537,0,3552011,3452122.1666666665,99888.83333333349,2.8935486205514227,100.0,completo,,
1,BA,Positivo,1,Deputados Estaduais,Direita,Bolsonaro,22,13050,13050,0,3190460,3190460,0,885555,1430709.6600000004,-545154.6600000004,-38.10379388925076,100.0,completo,,
1,BA,Positivo,1,Deputados Estaduais,Esquerda,Lula,13,13050,13050,0,3190460,3190460,0,2321070,1759750.3399999996,561319.6600000004,31.897687259432516,100.0,completo,,
1,BA,Positivo,2,Deputados Federais,Direita,Bolsonaro,22,13050,13050,0,3216067,3216067,0,885555,1524857.653333333,-639302.6533333331,-41.92539886826944,100.0,completo,,
1,BA,Positivo,2,Deputados Federais,Esquerda,Lula,13,13050,13050,0,3216067,3216067,0,2321070,1691209.3466666667,629860.6533333333,37.243210284686135,100.0,completo,,
1,BA,Positivo,3,Senadores,Direita,Bolsonaro,22,13050,13050,0,2941665,2941665,0,885555,1988440.3333333335,-1102885.3333333335,-55.46484422212987,100.0,completo,,
1,BA,Positivo,3,Senadores,Esquerda,Lula,13,13050,13050,0,2941665,2941665,0,2321070,953224.6666666666,1367845.3333333335,143.4966363298754,100.0,completo,,
1,BA,Positivo,4,Governadores,Direita,Bolsonaro,22,13050,13050,0,3354331,3354331,0,885555,1077905.1666666667,-192350.16666666674,-17.844813497043887,100.0,completo,,
1,BA,Positivo,4,Governadores,Esquerda,Lula,13,13050,13050,0,3354331,3354331,0,2321070,2276425.8333333335,44644.16666666651,1.9611518202327982,100.0,completo,,
1,CE,Diebold,1,Deputados Estaduais,Direita,Bolsonaro,22,13231,13231,0,2719701,2719701,0,538591,1224119.0333333332,-685528.0333333332,-56.00174612648644,100.0,completo,,
1,CE,Diebold,1,Deputados Estaduais,Esquerda,Lula,13,13231,13231,0,2719701,2719701,0,2107705,1495581.9666666668,612123.0333333332,40.928751949157615,100.0,completo,,
1,CE,Diebold,2,Deputados Federais,Direita,Bolsonaro,22,13231,13231,0,2725896,2725896,0,538591,1471174.2033333334,-932583.2033333334,-63.39039939799923,100.0,completo,,
1,CE,Diebold,2,Deputados Federais,Esquerda,Lula,13,13231,13231,0,2725896,2725896,0,2107705,1254721.7966666666,852983.2033333334,67.9818590542856,100.0,completo,,
1,CE,Diebold,3,Senadores,Direita,Bolsonaro,22,13231,13231,0,2576392,2576392,0,538591,133621.5,404969.5,303.07211040139504,100.0,completo,,
1,CE,Diebold,3,Senadores,Esquerda,Lula,13,13231,13231,0,2576392,2576392,0,2107705,2442770.5,-335065.5,-13.71661807771135,100.0,completo,,
1,CE,Diebold,4,Governadores,Direita,Bolsonaro,22,13231,13231,0,2738979,2738979,0,538591,503036.5,35554.5,7.067976180654889,100.0,completo,,
1,CE,Diebold,4,Governadores,Esquerda,Lula,13,13231,13231,0,2738979,2738979,0,2107705,2235942.5,-128237.5,-5.735277181770105,100.0,completo,,
1,CE,Positivo,1,Deputados Estaduais,Direita,Bolsonaro,22,9565,9565,0,2378909,2378909,0,839236,1190783.6333333333,-351547.6333333333,-29.52237698709833,100.0,completo,,
1,CE,Positivo,1,Deputados Estaduais,Esquerda,Lula,13,9565,9565,0,2378909,2378909,0,1470650,1188125.3666666667,282524.6333333333,23.77902545132653,100.0,completo,,
1,CE,Positivo,2,Deputados Federais,Direita,Bolsonaro,22,9565,9565,0,2399684,2399684,0,839236,1350296.2666666664,-511060.2666666664,-37.84801004658532,100.0,completo,,
1,CE,Positivo,2,Deputados Federais,Esquerda,Lula,13,9565,9565,0,2399684,2399684,0,1470650,1049387.7333333332,421262.26666666684,40.14362406624918,100.0,completo,,
1,CE,Positivo,3,Senadores,Direita,Bolsonaro,22,9565,9565,0,2282555,2282555,0,839236,175455.24999999997,663780.75,378.31911555795574,100.0,completo,,
1,CE,Positivo,3,Senadores,Esquerda,Lula,13,9565,9565,0,2282555,2282555,0,1470650,2107099.75,-636449.75,-30.205012838143997,100.0,completo,,
1,CE,Positivo,4,Governadores,Direita,Bolsonaro,22,9565,9565,0,2459913,2459913,0,839236,689591.5833333334,149644.41666666663,21.700441287771888,100.0,completo,,
1,CE,Positivo,4,Governadores,Esquerda,Lula,13,9565,9565,0,2459913,2459913,0,1470650,1770321.4166666667,-299671.41666666674,-16.927514622227037,100.0,completo,,
1,DF,Diebold,2,Deputados Federais,Direita,Bolsonaro,22,2816,2816,0,668735,668735,0,377005,385129.7266666667,-8124.726666666684,-2.1096077773551603,100.0,completo,,
1,DF,Diebold,2,Deputados Federais,Esquerda,Lula,13,2816,2816,0,668735,668735,0,267067,283605.2733333333,-16538.273333333316,-5.831440698881218,100.0,completo,,
1,DF,Diebold,3,Senadores,Direita,Bolsonaro,22,2816,2816,0,647039,647039,0,377005,468311.9166666666,-91306.91666666663,-19.497030380214888,100.0,completo,,
1,DF,Diebold,3,Senadores,Esquerda,Lula,13,2816,2816,0,647039,647039,0,267067,178727.0833333333,88339.91666666669,49.427269230320924,100.0,completo,,
1,DF,Diebold,4,Governadores,Direita,Bolsonaro,22,2816,2816,0,675146,675146,0,377005,278253.6666666667,98751.33333333331,35.48967908179706,100.0,completo,,
1,DF,Diebold,4,Governadores,Esquerda,Lula,13,2816,2816,0,675146,675146,0,267067,396892.33333333326,-129825.33333333326,-32.710466398527885,100.0,completo,,
1,DF,Diebold,7,Deputados Distritais,Direita,Bolsonaro,22,2816,2816,0,688953,688953,0,377005,353578.6066666666,23426.393333333428,6.62551209027713,100.0,completo,,
1,DF,Diebold,7,Deputados Distritais,Esquerda,Lula,13,2816,2816,0,688953,688953,0,267067,335374.39333333337,-68307.39333333337,-20.36750410620697,100.0,completo,,
1,DF,Positivo,2,Deputados Federais,Direita,Bolsonaro,22,3932,3932,0,967172,967172,0,533392,529428.7933333332,3963.2066666667815,0.7485816254371169,100.0,completo,,
1,DF,Positivo,2,Deputados Federais,Esquerda,Lula,13,3932,3932,0,967172,967172,0,382467,437743.2066666666,-55276.20666666661,-12.627541861262603,100.0,completo,,
1,DF,Positivo,3,Senadores,Direita,Bolsonaro,22,3932,3932,0,941673,941673,0,533392,655848.4333333332,-122456.43333333323,-18.671453206185383,100.0,completo,,
1,DF,Positivo,3,Senadores,Esquerda,Lula,13,3932,3932,0,941673,941673,0,382467,285824.56666666665,96642.43333333335,33.81180087505891,100.0,completo,,
1,DF,Positivo,4,Governadores,Direita,Bolsonaro,22,3932,3932,0,980270,980270,0,533392,394683.3333333334,138708.66666666663,35.1442928930366,100.0,completo,,
1,DF,Positivo,4,Governadores,Esquerda,Lula,13,3932,3932,0,980270,980270,0,382467,585586.6666666666,-203119.66666666663,-34.68652519410733,100.0,completo,,
1,DF,Positivo,7,Deputados Distritais,Direita,Bolsonaro,22,3932,3932,0,982480,982480,0,533392,494991.7566666666,38400.243333333405,7.757754107245174,100.0,completo,,
1,DF,Positivo,7,Deputados Distritais,Esquerda,Lula,13,3932,3932,0,982480,982480,0,382467,487488.24333333335,-105021.24333333335,-21.543338689610657,100.0,completo,,
1,ES,Diebold,1,Deputados Estaduais,Direita,Bolsonaro,22,5900,5900,0,1339691,1339691,0,716297,791910.4900000001,-75613.4900000001,-9.548236947839916,100.0,completo,,
1,ES,Diebold,1,Deputados Estaduais,Esquerda,Lula,13,5900,5900,0,1339691,1339691,0,600893,547780.51,53112.48999999999,9.695943727534218,100.0,completo,,
1,ES,Diebold,2,Deputados Federais,Direita,Bolsonaro,22,5900,5900,0,1325494,1325494,0,716297,796487.76,-80190.76000000001,-10.068046745627324,100.0,completo,,
1,ES,Diebold,2,Deputados Federais,Esquerda,Lula,13,5900,5900,0,1325494,1325494,0,600893,529006.24,71886.76000000001,13.589019290207238,100.0,completo,,
1,ES,Diebold,3,Senadores,Direita,Bolsonaro,22,5900,5900,0,1239850,1239850,0,716297,949558.0833333334,-233261.08333333337,-24.565225385106782,100.0,completo,,
1,ES,Diebold,3,Senadores,Esquerda,Lula,13,5900,5900,0,1239850,1239850,0,600893,290291.9166666667,310601.0833333333,106.99611856226329,100.0,completo,,
1,ES,Diebold,4,Governadores,Direita,Bolsonaro,22,5900,5900,0,1322018,1322018,0,716297,595015.1666666666,121281.83333333337,20.382981834356606,100.0,completo,,
1,ES,Diebold,4,Governadores,Esquerda,Lula,13,5900,5900,0,1322018,1322018,0,600893,727002.8333333333,-126109.83333333326,-17.346539456402844,100.0,completo,,
1,ES,Positivo,1,Deputados Estaduais,Direita,Bolsonaro,22,3339,3339,0,759051,759051,0,443733,431932.4766666667,11800.523333333316,2.732029650653023,100.0,completo,,
1,ES,Positivo,1,Deputados Estaduais,Esquerda,Lula,13,3339,3339,0,759051,759051,0,296455,327118.5233333333,-30663.523333333316,-9.373826654899398,100.0,completo,,
1,ES,Positivo,2,Deputados Federais,Direita,Bolsonaro,22,3339,3339,0,759443,759443,0,443733,485886.5866666667,-42153.58666666673,-8.675602048587816,100.0,completo,,
1,ES,Positivo,2,Deputados Federais,Esquerda,Lula,13,3339,3339,0,759443,759443,0,296455,273556.41333333333,22898.58666666667,8.370699991143816,100.0,completo,,
1,ES,Positivo,3,Senadores,Direita,Bolsonaro,22,3339,3339,0,717500,717500,0,443733,565248.1666666666,-121515.16666666663,-21.4976666590987,100.0,completo,,
1,ES,Positivo,3,Senadores,Esquerda,Lula,13,3339,3339,0,717500,717500,0,296455,152251.83333333334,144203.16666666666,94.71358308766943,100.0,completo,,
1,ES,Positivo,4,Governadores,Direita,Bolsonaro,22,3339,3339,0,758630,758630,0,443733,381999.0833333334,61733.91666666663,16.160749949443588,100.0,completo,,
1,ES,Positivo,4,Governadores,Esquerda,Lula,13,3339,3339,0,758630,758630,0,296455,376630.9166666666,-80175.91666666663,-21.28766203694996,100.0,completo,,
1,GO,Diebold,1,Deputados Estaduais,Direita,Bolsonaro,22,8411,8411,0,1899875,1899875,0,1001624,1064892.4666666668,-63268.46666666679,-5.941300990203279,100.0,completo,,
1,GO,Diebold,1,Deputados Estaduais,Esquerda,Lula,13,8411,8411,0,1899875,1899875,0,855344,834982.5333333333,20361.466666666674,2.438550011984275,100.0,completo,,
1,GO,Diebold,2,Deputados Federais,Direita,Bolsonaro,22,8411,8411,0,1885115,1885115,0,1001624,1191075.4733333334,-189451.4733333334,-15.905916759677385,100.0,completo,,
1,GO,Diebold,2,Deputados Federais,Esquerda,Lula,13,8411,8411,0,1885115,1885115,0,855344,694039.5266666666,161304.4733333334,23.241395790243622,100.0,completo,,
1,GO,Diebold,3,Senadores,Direita,Bolsonaro,22,8411,8411,0,1724163,1724163,0,1001624,1162937.5,-161313.5,-13.871209759767833,100.0,completo,,
1,GO,Diebold,3,Senadores,Esquerda,Lula,13,8411,8411,0,1724163,1724163,0,855344,561225.5,294118.5,52.40647475925453,100.0,completo,,
1,GO,Diebold,4,Governadores,Direita,Bolsonaro,22,8411,8411,0,1892091,1892091,0,1001624,1142530.1766666668,-140906.17666666675,-12.332818821272685,100.0,completo,,
1,GO,Diebold,4,Governadores,Esquerda,Lula,13,8411,8411,0,1892091,1892091,0,855344,749560.8233333332,105783.17666666675,14.11268750629786,100.0,completo,,
1,GO,Positivo,1,Deputados Estaduais,Direita,Bolsonaro,22,6209,6209,0,1545025,1545025,0,918579,830324.9633333333,88254.03666666674,10.628855034343609,100.0,completo,,
1,GO,Positivo,1,Deputados Estaduais,Esquerda,Lula,13,6209,6209,0,1545025,1545025,0,599379,714700.0366666667,-115321.03666666674,-16.135585665354036,100.0,completo,,
1,GO,Positivo,2,Deputados Federais,Direita,Bolsonaro,22,6209,6209,0,1564391,1564391,0,918579,947383.18,-28804.18000000005,-3.0403938562641675,100.0,completo,,
1,GO,Positivo,2,Deputados Federais,Esquerda,Lula,13,6209,6209,0,1564391,1564391,0,599379,617007.8199999998,-17628.819999999832,-2.857146932108545,100.0,completo,,
1,GO,Positivo,3,Senadores,Direita,Bolsonaro,22,6209,6209,0,1440029,1440029,0,918579,990771.4166666666,-72192.41666666663,-7.28648560629146,100.0,completo,,
1,GO,Positivo,3,Senadores,Esquerda,Lula,13,6209,6209,0,1440029,1440029,0,599379,449257.5833333333,150121.4166666667,33.41544410955037,100.0,completo,,
1,GO,Positivo,4,Governadores,Direita,Bolsonaro,22,6209,6209,0,1595765,1595765,0,918579,1006586.9933333332,-88007.99333333317,-8.743207881307203,100.0,completo,,
1,GO,Positivo,4,Governadores,Esquerda,Lula,13,6209,6209,0,1595765,1595765,0,599379,589178.0066666666,10200.993333333405,1.7313941148357825,100.0,completo,,
1,MA,Diebold,1,Deputados Estaduais,Direita,Bolsonaro,22,9609,9609,0,2040870,2040870,0,449753,987420.8699999999,-537667.8699999999,-54.45174254824086,100.0,completo,,
1,MA,Diebold,1,Deputados Estaduais,Esquerda,Lula,13,9609,9609,0,2040870,2040870,0,1530084,1053449.13,476634.8700000001,45.24517192396373,100.0,completo,,
1,MA,Diebold,2,Deputados Federais,Direita,Bolsonaro,22,9609,9609,0,2046073,2046073,0,449753,1276794.1766666668,-827041.1766666668,-64.77482367798916,100.0,completo,,
1,MA,Diebold,2,Deputados Federais,Esquerda,Lula,13,9609,9609,0,2046073,2046073,0,1530084,769278.8233333334,760805.1766666666,98.8984947447338,100.0,completo,,
1,MA,Diebold,3,Senadores,Direita,Bolsonaro,22,9609,9609,0,1869427,1869427,0,449753,619998.8833333333,-170245.8833333333,-27.459062896699304,100.0,completo,,
1,MA,Diebold,3,Senadores,Esquerda,Lula,13,9609,9609,0,1869427,1869427,0,1530084,1249428.1166666667,280655.8833333333,22.462747523410265,100.0,completo,,
1,MA,Diebold,4,Governadores,Direita,Bolsonaro,22,9609,9609,0,1878499,1878499,0,449753,667640.5166666667,-217887.51666666672,-32.635454444034515,100.0,completo,,
1,MA,Diebold,4,Governadores,Esquerda,Lula,13,9609,9609,0,1878499,1878499,0,1530084,1210858.4833333334,319225.5166666666,26.363569406383558,100.0,completo,,
1,MA,Positivo,1,Deputados Estaduais,Direita,Bolsonaro,22,6814,6814,0,1662614,1662614,0,534108,818765.9566666665,-284657.95666666655,-34.76670644997952,100.0,completo,,
1,MA,Positivo,1,Deputados Estaduais,Esquerda,Lula,13,6814,6814,0,1662614,1662614,0,1073370,843848.0433333333,229521.95666666667,27.199441709910065,100.0,completo,,
1,MA,Positivo,2,Deputados Federais,Direita,Bolsonaro,22,6814,6814,0,1665809,1665809,0,534108,953648.4766666667,-419540.4766666667,-43.99319947881705,100.0,completo,,
1,MA,Positivo,2,Deputados Federais,Esquerda,Lula,13,6814,6814,0,1665809,1665809,0,1073370,712160.5233333333,361209.4766666667,50.72023298567467,100.0,completo,,
1,MA,Positivo,3,Senadores,Direita,Bolsonaro,22,6814,6814,0,1536933,1536933,0,534108,602795.7666666666,-68687.7666666666,-11.394865469360449,100.0,completo,,
1,MA,Positivo,3,Senadores,Esquerda,Lula,13,6814,6814,0,1536933,1536933,0,1073370,934137.2333333332,139232.76666666684,14.904958468450612,100.0,completo,,
1,MA,Positivo,4,Governadores,Direita,Bolsonaro,22,6814,6814,0,1570891,1570891,0,534108,655398.25,-121290.25,-18.50634328059314,100.0,completo,,
1,MA,Positivo,4,Governadores,Esquerda,Lula,13,6814,6814,0,1570891,1570891,0,1073370,915492.7499999999,157877.25000000012,17.245057374839966,100.0,completo,,
1,MG,Diebold,1,Deputados Estaduais,Direita,Bolsonaro,22,30313,30313,0,6396098,6396098,0,2913362,3191311.1733333333,-277949.17333333334,-8.709560373049264,100.0,completo,,
1,MG,Diebold,1,Deputados Estaduais,Esquerda,Lula,13,30313,30313,0,6396098,6396098,0,3419080,3204786.8266666667,214293.17333333334,6.686659204606826,100.0,completo,,
1,MG,Diebold,2,Deputados Federais,Direita,Bolsonaro,22,30313,30313,0,6461835,6461835,0,2913362,3407322.509999999,-493960.50999999885,-14.497028342644292,100.0,completo,,
1,MG,Diebold,2,Deputados Federais,Esquerda,Lula,13,30313,30313,0,6461835,6461835,0,3419080,3054512.4899999998,364567.51000000024,11.935374669232424,100.0,completo,,
1,MG,Diebold,3,Senadores,Direita,Bolsonaro,22,30313,30313,0,5891494,5891494,0,2913362,4399935.05,-1486573.0499999998,-33.78624986748384,100.0,completo,,
1,MG,Diebold,3,Senadores,Esquerda,Lula,13,30313,30313,0,5891494,5891494,0,3419080,1491558.95,1927521.05,129.22862016281692,100.0,completo,,
1,MG,Diebold,4,Governadores,Direita,Bolsonaro,22,30313,30313,0,6134106,6134106,0,2913362,3539969.7500000005,-626607.7500000005,-17.700935156296193,100.0,completo,,
1,MG,Diebold,4,Governadores,Esquerda,Lula,13,30313,30313,0,6134106,6134106,0,3419080,2594136.2500000005,824943.7499999995,31.800324674542413,100.0,completo,,
1,MG,Positivo,1,Deputados Estaduais,Direita,Bolsonaro,22,19668,19668,0,4691735,4691735,0,2325902,2402858.1433333335,-76956.14333333354,-3.2026919086691086,100.0,completo,,
1,MG,Positivo,1,Deputados Estaduais,Esquerda,Lula,13,19668,19668,0,4691735,4691735,0,2383491,2288876.8566666665,94614.14333333354,4.1336493511110906,100.0,completo,,
1,MG,Positivo,2,Deputados Federais,Direita,Bolsonaro,22,19668,19668,0,4749914,4749914,0,2325902,2697954.36,-372052.35999999987,-13.790165078997108,100.0,completo,,
1,MG,Positivo,2,Deputados Federais,Esquerda,Lula,13,19668,19668,0,4749914,4749914,0,2383491,2051959.6399999997,331531.36000000034,16.156816807566464,100.0,completo,,
1,MG,Positivo,3,Senadores,Direita,Bolsonaro,22,19668,19668,0,4403095,4403095,0,2325902,3254974.8666666667,-929072.8666666667,-28.543165607238798,100.0,completo,,
1,MG,Positivo,3,Senadores,Esquerda,Lula,13,19668,19668,0,4403095,4403095,0,2383491,1148120.1333333333,1235370.8666666667,107.59944284576028,100.0,completo,,
1,MG,Positivo,4,Governadores,Direita,Bolsonaro,22,19668,19668,0,4712460,4712460,0,2325902,2749589.1666666665,-423687.1666666665,-15.409108087965862,100.0,completo,,
1,MG,Positivo,4,Governadores,Esquerda,Lula,13,19668,19668,0,4712460,4712460,0,2383491,1962870.8333333337,420620.1666666663,21.42882555101051,100.0,completo,,
1,MS,Diebold,1,Deputados Estaduais,Direita,Bolsonaro,22,3859,3859,0,757199,757199,0,405572,410687.86666666664,-5115.8666666666395,-1.2456824469126326,100.0,completo,,
1,MS,Diebold,1,Deputados Estaduais,Esquerda,Lula,13,3859,3859,0,757199,757199,0,332990,346511.13333333336,-13521.13333333336,-3.902077605202492,100.0,completo,,
1,MS,Diebold,2,Deputados Federais,Direita,Bolsonaro,22,3859,3859,0,752267,752267,0,405572,424955.36666666664,-19383.36666666664,-4.561271179773307,100.0,completo,,
1,MS,Diebold,2,Deputados Federais,Esquerda,Lula,13,3859,3859,0,752267,752267,0,332990,327311.63333333336,5678.3666666666395,1.7348502431271173,100.0,completo,,
1,MS,Diebold,3,Senadores,Direita,Bolsonaro,22,3859,3859,0,717568,717568,0,405572,509010.41666666657,-103438.41666666657,-20.321473447252625,100.0,completo,,
1,MS,Diebold,3,Senadores,Esquerda,Lula,13,3859,3859,0,717568,717568,0,332990,208557.5833333333,124432.41666666669,59.663338382565016,100.0,completo,,
1,MS,Diebold,4,Governadores,Direita,Bolsonaro,22,3859,3859,0,753493,753493,0,405572,385135.99999999994,20436.00000000006,5.306177558057423,100.0,completo,,
1,MS,Diebold,4,Governadores,Esquerda,Lula,13,3859,3859,0,753493,753493,0,332990,368357.00000000006,-35367.00000000006,-9.601283537437876,100.0,completo,,
1,MS,Positivo,1,Deputados Estaduais,Direita,Bolsonaro,22,3053,3053,0,667181,667181,0,388634,374232.08999999997,14401.910000000033,3.848389912260064,100.0,completo,,
1,MS,Positivo,1,Deputados Estaduais,Esquerda,Lula,13,3053,3053,0,667181,667181,0,255333,292948.91000000003,-37615.91000000003,-12.840433507672044,100.0,completo,,
1,MS,Positivo,2,Deputados Federais,Direita,Bolsonaro,22,3053,3053,0,659046,659046,0,388634,378853.75,9780.25,2.58153707070341,100.0,completo,,
1,MS,Positivo,2,Deputados Federais,Esquerda,Lula,13,3053,3053,0,659046,659046,0,255333,280192.25,-24859.25,-8.872211847401202,100.0,completo,,
1,MS,Positivo,3,Senadores,Direita,Bolsonaro,22,3053,3053,0,645077,645077,0,388634,427561.58333333326,-38927.583333333256,-9.104555893410271,100.0,completo,,
1,MS,Positivo,3,Senadores,Esquerda,Lula,13,3053,3053,0,645077,645077,0,255333,217515.41666666666,37817.58333333334,17.386162283516306,100.0,completo,,
1,MS,Positivo,4,Governadores,Direita,Bolsonaro,22,3053,3053,0,684949,684949,0,388634,360057.1666666667,28576.833333333314,7.936748932924065,100.0,completo,,
1,MS,Positivo,4,Governadores,Esquerda,Lula,13,3053,3053,0,684949,684949,0,255333,324891.8333333333,-69558.83333333331,-21.409843583838928,100.0,completo,,
1,MT,Diebold,1,Deputados Estaduais,Direita,Bolsonaro,22,4330,4330,0,956889,956889,0,639058,516091.14,122966.85999999999,23.826578383035212,100.0,completo,,
1,MT,Diebold,1,Deputados Estaduais,Esquerda,Lula,13,4330,4330,0,956889,956889,0,313620,440797.86,-127177.85999999999,-28.85174170310173,100.0,completo,,
1,MT,Diebold,2,Deputados Federais,Direita,Bolsonaro,22,4330,4330,0,947069,947069,0,639058,569096.7433333333,69961.25666666671,12.293385524732958,100.0,completo,,
1,MT,Diebold,2,Deputados Federais,Esquerda,Lula,13,4330,4330,0,947069,947069,0,313620,377972.25666666665,-64352.25666666665,-17.02565612465542,100.0,completo,,
1,MT,Diebold,3,Senadores,Direita,Bolsonaro,22,4330,4330,0,889615,889615,0,639058,817653.6866666665,-178595.68666666653,-21.842460882766712,100.0,completo,,
1,MT,Diebold,3,Senadores,Esquerda,Lula,13,4330,4330,0,889615,889615,0,313620,71961.31333333332,241658.68666666668,335.8175045350757,100.0,completo,,
1,MT,Diebold,4,Governadores,Direita,Bolsonaro,22,4330,4330,0,888579,888579,0,639058,445498.3,193559.7,43.44790990223757,100.0,completo,,
1,MT,Diebold,4,Governadores,Esquerda,Lula,13,4330,4330,0,888579,888579,0,313620,443080.69999999995,-129460.69999999995,-29.218311698072153,100.0,completo,,
1,MT,Positivo,1,Deputados Estaduais,Direita,Bolsonaro,22,3322,3322,0,790134,790134,0,463808,391666.2433333333,72141.75666666671,18.4191918232967,100.0,completo,,
1,MT,Positivo,1,Deputados Estaduais,Esquerda,Lula,13,3322,3322,0,790134,790134,0,320128,398467.7566666667,-78339.75666666671,-19.660249883706616,100.0,completo,,
1,MT,Positivo,2,Deputados Federais,Direita,Bolsonaro,22,3322,3322,0,783935,783935,0,463808,436955.4199999999,26852.580000000075,6.145382062087723,100.0,completo,,
1,MT,Positivo,2,Deputados Federais,Esquerda,Lula,13,3322,3322,0,783935,783935,0,320128,346979.58,-26851.580000000016,-7.738662891920045,100.0,completo,,
1,MT,Positivo,3,Senadores,Direita,Bolsonaro,22,3322,3322,0,719633,719633,0,463808,657236.4133333333,-193428.41333333333,-29.43056857612535,100.0,completo,,
1,MT,Positivo,3,Senadores,Esquerda,Lula,13,3322,3322,0,719633,719633,0,320128,62396.58666666666,257731.41333333333,413.0537055018395,100.0,completo,,
1,MT,Positivo,4,Governadores,Direita,Bolsonaro,22,3322,3322,0,739633,739633,0,463808,333631.0833333333,130176.91666666669,39.018221973222424,100.0,completo,,
1,MT,Positivo,4,Governadores,Esquerda,Lula,13,3322,3322,0,739633,739633,0,320128,406001.9166666667,-85873.91666666669,-21.151111150337343,100.0,completo,,
1,PA,Diebold,1,Deputados Estaduais,Direita,Bolsonaro,22,10447,10447,0,2427979,2427979,0,1043059,1360235.5333333334,-317176.53333333344,-23.317765604613683,100.0,completo,,
1,PA,Diebold,1,Deputados Estaduais,Esquerda,Lula,13,10447,10447,0,2427979,2427979,0,1282893,1067743.4666666668,215149.5333333332,20.1499273982914,100.0,completo,,
1,PA,Diebold,2,Deputados Federais,Direita,Bolsonaro,22,10447,10447,0,2419923,2419923,0,1043059,1323267.2633333332,-280208.2633333332,-21.175485187133226,100.0,completo,,
1,PA,Diebold,2,Deputados Federais,Esquerda,Lula,13,10447,10447,0,2419923,2419923,0,1282893,1096655.7366666666,186237.26333333342,16.982290531704123,100.0,completo,,
1,PA,Diebold,3,Senadores,Direita,Bolsonaro,22,10447,10447,0,2252078,2252078,0,1043059,1189792.0833333333,-146733.08333333326,-12.332665966497647,100.0,completo,,
1,PA,Diebold,3,Senadores,Esquerda,Lula,13,10447,10447,0,2252078,2252078,0,1282893,1062285.9166666667,220607.08333333326,20.76720399584826,100.0,completo,,
1,PA,Diebold,4,Governadores,Direita,Bolsonaro,22,10447,10447,0,2330595,2330595,0,1043059,1522262.3333333333,-479203.33333333326,-31.479681447810027,100.0,completo,,
1,PA,Diebold,4,Governadores,Esquerda,Lula,13,10447,10447,0,2330595,2330595,0,1282893,808332.6666666667,474560.33333333326,58.708543264777944,100.0,completo,,
1,PA,Positivo,1,Deputados Estaduais,Direita,Bolsonaro,22,7788,7788,0,2126425,2126425,0,841614,1134955.0166666666,-293341.0166666666,-25.846047848504305,100.0,completo,,
1,PA,Positivo,1,Deputados Estaduais,Esquerda,Lula,13,7788,7788,0,2126425,2126425,0,1160837,991469.9833333335,169367.0166666665,17.08241495090479,100.0,completo,,
1,PA,Positivo,2,Deputados Federais,Direita,Bolsonaro,22,7788,7788,0,2116989,2116989,0,841614,1123345.0766666667,-281731.07666666666,-25.079655621285603,100.0,completo,,
1,PA,Positivo,2,Deputados Federais,Esquerda,Lula,13,7788,7788,0,2116989,2116989,0,1160837,993643.9233333333,167193.07666666666,16.826256643908355,100.0,completo,,
1,PA,Positivo,3,Senadores,Direita,Bolsonaro,22,7788,7788,0,1935283,1935283,0,841614,886400.4666666667,-44786.466666666674,-5.052622189503964,100.0,completo,,
1,PA,Positivo,3,Senadores,Esquerda,Lula,13,7788,7788,0,1935283,1935283,0,1160837,1048882.5333333332,111954.46666666679,10.67368967532305,100.0,completo,,
1,PA,Positivo,4,Governadores,Direita,Bolsonaro,22,7788,7788,0,2096892,2096892,0,841614,1271481.7499999998,-429867.74999999977,-33.808408968512516,100.0,completo,,
1,PA,Positivo,4,Governadores,Esquerda,Lula,13,7788,7788,0,2096892,2096892,0,1160837,825410.25,335426.75,40.637579918592,100.0,completo,,
1,PB,Diebold,1,Deputados Estaduais,Direita,Bolsonaro,22,5079,5079,0,1128444,1128444,0,245525,643404.1999999998,-397879.19999999984,-61.83969579309553,100.0,completo,,
1,PB,Diebold,1,Deputados Estaduais,Esquerda,Lula,13,5079,5079,0,1128444,1128444,0,882114,485039.79999999993,397074.20000000007,81.8642511398034,100.0,completo,,
1,PB,Diebold,2,Deputados Federais,Direita,Bolsonaro,22,5079,5079,0,1111893,1111893,0,245525,775998.9266666665,-530473.9266666665,-68.36013664932989,100.0,completo,,
1,PB,Diebold,2,Deputados Federais,Esquerda,Lula,13,5079,5079,0,1111893,1111893,0,882114,335894.07333333336,546219.9266666666,162.6167205768501,100.0,completo,,
1,PB,Diebold,3,Senadores,Direita,Bolsonaro,22,5079,5079,0,1004030,1004030,0,245525,362805.6666666666,-117280.66666666663,-32.32602945378471,100.0,completo,,
1,PB,Diebold,3,Senadores,Esquerda,Lula,13,5079,5079,0,1004030,1004030,0,882114,641224.3333333333,240889.66666666674,37.567143688142444,100.0,completo,,
1,PB,Diebold,4,Governadores,Direita,Bolsonaro,22,5079,5079,0,1060047,1060047,0,245525,360022.0833333333,-114497.08333333331,-31.802794504503773,100.0,completo,,
1,PB,Diebold,4,Governadores,Esquerda,Lula,13,5079,5079,0,1060047,1060047,0,882114,700024.9166666666,182089.08333333337,26.01180029425143,100.0,completo,,
1,PB,Positivo,1,Deputados Estaduais,Direita,Bolsonaro,22,4523,4523,0,1120443,1120443,0,471891,563066.4666666667,-91175.46666666667,-16.19266499857862,100.0,completo,,
1,PB,Positivo,1,Deputados Estaduais,Esquerda,Lula,13,4523,4523,0,1120443,1120443,0,672754,557376.5333333333,115377.46666666667,20.700094059694905,100.0,completo,,
1,PB,Positivo,2,Deputados Federais,Direita,Bolsonaro,22,4523,4523,0,1108819,1108819,0,471891,735753.1,-263862.1,-35.86285942933846,100.0,completo,,
1,PB,Positivo,2,Deputados Federais,Esquerda,Lula,13,4523,4523,0,1108819,1108819,0,672754,373065.89999999997,299688.10000000003,80.33114256757318,100.0,completo,,
1,PB,Positivo,3,Senadores,Direita,Bolsonaro,22,4523,4523,0,999765,999765,0,471891,402365.24999999994,69525.75000000006,17.279263057632367,100.0,completo,,
1,PB,Positivo,3,Senadores,Esquerda,Lula,13,4523,4523,0,999765,999765,0,672754,597399.7499999999,75354.25000000012,12.613706316415453,100.0,completo,,
1,PB,Positivo,4,Governadores,Direita,Bolsonaro,22,4523,4523,0,1116677,1116677,0,471891,568112.75,-96221.75,-16.937086872280194,100.0,completo,,
1,PB,Positivo,4,Governadores,Esquerda,Lula,13,4523,4523,0,1116677,1116677,0,672754,548564.25,124189.75,22.639052763646195,100.0,completo,,
1,PE,Diebold,1,Deputados Estaduais,Direita,Bolsonaro,22,12271,12271,0,2858988,2858988,0,741323,1171061.2333333334,-429738.2333333334,-36.69647846766453,100.0,completo,,
1,PE,Diebold,1,Deputados Estaduais,Esquerda,Lula,13,12271,12271,0,2858988,2858988,0,2206872,1687926.7666666666,518945.2333333334,30.74453486854476,100.0,completo,,
1,PE,Diebold,2,Deputados Federais,Direita,Bolsonaro,22,12271,12271,0,2859696,2859696,0,741323,1412295.8966666665,-670972.8966666665,-47.50937096470451,100.0,completo,,
1,PE,Diebold,2,Deputados Federais,Esquerda,Lula,13,12271,12271,0,2859696,2859696,0,2206872,1447400.1033333333,759471.8966666667,52.47145519180345,100.0,completo,,
1,PE,Diebold,3,Senadores,Direita,Bolsonaro,22,12271,12271,0,2529508,2529508,0,741323,953112.0833333334,-211789.08333333337,-22.220795123343752,100.0,completo,,
1,PE,Diebold,3,Senadores,Esquerda,Lula,13,12271,12271,0,2529508,2529508,0,2206872,1576395.9166666667,630476.0833333333,39.99478028758743,100.0,completo,,
1,PE,Diebold,4,Governadores,Direita,Bolsonaro,22,12271,12271,0,2761327,2761327,0,741323,1070198.05,-328875.05000000005,-30.730298004187173,100.0,completo,,
1,PE,Diebold,4,Governadores,Esquerda,Lula,13,12271,12271,0,2761327,2761327,0,2206872,1691128.9500000002,515743.0499999998,30.49696772088253,100.0,completo,,
1,PE,Positivo,1,Deputados Estaduais,Direita,Bolsonaro,22,8301,8301,0,2155697,2155697,0,889615,990114.2633333332,-100499.26333333319,-10.150269221957364,100.0,completo,,
1,PE,Positivo,1,Deputados Estaduais,Esquerda,Lula,13,8301,8301,0,2155697,2155697,0,1351450,1165582.7366666663,185867.26333333366,15.94629514373873,100.0,completo,,
1,PE,Positivo,2,Deputados Federais,Direita,Bolsonaro,22,8301,8301,0,2132102,2132102,0,889615,1064169.5600000003,-174554.5600000003,-16.402889780083562,100.0,completo,,
1,PE,Positivo,2,Deputados Federais,Esquerda,Lula,13,8301,8301,0,2132102,2132102,0,1351450,1067932.4399999997,283517.5600000003,26.548267416616756,100.0,completo,,
1,PE,Positivo,3,Senadores,Direita,Bolsonaro,22,8301,8301,0,1939912,1939912,0,889615,890689.8333333334,-1074.8333333333721,-0.12067425641436591,100.0,completo,,
1,PE,Positivo,3,Senadores,Esquerda,Lula,13,8301,8301,0,1939912,1939912,0,1351450,1049222.1666666665,302227.8333333335,28.8049416925205,100.0,completo,,
1,PE,Positivo,4,Governadores,Direita,Bolsonaro,22,8301,8301,0,2144092,2144092,0,889615,1049566.2833333332,-159951.2833333332,-15.239750540131825,100.0,completo,,
1,PE,Positivo,4,Governadores,Esquerda,Lula,13,8301,8301,0,2144092,2144092,0,1351450,1094525.7166666668,256924.2833333332,23.473572107175844,100.0,completo,,
1,PI,Diebold,1,Deputados Estaduais,Direita,Bolsonaro,22,5222,5222,0,1085567,1085567,0,195094,453230.5433333332,-258136.54333333322,-56.95479864063,100.0,completo,,
1,PI,Diebold,1,Deputados Estaduais,Esquerda,Lula,13,5222,5222,0,1085567,1085567,0,866264,632336.4566666664,233927.54333333357,36.99415728241768,100.0,completo,,
1,PI,Diebold,2,Deputados Federais,Direita,Bolsonaro,22,5222,5222,0,1081377,1081377,0,195094,427111.0566666667,-232017.0566666667,-54.322418735167844,100.0,completo,,
1,PI,Diebold,2,Deputados Federais,Esquerda,Lula,13,5222,5222,0,1081377,1081377,0,866264,654265.9433333332,211998.05666666676,32.40242883292777,100.0,completo,,
1,PI,Diebold,3,Senadores,Direita,Bolsonaro,22,5222,5222,0,1023581,1023581,0,195094,420485.74999999994,-225391.74999999994,-53.602708296297784,100.0,completo,,
1,PI,Diebold,3,Senadores,Esquerda,Lula,13,5222,5222,0,1023581,1023581,0,866264,603095.25,263168.75,43.636349316297874,100.0,completo,,
1,PI,Diebold,4,Governadores,Direita,Bolsonaro,22,5222,5222,0,1073513,1073513,0,195094,218600.26666666666,-23506.266666666663,-10.753082338417396,100.0,completo,,
1,PI,Diebold,4,Governadores,Esquerda,Lula,13,5222,5222,0,1073513,1073513,0,866264,854912.7333333334,11351.266666666605,1.3277690487083493,100.0,completo,,
1,PI,Positivo,1,Deputados Estaduais,Direita,Bolsonaro,22,3741,3741,0,885953,885953,0,211803,386244.11666666664,-174441.11666666664,-45.16343657791205,100.0,completo,,
1,PI,Positivo,1,Deputados Estaduais,Esquerda,Lula,13,3741,3741,0,885953,885953,0,651744,499708.88333333336,152035.11666666664,30.424737629739273,100.0,completo,,
1,PI,Positivo,2,Deputados Federais,Direita,Bolsonaro,22,3741,3741,0,878912,878912,0,211803,380048.55000000005,-168245.55000000005,-44.26948872716394,100.0,completo,,
1,PI,Positivo,2,Deputados Federais,Esquerda,Lula,13,3741,3741,0,878912,878912,0,651744,498863.45,152880.55,30.645770901836954,100.0,completo,,
1,PI,Positivo,3,Senadores,Direita,Bolsonaro,22,3741,3741,0,850462,850462,0,211803,402716.24999999994,-190913.24999999994,-47.40639345941465,100.0,completo,,
1,PI,Positivo,3,Senadores,Esquerda,Lula,13,3741,3741,0,850462,850462,0,651744,447745.75,203998.25,45.5611806477225,100.0,completo,,
1,PI,Positivo,4,Governadores,Direita,Bolsonaro,22,3741,3741,0,892531,892531,0,211803,217040.47333333336,-5237.473333333357,-2.4131321006149786,100.0,completo,,
1,PI,Positivo,4,Governadores,Esquerda,Lula,13,3741,3741,0,892531,892531,0,651744,675490.5266666666,-23746.526666666614,-3.5154492519455793,100.0,completo,,
1,PR,Diebold,1,Deputados Estaduais,Direita,Bolsonaro,22,15299,15299,0,3522271,3522271,0,2105399,1854934.3533333333,250464.64666666673,13.502615131181294,100.0,completo,,
1,PR,Diebold,1,Deputados Estaduais,Esquerda,Lula,13,15299,15299,0,3522271,3522271,0,1383616,1667336.6466666667,-283720.6466666667,-17.01639841203515,100.0,completo,,
1,PR,Diebold,2,Deputados Federais,Direita,Bolsonaro,22,15299,15299,0,3542025,3542025,0,2105399,1941955.9533333331,163443.04666666687,8.416413687762581,100.0,completo,,
1,PR,Diebold,2,Deputados Federais,Esquerda,Lula,13,15299,15299,0,3542025,3542025,0,1383616,1600069.0466666669,-216453.04666666687,-13.527731638680917,100.0,completo,,
1,PR,Diebold,3,Senadores,Direita,Bolsonaro,22,15299,15299,0,3339810,3339810,0,2105399,2073812.3833333335,31586.616666666465,1.5231183360905565,100.0,completo,,
1,PR,Diebold,3,Senadores,Esquerda,Lula,13,15299,15299,0,3339810,3339810,0,1383616,1265997.6166666665,117618.38333333354,9.290569096253055,100.0,completo,,
1,PR,Diebold,4,Governadores,Direita,Bolsonaro,22,15299,15299,0,3496940,3496940,0,2105399,1249443.5,855955.5,68.50693928937164,100.0,completo,,
1,PR,Diebold,4,Governadores,Esquerda,Lula,13,15299,15299,0,3496940,3496940,0,1383616,2247496.5,-863880.5,-38.4374569660064,100.0,completo,,
1,PR,Positivo,1,Deputados Estaduais,Direita,Bolsonaro,22,10422,10422,0,2563674,2563674,0,1523213,1316547.16,206665.84000000008,15.697564529325337,100.0,completo,,
1,PR,Positivo,1,Deputados Estaduais,Esquerda,Lula,13,10422,10422,0,2563674,2563674,0,979876,1247126.84,-267250.8400000001,-21.429323099164478,100.0,completo,,
1,PR,Positivo,2,Deputados Federais,Direita,Bolsonaro,22,10422,10422,0,2591204,2591204,0,1523213,1221299.973333333,301913.0266666671,24.72062828615693,100.0,completo,,
1,PR,Positivo,2,Deputados Federais,Esquerda,Lula,13,10422,10422,0,2591204,2591204,0,979876,1369904.0266666668,-390028.02666666685,-28.471193534316896,100.0,completo,,
1,PR,Positivo,3,Senadores,Direita,Bolsonaro,22,10422,10422,0,2490766,2490766,0,1523213,1470242.7833333334,52970.21666666656,3.6028210624215795,100.0,completo,,
1,PR,Positivo,3,Senadores,Esquerda,Lula,13,10422,10422,0,2490766,2490766,0,979876,1020523.2166666668,-40647.21666666679,-3.982978143254079,100.0,completo,,
1,PR,Positivo,4,Governadores,Direita,Bolsonaro,22,10422,10422,0,2595918,2595918,0,1523213,971661.9166666666,551551.0833333334,56.76368229244346,100.0,completo,,
1,PR,Positivo,4,Governadores,Esquerda,Lula,13,10422,10422,0,2595918,2595918,0,979876,1624256.0833333333,-644380.0833333333,-39.672320759354804,100.0,completo,,
1,RJ,Diebold,1,Deputados Estaduais,Direita,Bolsonaro,22,19830,19830,0,4797116,4797116,0,2758290,2695537.33,62752.669999999925,2.3280208106040146,100.0,completo,,
1,RJ,Diebold,1,Deputados Estaduais,Esquerda,Lula,13,19830,19830,0,4797116,4797116,0,2037020,2101578.67,-64558.669999999925,-3.0719130776103665,100.0,completo,,
1,RJ,Diebold,2,Deputados Federais,Direita,Bolsonaro,22,19830,19830,0,4803183,4803183,0,2758290,2693973.1466666665,64316.85333333351,2.3874348344160357,100.0,completo,,
1,RJ,Diebold,2,Deputados Federais,Esquerda,Lula,13,19830,19830,0,4803183,4803183,0,2037020,2109209.8533333335,-72189.8533333335,-3.422601749145382,100.0,completo,,
1,RJ,Diebold,3,Senadores,Direita,Bolsonaro,22,19830,19830,0,4517240,4517240,0,2758290,2690628.216666667,67661.78333333321,2.5147206482937,100.0,completo,,
1,RJ,Diebold,3,Senadores,Esquerda,Lula,13,19830,19830,0,4517240,4517240,0,2037020,1826611.7833333334,210408.21666666656,11.519044089527242,100.0,completo,,
1,RJ,Diebold,4,Governadores,Direita,Bolsonaro,22,19830,19830,0,4614710,4614710,0,2758290,3361698.5,-603408.5,-17.949512723999494,100.0,completo,,
1,RJ,Diebold,4,Governadores,Esquerda,Lula,13,19830,19830,0,4614710,4614710,0,2037020,1253011.4999999998,784008.5000000002,62.569936508962634,100.0,completo,,
1,RJ,Positivo,1,Deputados Estaduais,Direita,Bolsonaro,22,14238,14238,0,3849432,3849432,0,2072956,2054197.9633333334,18758.036666666623,0.9131562294136586,100.0,completo,,
1,RJ,Positivo,1,Deputados Estaduais,Esquerda,Lula,13,14238,14238,0,3849432,3849432,0,1810123,1795234.0366666666,14888.963333333377,0.8293605752361266,100.0,completo,,
1,RJ,Positivo,2,Deputados Federais,Direita,Bolsonaro,22,14238,14238,0,3874049,3874049,0,2072956,2067072.186666667,5883.813333333004,0.28464479234375784,100.0,completo,,
1,RJ,Positivo,2,Deputados Federais,Esquerda,Lula,13,14238,14238,0,3874049,3874049,0,1810123,1806976.8133333335,3146.18666666653,0.17411328377052726,100.0,completo,,
1,RJ,Positivo,3,Senadores,Direita,Bolsonaro,22,14238,14238,0,3651387,3651387,0,2072956,1901906.2333333334,171049.7666666666,8.993596196742049,100.0,completo,,
1,RJ,Positivo,3,Senadores,Esquerda,Lula,13,14238,14238,0,3651387,3651387,0,1810123,1749480.7666666664,60642.23333333363,3.466298943593249,100.0,completo,,
1,RJ,Positivo,4,Governadores,Direita,Bolsonaro,22,14238,14238,0,3792988,3792988,0,2072956,2364792.2499999995,-291836.24999999953,-12.340883221348498,100.0,completo,,
1,RJ,Positivo,4,Governadores,Esquerda,Lula,13,14238,14238,0,3792988,3792988,0,1810123,1428195.7499999998,381927.25000000023,26.74193996166143,100.0,completo,,
1,RN,Diebold,1,Deputados Estaduais,Direita,Bolsonaro,22,4009,4009,0,930825,930825,0,247124,377889.56,-130765.56,-34.60417376971198,100.0,completo,,
1,RN,Diebold,1,Deputados Estaduais,Esquerda,Lula,13,4009,4009,0,930825,930825,0,687098,552935.4400000001,134162.55999999994,24.26369342504071,100.0,completo,,
1,RN,Diebold,2,Deputados Federais,Direita,Bolsonaro,22,4009,4009,0,925365,925365,0,247124,494909.1499999999,-247785.1499999999,-50.06679508754283,100.0,completo,,
1,RN,Diebold,2,Deputados Federais,Esquerda,Lula,13,4009,4009,0,925365,925365,0,687098,430455.85000000003,256642.14999999997,59.62101572089216,100.0,completo,,
1,RN,Diebold,3,Senadores,Direita,Bolsonaro,22,4009,4009,0,818170,818170,0,247124,481066.5,-233942.5,-48.6299711162594,100.0,completo,,
1,RN,Diebold,3,Senadores,Esquerda,Lula,13,4009,4009,0,818170,818170,0,687098,337103.49999999994,349994.50000000006,103.82404810392063,100.0,completo,,
1,RN,Diebold,4,Governadores,Direita,Bolsonaro,22,4009,4009,0,893873,893873,0,247124,107638.33333333331,139485.6666666667,129.58735270891725,100.0,completo,,
1,RN,Diebold,4,Governadores,Esquerda,Lula,13,4009,4009,0,893873,893873,0,687098,786234.6666666666,-99136.66666666663,-12.609042932050817,100.0,completo,,
1,RN,Positivo,1,Deputados Estaduais,Direita,Bolsonaro,22,3665,3665,0,952331,952331,0,375607,432871.5333333334,-57264.533333333384,-13.228990340937186,100.0,completo,,
1,RN,Positivo,1,Deputados Estaduais,Esquerda,Lula,13,3665,3665,0,952331,952331,0,577081,519459.4666666666,57621.533333333384,11.092594712555059,100.0,completo,,
1,RN,Positivo,2,Deputados Federais,Direita,Bolsonaro,22,3665,3665,0,944979,944979,0,375607,481515.12666666665,-105908.12666666665,-21.99476627034036,100.0,completo,,
1,RN,Positivo,2,Deputados Federais,Esquerda,Lula,13,3665,3665,0,944979,944979,0,577081,463463.8733333333,113617.1266666667,24.51477519693337,100.0,completo,,
1,RN,Positivo,3,Senadores,Direita,Bolsonaro,22,3665,3665,0,874339,874339,0,375607,553451.4166666666,-177844.41666666663,-32.13369978123644,100.0,completo,,
1,RN,Positivo,3,Senadores,Esquerda,Lula,13,3665,3665,0,874339,874339,0,577081,320887.5833333333,256193.4166666667,79.83899345850871,100.0,completo,,
1,RN,Positivo,4,Governadores,Direita,Bolsonaro,22,3665,3665,0,935101,935101,0,375607,142356.66666666666,233250.33333333334,163.84925187908306,100.0,completo,,
1,RN,Positivo,4,Governadores,Esquerda,Lula,13,3665,3665,0,935101,935101,0,577081,792744.3333333335,-215663.3333333335,-27.20465152068785,100.0,completo,,
1,RO,Diebold,1,Deputados Estaduais,Direita,Bolsonaro,22,2545,2545,0,515989,515989,0,352865,308814.67,44050.330000000016,14.26432559049089,100.0,completo,,
1,RO,Diebold,1,Deputados Estaduais,Esquerda,Lula,13,2545,2545,0,515989,515989,0,147767,207174.33000000002,-59407.330000000016,-28.675043862818338,100.0,completo,,
1,RO,Diebold,2,Deputados Federais,Direita,Bolsonaro,22,2545,2545,0,513703,513703,0,352865,315043.87,37821.130000000005,12.005035997050184,100.0,completo,,
1,RO,Diebold,2,Deputados Federais,Esquerda,Lula,13,2545,2545,0,513703,513703,0,147767,198659.12999999998,-50892.129999999976,-25.617815803381394,100.0,completo,,
1,RO,Diebold,3,Senadores,Direita,Bolsonaro,22,2545,2545,0,488514,488514,0,352865,425435.4166666666,-72570.41666666663,-17.057916154527952,100.0,completo,,
1,RO,Diebold,3,Senadores,Esquerda,Lula,13,2545,2545,0,488514,488514,0,147767,63078.58333333333,84688.41666666667,134.2585901448326,100.0,completo,,
1,RO,Diebold,4,Governadores,Direita,Bolsonaro,22,2545,2545,0,499728,499728,0,352865,334633.3333333333,18231.666666666686,5.448251817910155,100.0,completo,,
1,RO,Diebold,4,Governadores,Esquerda,Lula,13,2545,2545,0,499728,499728,0,147767,165094.6666666667,-17327.666666666686,-10.495594446822443,100.0,completo,,
1,RO,Positivo,1,Deputados Estaduais,Direita,Bolsonaro,22,1653,1653,0,355914,355914,0,228441,225724.4866666667,2716.513333333307,1.2034641759291587,100.0,completo,,
1,RO,Positivo,1,Deputados Estaduais,Esquerda,Lula,13,1653,1653,0,355914,355914,0,113982,130189.51333333334,-16207.513333333336,-12.449169613097876,100.0,completo,,
1,RO,Positivo,2,Deputados Federais,Direita,Bolsonaro,22,1653,1653,0,355767,355767,0,228441,210299.21999999997,18141.780000000028,8.626651111687455,100.0,completo,,
1,RO,Positivo,2,Deputados Federais,Esquerda,Lula,13,1653,1653,0,355767,355767,0,113982,145467.77999999997,-31485.77999999997,-21.644504370658556,100.0,completo,,
1,RO,Positivo,3,Senadores,Direita,Bolsonaro,22,1653,1653,0,331204,331204,0,228441,284332.3333333333,-55891.333333333314,-19.657044514810718,100.0,completo,,
1,RO,Positivo,3,Senadores,Esquerda,Lula,13,1653,1653,0,331204,331204,0,113982,46871.666666666664,67110.33333333334,143.17889272126018,100.0,completo,,
1,RO,Positivo,4,Governadores,Direita,Bolsonaro,22,1653,1653,0,350627,350627,0,228441,219396.33333333334,9044.666666666657,4.122524077430634,100.0,completo,,
1,RO,Positivo,4,Governadores,Esquerda,Lula,13,1653,1653,0,350627,350627,0,113982,131230.6666666667,-17248.666666666686,-13.143777369110888,100.0,completo,,
1,RR,Diebold,1,Deputados Estaduais,Direita,Bolsonaro,22,237,237,0,48614,48614,0,27933,30911.83333333333,-2978.8333333333285,-9.636546953432056,100.0,completo,,
1,RR,Diebold,1,Deputados Estaduais,Esquerda,Lula,13,237,237,0,48614,48614,0,17992,17702.166666666668,289.8333333333321,1.6372760396561548,100.0,completo,,
1,RR,Diebold,2,Deputados Federais,Direita,Bolsonaro,22,237,237,0,48432,48432,0,27933,30915.93,-2982.9300000000003,-9.648521005190524,100.0,completo,,
1,RR,Diebold,2,Deputados Federais,Esquerda,Lula,13,237,237,0,48432,48432,0,17992,17516.069999999996,475.93000000000393,2.71710492136652,100.0,completo,,
1,RR,Diebold,3,Senadores,Direita,Bolsonaro,22,237,237,0,46269,46269,0,27933,28300.283333333333,-367.28333333333285,-1.2978079724761282,100.0,completo,,
1,RR,Diebold,3,Senadores,Esquerda,Lula,13,237,237,0,46269,46269,0,17992,17968.716666666667,23.28333333333285,0.12957705196903202,100.0,completo,,
1,RR,Diebold,4,Governadores,Direita,Bolsonaro,22,237,237,0,46222,46222,0,27933,34683.08333333333,-6750.0833333333285,-19.462177766778698,100.0,completo,,
1,RR,Diebold,4,Governadores,Esquerda,Lula,13,237,237,0,46222,46222,0,17992,11538.916666666664,6453.083333333336,55.92451631074555,100.0,completo,,
1,RR,Positivo,1,Deputados Estaduais,Direita,Bolsonaro,22,1031,1031,0,247801,247801,0,179654,156524.81999999998,23129.180000000022,14.776685256689648,100.0,completo,,
1,RR,Positivo,1,Deputados Estaduais,Esquerda,Lula,13,1031,1031,0,247801,247801,0,50768,91276.18,-40508.17999999999,-44.37979328232184,100.0,completo,,
1,RR,Positivo,2,Deputados Federais,Direita,Bolsonaro,22,1031,1031,0,244094,244094,0,179654,160879.38,18774.619999999995,11.669997733705827,100.0,completo,,
1,RR,Positivo,2,Deputados Federais,Esquerda,Lula,13,1031,1031,0,244094,244094,0,50768,83214.62000000001,-32446.62000000001,-38.99148971659068,100.0,completo,,
1,RR,Positivo,3,Senadores,Direita,Bolsonaro,22,1031,1031,0,235065,235065,0,179654,156530.45666666664,23123.543333333364,14.772552144644413,100.0,completo,,
1,RR,Positivo,3,Senadores,Esquerda,Lula,13,1031,1031,0,235065,235065,0,50768,78534.54333333332,-27766.54333333332,-35.355834712733405,100.0,completo,,
1,RR,Positivo,4,Governadores,Direita,Bolsonaro,22,1031,1031,0,242711,242711,0,179654,175672.99999999997,3981.000000000029,2.2661422073967152,100.0,completo,,
1,RR,Positivo,4,Governadores,Esquerda,Lula,13,1031,1031,0,242711,242711,0,50768,67038.0,-16270.0,-24.26981711864913,100.0,completo,,
1,RS,Diebold,1,Deputados Estaduais,Direita,Bolsonaro,22,16409,16409,0,3569160,3569160,0,1928219,1904565.2733333332,23653.7266666668,1.2419488582435578,100.0,completo,,
1,RS,Diebold,1,Deputados Estaduais,Esquerda,Lula,13,16409,16409,0,3569160,3569160,0,1581547,1664594.7266666663,-83047.72666666633,-4.989065827029771,100.0,completo,,
1,RS,Diebold,2,Deputados Federais,Direita,Bolsonaro,22,16409,16409,0,3566457,3566457,0,1928219,1921704.3966666665,6514.603333333507,0.33900132323334553,100.0,completo,,
1,RS,Diebold,2,Deputados Federais,Esquerda,Lula,13,16409,16409,0,3566457,3566457,0,1581547,1644752.6033333335,-63205.60333333351,-3.8428638571684326,100.0,completo,,
1,RS,Diebold,3,Senadores,Direita,Bolsonaro,22,16409,16409,0,3425403,3425403,0,1928219,1744438.7666666668,183780.23333333316,10.53520690121481,100.0,completo,,
1,RS,Diebold,3,Senadores,Esquerda,Lula,13,16409,16409,0,3425403,3425403,0,1581547,1680964.233333333,-99417.23333333293,-5.914297958391989,100.0,completo,,
1,RS,Diebold,4,Governadores,Direita,Bolsonaro,22,16409,16409,0,3651758,3651758,0,1928219,2153658.6166666667,-225439.6166666667,-10.467750781021723,100.0,completo,,
1,RS,Diebold,4,Governadores,Esquerda,Lula,13,16409,16409,0,3651758,3651758,0,1581547,1498099.3833333333,83447.6166666667,5.570232362087513,100.0,completo,,
1,RS,Positivo,1,Deputados Estaduais,Direita,Bolsonaro,22,10792,10792,0,2608308,2608308,0,1316804,1254639.23,62164.77000000002,4.954792462531232,100.0,completo,,
1,RS,Positivo,1,Deputados Estaduais,Esquerda,Lula,13,10792,10792,0,2608308,2608308,0,1225125,1353668.7699999998,-128543.76999999979,-9.495954464547474,100.0,completo,,
1,RS,Positivo,2,Deputados Federais,Direita,Bolsonaro,22,10792,10792,0,2595386,2595386,0,1316804,1226824.38,89979.62000000011,7.334352126259525,100.0,completo,,
1,RS,Positivo,2,Deputados Federais,Esquerda,Lula,13,10792,10792,0,2595386,2595386,0,1225125,1368561.62,-143436.6200000001,-10.48083023108598,100.0,completo,,
1,RS,Positivo,3,Senadores,Direita,Bolsonaro,22,10792,10792,0,2534555,2534555,0,1316804,1215282.7,101521.30000000005,8.353718850766167,100.0,completo,,
1,RS,Positivo,3,Senadores,Esquerda,Lula,13,10792,10792,0,2534555,2534555,0,1225125,1319272.3,-94147.30000000005,-7.136305370771446,100.0,completo,,
1,RS,Positivo,4,Governadores,Direita,Bolsonaro,22,10792,10792,0,2700119,2700119,0,1316804,1518716.3166666667,-201912.31666666665,-13.294932993795117,100.0,completo,,
1,RS,Positivo,4,Governadores,Esquerda,Lula,13,10792,10792,0,2700119,2700119,0,1225125,1181402.6833333333,43722.31666666665,3.7008817809101258,100.0,completo,,
1,SC,Diebold,1,Deputados Estaduais,Direita,Bolsonaro,22,9562,9562,0,2288453,2288453,0,1553467,1379439.6533333329,174027.34666666714,12.61579991891204,100.0,completo,,
1,SC,Diebold,1,Deputados Estaduais,Esquerda,Lula,13,9562,9562,0,2288453,2288453,0,715006,909013.3466666664,-194007.34666666645,-21.342629057987704,100.0,completo,,
1,SC,Diebold,2,Deputados Federais,Direita,Bolsonaro,22,9562,9562,0,2259999,2259999,0,1553467,1359949.0366666666,193517.96333333338,14.229795243479115,100.0,completo,,
1,SC,Diebold,2,Deputados Federais,Esquerda,Lula,13,9562,9562,0,2259999,2259999,0,715006,900049.9633333335,-185043.9633333335,-20.5592990246923,100.0,completo,,
1,SC,Diebold,3,Senadores,Direita,Bolsonaro,22,9562,9562,0,2104687,2104687,0,1553467,1410678.8833333333,142788.1166666667,10.121943296497694,100.0,completo,,
1,SC,Diebold,3,Senadores,Esquerda,Lula,13,9562,9562,0,2104687,2104687,0,715006,694008.1166666667,20997.883333333302,3.025596218411186,100.0,completo,,
1,SC,Diebold,4,Governadores,Direita,Bolsonaro,22,9562,9562,0,2307222,2307222,0,1553467,1715568.2833333332,-162101.2833333332,-9.448838901263201,100.0,completo,,
1,SC,Diebold,4,Governadores,Esquerda,Lula,13,9562,9562,0,2307222,2307222,0,715006,591653.7166666667,123352.28333333333,20.848729562334366,100.0,completo,,
1,SC,Positivo,1,Deputados Estaduais,Direita,Bolsonaro,22,6680,6680,0,1742648,1742648,0,1140939,1039131.3433333333,101807.65666666673,9.7973809874782,100.0,completo,,
1,SC,Positivo,1,Deputados Estaduais,Esquerda,Lula,13,6680,6680,0,1742648,1742648,0,564210,703516.6566666666,-139306.65666666662,-19.80147240958241,100.0,completo,,
1,SC,Positivo,2,Deputados Federais,Direita,Bolsonaro,22,6680,6680,0,1719326,1719326,0,1140939,1008293.7200000001,132645.2799999999,13.155420624855218,100.0,completo,,
1,SC,Positivo,2,Deputados Federais,Esquerda,Lula,13,6680,6680,0,1719326,1719326,0,564210,711032.2800000001,-146822.28000000014,-20.64917221479735,100.0,completo,,
1,SC,Positivo,3,Senadores,Direita,Bolsonaro,22,6680,6680,0,1628507,1628507,0,1140939,1058740.7833333332,82198.21666666679,7.763771638972328,100.0,completo,,
1,SC,Positivo,3,Senadores,Esquerda,Lula,13,6680,6680,0,1628507,1628507,0,564210,569766.2166666666,-5556.216666666558,-0.9751748180459652,100.0,completo,,
1,SC,Positivo,4,Governadores,Direita,Bolsonaro,22,6680,6680,0,1774630,1774630,0,1140939,1219508.85,-78569.8500000001,-6.442745372450565,100.0,completo,,
1,SC,Positivo,4,Governadores,Esquerda,Lula,13,6680,6680,0,1774630,1774630,0,564210,555121.15,9088.849999999977,1.637273233059111,100.0,completo,,
1,SE,Diebold,1,Deputados Estaduais,Direita,Bolsonaro,22,3141,3141,0,672706,672706,0,174713,395305.24,-220592.24,-55.803014399707926,100.0,completo,,
1,SE,Diebold,1,Deputados Estaduais,Esquerda,Lula,13,3141,3141,0,672706,672706,0,493131,277400.75999999995,215730.24000000005,77.76843870218673,100.0,completo,,
1,SE,Diebold,2,Deputados Federais,Direita,Bolsonaro,22,3141,3141,0,662628,662628,0,174713,411423.9233333333,-236710.92333333328,-57.534554970822995,100.0,completo,,
1,SE,Diebold,2,Deputados Federais,Esquerda,Lula,13,3141,3141,0,662628,662628,0,493131,251204.07666666666,241926.92333333334,96.3069256453017,100.0,completo,,
1,SE,Diebold,3,Senadores,Direita,Bolsonaro,22,3141,3141,0,593841,593841,0,174713,373644.0,-198931.0,-53.240785346479534,100.0,completo,,
1,SE,Diebold,3,Senadores,Esquerda,Lula,13,3141,3141,0,593841,593841,0,493131,220197.0,272934.0,123.94991757380889,100.0,completo,,
1,SE,Diebold,4,Governadores,Direita,Bolsonaro,22,3141,3141,0,664856,664856,0,174713,338417.74999999994,-163704.74999999994,-48.37357083072622,100.0,completo,,
1,SE,Diebold,4,Governadores,Esquerda,Lula,13,3141,3141,0,664856,664856,0,493131,326438.25000000006,166692.74999999994,51.06409864652808,100.0,completo,,
1,SE,Positivo,1,Deputados Estaduais,Direita,Bolsonaro,22,2357,2357,0,544446,544446,0,203897,300428.29,-96531.28999999998,-32.131225058731985,100.0,completo,,
1,SE,Positivo,1,Deputados Estaduais,Esquerda,Lula,13,2357,2357,0,544446,544446,0,335585,244017.71,91567.29000000001,37.52485424111225,100.0,completo,,
1,SE,Positivo,2,Deputados Federais,Direita,Bolsonaro,22,2357,2357,0,532690,532690,0,203897,287887.4833333332,-83990.48333333322,-29.174760347633477,100.0,completo,,
1,SE,Positivo,2,Deputados Federais,Esquerda,Lula,13,2357,2357,0,532690,532690,0,335585,244802.51666666663,90782.48333333337,37.083966525126286,100.0,completo,,
1,SE,Positivo,3,Senadores,Direita,Bolsonaro,22,2357,2357,0,492422,492422,0,203897,287771.0833333334,-83874.08333333337,-29.146112375780177,100.0,completo,,
1,SE,Positivo,3,Senadores,Esquerda,Lula,13,2357,2357,0,492422,492422,0,335585,204650.91666666663,130934.08333333337,63.97923130078009,100.0,completo,,
1,SE,Positivo,4,Governadores,Direita,Bolsonaro,22,2357,2357,0,551004,551004,0,203897,312801.9166666666,-108904.91666666663,-34.815936496552794,100.0,completo,,
1,SE,Positivo,4,Governadores,Esquerda,Lula,13,2357,2357,0,551004,551004,0,335585,238202.08333333334,97382.91666666666,40.88247898755433,100.0,completo,,
1,SP,Diebold,1,Deputados Estaduais,Direita,Bolsonaro,22,61396,61396,0,14241484,14241484,0,7429540,7367494.050000001,62045.949999999255,0.8421581283801549,100.0,completo,,
1,SP,Diebold,1,Deputados Estaduais,Esquerda,Lula,13,61396,61396,0,14241484,14241484,0,6527865,6873989.95,-346124.9500000002,-5.035284492960312,100.0,completo,,
1,SP,Diebold,2,Deputados Federais,Direita,Bolsonaro,22,61396,61396,0,14518763,14518763,0,7429540,7879724.886666667,-450184.8866666667,-5.713205640319085,100.0,completo,,
1,SP,Diebold,2,Deputados Federais,Esquerda,Lula,13,61396,61396,0,14518763,14518763,0,6527865,6639038.113333332,-111173.11333333235,-1.6745364529548445,100.0,completo,,
1,SP,Diebold,3,Senadores,Direita,Bolsonaro,22,61396,61396,0,13138106,13138106,0,7429540,7788692.833333333,-359152.833333333,-4.611208080979434,100.0,completo,,
1,SP,Diebold,3,Senadores,Esquerda,Lula,13,61396,61396,0,13138106,13138106,0,6527865,5349413.166666666,1178451.833333334,22.029553459742445,100.0,completo,,
1,SP,Diebold,4,Governadores,Direita,Bolsonaro,22,61396,61396,0,14262493,14262493,0,7429540,7016338.916666665,413201.0833333349,5.8891266263066955,100.0,completo,,
1,SP,Diebold,4,Governadores,Esquerda,Lula,13,61396,61396,0,14262493,14262493,0,6527865,7246154.083333333,-718289.083333333,-9.912694031520097,100.0,completo,,
1,SP,Positivo,1,Deputados Estaduais,Direita,Bolsonaro,22,39677,39677,0,9063996,9063996,0,4810449,4697055.18,113393.8200000003,2.414147069909456,100.0,completo,,
1,SP,Positivo,1,Deputados Estaduais,Esquerda,Lula,13,39677,39677,0,9063996,9063996,0,3962167,4366940.82,-404773.8200000003,-9.269047525127672,100.0,completo,,
1,SP,Positivo,2,Deputados Federais,Direita,Bolsonaro,22,39677,39677,0,9240843,9240843,0,4810449,5039790.219999999,-229341.2199999988,-4.5506104418766675,100.0,completo,,
1,SP,Positivo,2,Deputados Federais,Esquerda,Lula,13,39677,39677,0,9240843,9240843,0,3962167,4201052.779999999,-238885.77999999933,-5.686331320026872,100.0,completo,,
1,SP,Positivo,3,Senadores,Direita,Bolsonaro,22,39677,39677,0,8431377,8431377,0,4810449,5079815.666666667,-269366.666666667,-5.302685852052247,100.0,completo,,
1,SP,Positivo,3,Senadores,Esquerda,Lula,13,39677,39677,0,8431377,8431377,0,3962167,3351561.333333333,610605.666666667,18.21854371554592,100.0,completo,,
1,SP,Positivo,4,Governadores,Direita,Bolsonaro,22,39677,39677,0,9090056,9090056,0,4810449,4576863.083333332,233585.9166666679,5.103624740649826,100.0,completo,,
1,SP,Positivo,4,Governadores,Esquerda,Lula,13,39677,39677,0,9090056,9090056,0,3962167,4513192.916666667,-551025.916666667,-12.209225859408669,100.0,completo,,
1,TO,Diebold,1,Deputados Estaduais,Direita,Bolsonaro,22,2318,2318,0,493623,493623,0,216485,309285.8466666666,-92800.84666666662,-30.004879843946718,100.0,completo,,
1,TO,Diebold,1,Deputados Estaduais,Esquerda,Lula,13,2318,2318,0,493623,493623,0,261062,184337.15333333335,76724.84666666665,41.62201991257106,100.0,completo,,
1,TO,Diebold,2,Deputados Federais,Direita,Bolsonaro,22,2318,2318,0,490435,490435,0,216485,330205.8466666667,-113720.84666666668,-34.4393801062719,100.0,completo,,
1,TO,Diebold,2,Deputados Federais,Esquerda,Lula,13,2318,2318,0,490435,490435,0,261062,160229.15333333335,100832.84666666665,62.930399723762285,100.0,completo,,
1,TO,Diebold,3,Senadores,Direita,Bolsonaro,22,2318,2318,0,464627,464627,0,216485,232706.68666666665,-16221.686666666646,-6.970872603202372,100.0,completo,,
1,TO,Diebold,3,Senadores,Esquerda,Lula,13,2318,2318,0,464627,464627,0,261062,231920.31333333332,29141.686666666676,12.565387760916845,100.0,completo,,
1,TO,Diebold,4,Governadores,Direita,Bolsonaro,22,2318,2318,0,488435,488435,0,216485,388308.0833333333,-171823.0833333333,-44.249164698906384,100.0,completo,,
1,TO,Diebold,4,Governadores,Esquerda,Lula,13,2318,2318,0,488435,488435,0,261062,100126.91666666667,160935.0833333333,160.73108879314003,100.0,completo,,
1,TO,Positivo,1,Deputados Estaduais,Direita,Bolsonaro,22,1639,1639,0,344931,344931,0,162709,208166.53666666662,-45457.53666666662,-21.83710090707661,100.0,completo,,
1,TO,Positivo,1,Deputados Estaduais,Esquerda,Lula,13,1639,1639,0,344931,344931,0,173241,136764.46333333332,36476.53666666668,26.671063357857182,100.0,completo,,
1,TO,Positivo,2,Deputados Federais,Direita,Bolsonaro,22,1639,1639,0,340374,340374,0,162709,232439.36333333328,-69730.36333333328,-29.999378045677815,100.0,completo,,
1,TO,Positivo,2,Deputados Federais,Esquerda,Lula,13,1639,1639,0,340374,340374,0,173241,107934.63666666664,65306.36333333336,60.50547382210427,100.0,completo,,
1,TO,Positivo,3,Senadores,Direita,Bolsonaro,22,1639,1639,0,319573,319573,0,162709,152497.92666666667,10211.073333333334,6.695876827002989,100.0,completo,,
1,TO,Positivo,3,Senadores,Esquerda,Lula,13,1639,1639,0,319573,319573,0,173241,167075.07333333333,6165.926666666666,3.6905126202548155,100.0,completo,,
1,TO,Positivo,4,Governadores,Direita,Bolsonaro,22,1639,1639,0,339766,339766,0,162709,275198.0833333334,-112489.08333333337,-40.87567833714928,100.0,completo,,
1,TO,Positivo,4,Governadores,Esquerda,Lula,13,1639,1639,0,339766,339766,0,173241,64567.91666666667,108673.08333333333,168.3081767905887,100.0,completo,,
2,AL,Diebold,4,Governadores,Direita,Bolsonaro,22,4245,4245,0,961848,961848,0,325432,465358.66666666674,-139926.66666666674,-30.068563602554597,100.0,completo,governador_2t,
2,AL,Diebold,4,Governadores,Esquerda,Lula,13,4245,4245,0,961848,961848,0,672065,496489.3333333333,175575.6666666667,35.3634317756407,100.0,completo,governador_2t,
2,AL,Positivo,4,Governadores,Direita,Bolsonaro,22,2381,2381,0,632414,632414,0,362395,325581.1666666667,36813.833333333314,11.307113894282361,100.0,completo,governador_2t,
2,AL,Positivo,4,Governadores,Esquerda,Lula,13,2381,2381,0,632414,632414,0,304766,306832.8333333334,-2066.833333333372,-0.6736024013075603,100.0,completo,governador_2t,
2,AM,Diebold,4,Governadores,Direita,Bolsonaro,22,4280,4280,0,982436,982436,0,380233,497774.66666666674,-117541.66666666674,-23.61342883393023,100.0,completo,governador_2t,
2,AM,Diebold,4,Governadores,Esquerda,Lula,13,4280,4280,0,982436,982436,0,637344,484661.3333333333,152682.6666666667,31.502960142615045,100.0,completo,governador_2t,
2,AM,Positivo,4,Governadores,Direita,Bolsonaro,22,3173,3173,0,851854,851854,0,581508,439711.50000000006,141796.49999999994,32.24762145179281,100.0,completo,governador_2t,
2,AM,Positivo,4,Governadores,Esquerda,Lula,13,3173,3173,0,851854,851854,0,367647,412142.5,-44495.5,-10.796144537386942,100.0,completo,governador_2t,
2,BA,Diebold,4,Governadores,Direita,Bolsonaro,22,21374,21374,0,4971619,4971619,0,1315366,1215316.0833333335,100049.91666666651,8.23241937128425,100.0,completo,governador_2t,
2,BA,Diebold,4,Governadores,Esquerda,Lula,13,21374,21374,0,4971619,4971619,0,3660700,3756302.916666667,-95602.91666666698,-2.5451333076062177,100.0,completo,governador_2t,
2,BA,Positivo,4,Governadores,Direita,Bolsonaro,22,13050,13050,0,3515868,3515868,0,1041662,1122114.0,-80452.0,-7.169681511860649,100.0,completo,governador_2t,
2,BA,Positivo,4,Governadores,Esquerda,Lula,13,13050,13050,0,3515868,3515868,0,2437115,2393754.0,43361.0,1.81142256054716,100.0,completo,governador_2t,
2,ES,Diebold,4,Governadores,Direita,Bolsonaro,22,5900,5900,0,1385982,1385982,0,793636,688051.25,105584.75,15.345477535285346,100.0,completo,governador_2t,
2,ES,Diebold,4,Governadores,Esquerda,Lula,13,5900,5900,0,1385982,1385982,0,614493,697930.7499999999,-83437.74999999988,-11.955018459925991,100.0,completo,governador_2t,
2,ES,Positivo,4,Governadores,Direita,Bolsonaro,22,3339,3339,0,791327,791327,0,488509,415577.0833333333,72931.91666666669,17.54955207868576,100.0,completo,governador_2t,
2,ES,Positivo,4,Governadores,Esquerda,Lula,13,3339,3339,0,791327,791327,0,312274,375749.9166666666,-63475.91666666663,-16.893128607923835,100.0,completo,governador_2t,
2,MS,Diebold,4,Governadores,Direita,Bolsonaro,22,3859,3859,0,745994,745994,0,444746,451879.75,-7133.75,-1.578683266953207,100.0,completo,governador_2t,
2,MS,Diebold,4,Governadores,Esquerda,Lula,13,3859,3859,0,745994,745994,0,332211,294114.25,38096.75,12.95304460766522,100.0,completo,governador_2t,
2,MS,Positivo,4,Governadores,Direita,Bolsonaro,22,3053,3053,0,674329,674329,0,435860,411310.0,24550.0,5.968734044880986,100.0,completo,governador_2t,
2,MS,Positivo,4,Governadores,Esquerda,Lula,13,3053,3053,0,674329,674329,0,267336,263019.0,4317.0,1.6413262920169203,100.0,completo,governador_2t,
2,PB,Diebold,4,Governadores,Direita,Bolsonaro,22,5079,5079,0,1147405,1147405,0,274874,274759.1666666666,114.83333333337214,0.04179417732499413,100.0,completo,governador_2t,
2,PB,Diebold,4,Governadores,Esquerda,Lula,13,5079,5079,0,1147405,1147405,0,903775,872645.8333333333,31129.166666666744,3.567216558836872,100.0,completo,governador_2t,
2,PB,Positivo,4,Governadores,Direita,Bolsonaro,22,4523,4523,0,1179462,1179462,0,527628,379547.6666666666,148080.33333333337,39.014950252186175,100.0,completo,governador_2t,
2,PB,Positivo,4,Governadores,Esquerda,Lula,13,4523,4523,0,1179462,1179462,0,698178,799914.3333333333,-101736.33333333326,-12.718403595718364,100.0,completo,governador_2t,
2,PE,Diebold,4,Governadores,Direita,Bolsonaro,22,12271,12271,0,2998170,2998170,0,817681,930269.1666666666,-112588.16666666663,-12.10275162296217,100.0,completo,governador_2t,
2,PE,Diebold,4,Governadores,Esquerda,Lula,13,12271,12271,0,2998170,2998170,0,2250863,2067900.833333333,182962.16666666698,8.847724403289824,100.0,completo,governador_2t,
2,PE,Positivo,4,Governadores,Direita,Bolsonaro,22,8301,8301,0,2305509,2305509,0,981151,808960.3333333333,172190.66666666674,21.285427674451295,100.0,completo,governador_2t,
2,PE,Positivo,4,Governadores,Esquerda,Lula,13,8301,8301,0,2305509,2305509,0,1390070,1496548.6666666665,-106478.66666666651,-7.114948483688909,100.0,completo,governador_2t,
2,RO,Diebold,4,Governadores,Direita,Bolsonaro,22,2545,2545,0,516747,516747,0,381681,408315.75,-26634.75,-6.523076810042228,100.0,completo,governador_2t,
2,RO,Diebold,4,Governadores,Esquerda,Lula,13,2545,2545,0,516747,516747,0,147430,108431.25000000001,38998.749999999985,35.96633811747072,100.0,completo,governador_2t,
2,RO,Positivo,4,Governadores,Direita,Bolsonaro,22,1653,1653,0,356901,356901,0,251555,274344.75,-22789.75,-8.306975074245083,100.0,completo,governador_2t,
2,RO,Positivo,4,Governadores,Esquerda,Lula,13,1653,1653,0,356901,356901,0,115474,82556.25000000001,32917.749999999985,39.87311681429326,100.0,completo,governador_2t,
2,RS,Diebold,4,Governadores,Direita,Bolsonaro,22,16409,16409,0,3703745,3703745,0,2205097,2696235.5,-491138.5,-18.21571224026981,100.0,completo,governador_2t,
2,RS,Diebold,4,Governadores,Esquerda,Lula,13,16409,16409,0,3703745,3703745,0,1607493,1007509.5,599983.5,59.55115063431165,100.0,completo,governador_2t,
2,RS,Positivo,4,Governadores,Direita,Bolsonaro,22,10792,10792,0,2751167,2751167,0,1528088,1915113.5,-387025.5,-20.20901111082972,100.0,completo,governador_2t,
2,RS,Positivo,4,Governadores,Esquerda,Lula,13,10792,10792,0,2751167,2751167,0,1284358,836053.5,448304.5,53.621508671394835,100.0,completo,governador_2t,
2,SC,Diebold,4,Governadores,Direita,Bolsonaro,22,9562,9562,0,2401098,2401098,0,1753319,1728628.0,24691.0,1.42835821240892,100.0,completo,governador_2t,
2,SC,Diebold,4,Governadores,Esquerda,Lula,13,9562,9562,0,2401098,2401098,0,745618,672470.0,73148.0,10.87751126444303,100.0,completo,governador_2t,
2,SC,Positivo,4,Governadores,Direita,Bolsonaro,22,6680,6680,0,1819867,1819867,0,1294311,1255321.0,38990.0,3.1059784708453053,100.0,completo,governador_2t,
2,SC,Positivo,4,Governadores,Esquerda,Lula,13,6680,6680,0,1819867,1819867,0,606300,564546.0,41754.0,7.396031501418832,100.0,completo,governador_2t,
2,SE,Diebold,4,Governadores,Direita,Bolsonaro,22,3141,3141,0,664680,664680,0,190350,157076.0,33274.0,21.183376200056014,100.0,completo,governador_2t,
2,SE,Diebold,4,Governadores,Esquerda,Lula,13,3141,3141,0,664680,664680,0,507366,507604.0,-238.0,-0.04688694336529853,100.0,completo,governador_2t,
2,SE,Positivo,4,Governadores,Direita,Bolsonaro,22,2357,2357,0,542111,542111,0,230736,154849.5,75886.5,49.006616101440436,100.0,completo,governador_2t,
2,SE,Positivo,4,Governadores,Esquerda,Lula,13,2357,2357,0,542111,542111,0,355585,387261.5,-31676.5,-8.179615066305324,100.0,completo,governador_2t,
2,SP,Diebold,4,Governadores,Direita,Bolsonaro,22,61350,61350,0,14912584,14912584,0,8632511,7494089.166666665,1138421.833333335,15.190929918434627,100.0,completo,governador_2t,
2,SP,Diebold,4,Governadores,Esquerda,Lula,13,61350,61350,0,14912584,14912584,0,7139230,7418494.833333333,-279264.833333333,-3.7644406258601104,100.0,completo,governador_2t,
2,SP,Positivo,4,Governadores,Direita,Bolsonaro,22,39723,39723,0,9477430,9477430,0,5584076,4863166.916666666,720909.083333334,14.823860576586224,100.0,completo,governador_2t,
2,SP,Positivo,4,Governadores,Esquerda,Lula,13,39723,39723,0,9477430,9477430,0,4380652,4614263.083333333,-233611.08333333302,-5.062803726496079,100.0,completo,governador_2t,
2,AC,Diebold,0,Média dos 4 cargos do 1º turno (fallback),Direita,Bolsonaro,22,1215,1215,0,910769,910769,0,142931,128950.13249999999,13980.867500000008,10.842073000584174,100.0,completo,fallback_quatro_cargos_1t,"{'esperadas': 1215, 'encontradas': 1215}"
2,AC,Diebold,0,Média dos 4 cargos do 1º turno (fallback),Esquerda,Lula,13,1215,1215,0,910769,910769,0,66547,98742.1175,-32195.117499999993,-32.60525327502724,100.0,completo,fallback_quatro_cargos_1t,"{'esperadas': 1215, 'encontradas': 1215}"
2,AC,Positivo,0,Média dos 4 cargos do 1º turno (fallback),Direita,Bolsonaro,22,909,909,0,801681,801681,0,144819,108601.815,36217.185,33.34860011317491,100.0,completo,fallback_quatro_cargos_1t,"{'esperadas': 909, 'encontradas': 909}"
2,AC,Positivo,0,Média dos 4 cargos do 1º turno (fallback),Esquerda,Lula,13,909,909,0,801681,801681,0,55019,91818.435,-36799.435,-40.07848206081926,100.0,completo,fallback_quatro_cargos_1t,"{'esperadas': 909, 'encontradas': 909}"
2,AP,Diebold,0,Média dos 4 cargos do 1º turno (fallback),Direita,Bolsonaro,22,1017,1017,0,957429,957429,0,105205,107379.205,-2174.2050000000017,-2.024791485464994,100.0,completo,fallback_quatro_cargos_1t,"{'esperadas': 1017, 'encontradas': 1017}"
2,AP,Diebold,0,Média dos 4 cargos do 1º turno (fallback),Esquerda,Lula,13,1017,1017,0,957429,957429,0,112918,131978.04499999998,-19060.044999999984,-14.441830078631623,100.0,completo,fallback_quatro_cargos_1t,"{'esperadas': 1017, 'encontradas': 1017}"
2,AP,Positivo,0,Média dos 4 cargos do 1º turno (fallback),Direita,Bolsonaro,22,723,723,0,720117,720117,0,95342,82284.8425,13057.157500000001,15.868241468652023,100.0,completo,fallback_quatro_cargos_1t,"{'esperadas': 723, 'encontradas': 723}"
2,AP,Positivo,0,Média dos 4 cargos do 1º turno (fallback),Esquerda,Lula,13,723,723,0,720117,720117,0,77000,97744.4075,-20744.4075,-21.223114478442152,100.0,completo,fallback_quatro_cargos_1t,"{'esperadas': 723, 'encontradas': 723}"
2,CE,Diebold,0,Média dos 4 cargos do 1º turno (fallback),Direita,Bolsonaro,22,13231,13231,0,10760968,10760968,0,641560,756951.9133333332,-115391.91333333321,-15.244285839134797,100.0,completo,fallback_quatro_cargos_1t,"{'esperadas': 13231, 'encontradas': 13231}"
2,CE,Diebold,0,Média dos 4 cargos do 1º turno (fallback),Esquerda,Lula,13,13231,13231,0,10760968,10760968,0,2225573,1933290.086666667,292282.9133333331,15.118419907551495,100.0,completo,fallback_quatro_cargos_1t,"{'esperadas': 13231, 'encontradas': 13231}"
2,CE,Positivo,0,Média dos 4 cargos do 1º turno (fallback),Direita,Bolsonaro,22,9565,9565,0,9521061,9521061,0,992917,817092.0125,175824.98750000005,21.518382851649775,100.0,completo,fallback_quatro_cargos_1t,"{'esperadas': 9565, 'encontradas': 9565}"
2,CE,Positivo,0,Média dos 4 cargos do 1º turno (fallback),Esquerda,Lula,13,9565,9565,0,9521061,9521061,0,1582318,1563173.2375,19144.762499999953,1.2247370950783765,100.0,completo,fallback_quatro_cargos_1t,"{'esperadas': 9565, 'encontradas': 9565}"
2,DF,Diebold,0,Média dos 4 cargos do 1º turno (fallback),Direita,Bolsonaro,22,2816,2816,0,2679873,2679873,0,432111,359563.6458333334,72547.35416666663,20.176498655343522,100.0,completo,fallback_quatro_cargos_1t,"{'esperadas': 2816, 'encontradas': 2816}"
2,DF,Diebold,0,Média dos 4 cargos do 1º turno (fallback),Esquerda,Lula,13,2816,2816,0,2679873,2679873,0,297802,310404.6041666666,-12602.604166666628,-4.060057098863091,100.0,completo,fallback_quatro_cargos_1t,"{'esperadas': 2816, 'encontradas': 2816}"
2,DF,Positivo,0,Média dos 4 cargos do 1º turno (fallback),Direita,Bolsonaro,22,3932,3932,0,3871595,3871595,0,609220,503681.74166666664,105538.25833333336,20.95336193527895,100.0,completo,fallback_quatro_cargos_1t,"{'esperadas': 3932, 'encontradas': 3932}"
2,DF,Positivo,0,Média dos 4 cargos do 1º turno (fallback),Esquerda,Lula,13,3932,3932,0,3871595,3871595,0,431493,464217.0083333333,-32724.008333333302,-7.049291117277557,100.0,completo,fallback_quatro_cargos_1t,"{'esperadas': 3932, 'encontradas': 3932}"
2,GO,Diebold,0,Média dos 4 cargos do 1º turno (fallback),Direita,Bolsonaro,22,8411,8411,0,7401244,7401244,0,1137988,1163305.3041666667,-25317.304166666698,-2.1763250004952717,100.0,completo,fallback_quatro_cargos_1t,"{'esperadas': 8411, 'encontradas': 8411}"
2,GO,Diebold,0,Média dos 4 cargos do 1º turno (fallback),Esquerda,Lula,13,8411,8411,0,7401244,7401244,0,894184,687005.6958333333,207178.3041666667,30.156708368387086,100.0,completo,fallback_quatro_cargos_1t,"{'esperadas': 8411, 'encontradas': 8411}"
2,GO,Positivo,0,Média dos 4 cargos do 1º turno (fallback),Direita,Bolsonaro,22,6209,6209,0,6145210,6145210,0,1055053,972069.2675000001,82983.73249999993,8.53681268140698,100.0,completo,fallback_quatro_cargos_1t,"{'esperadas': 6209, 'encontradas': 6209}"
2,GO,Positivo,0,Média dos 4 cargos do 1º turno (fallback),Esquerda,Lula,13,6209,6209,0,6145210,6145210,0,647931,564233.2324999999,83697.76750000007,14.83389539626241,100.0,completo,fallback_quatro_cargos_1t,"{'esperadas': 6209, 'encontradas': 6209}"
2,MA,Diebold,0,Média dos 4 cargos do 1º turno (fallback),Direita,Bolsonaro,22,9609,9609,0,7834869,7834869,0,485335,877539.6575,-392204.6575,-44.693667590743615,100.0,completo,fallback_quatro_cargos_1t,"{'esperadas': 9609, 'encontradas': 9609}"
2,MA,Diebold,0,Média dos 4 cargos do 1º turno (fallback),Esquerda,Lula,13,9609,9609,0,7834869,7834869,0,1551753,1081177.5925,470575.4075,43.524339642656805,100.0,completo,fallback_quatro_cargos_1t,"{'esperadas': 9609, 'encontradas': 9609}"
2,MA,Positivo,0,Média dos 4 cargos do 1º turno (fallback),Direita,Bolsonaro,22,6814,6814,0,6436247,6436247,0,597414,751031.35,-153617.34999999998,-20.454186100220717,100.0,completo,fallback_quatro_cargos_1t,"{'esperadas': 6814, 'encontradas': 6814}"
2,MA,Positivo,0,Média dos 4 cargos do 1º turno (fallback),Esquerda,Lula,13,6814,6814,0,6436247,6436247,0,1116672,858030.3999999999,258641.6000000001,30.143640598281852,100.0,completo,fallback_quatro_cargos_1t,"{'esperadas': 6814, 'encontradas': 6814}"
2,MG,Diebold,0,Média dos 4 cargos do 1º turno (fallback),Direita,Bolsonaro,22,30313,30313,0,24883533,24883533,0,3381017,3812213.4166666665,-431196.4166666665,-11.310920180426232,100.0,completo,fallback_quatro_cargos_1t,"{'esperadas': 30313, 'encontradas': 30313}"
2,MG,Diebold,0,Média dos 4 cargos do 1º turno (fallback),Esquerda,Lula,13,30313,30313,0,24883533,24883533,0,3622416,2408669.833333333,1213746.166666667,50.390723953518204,100.0,completo,fallback_quatro_cargos_1t,"{'esperadas': 30313, 'encontradas': 30313}"
2,MG,Positivo,0,Média dos 4 cargos do 1º turno (fallback),Direita,Bolsonaro,22,19668,19668,0,18557204,18557204,0,2760293,2889765.2466666666,-129472.24666666659,-4.4803724737160655,100.0,completo,fallback_quatro_cargos_1t,"{'esperadas': 19668, 'encontradas': 19668}"
2,MG,Positivo,0,Média dos 4 cargos do 1º turno (fallback),Esquerda,Lula,13,19668,19668,0,18557204,18557204,0,2568544,1749535.7533333334,819008.2466666666,46.812889939873294,100.0,completo,fallback_quatro_cargos_1t,"{'esperadas': 19668, 'encontradas': 19668}"
2,MT,Diebold,0,Média dos 4 cargos do 1º turno (fallback),Direita,Bolsonaro,22,4330,4330,0,3682152,3682152,0,702704,605490.305,97213.69499999995,16.055367723848192,100.0,completo,fallback_quatro_cargos_1t,"{'esperadas': 4330, 'encontradas': 4330}"
2,MT,Diebold,0,Média dos 4 cargos do 1º turno (fallback),Esquerda,Lula,13,4330,4330,0,3682152,3682152,0,321390,315047.695,6342.304999999993,2.013125345989275,100.0,completo,fallback_quatro_cargos_1t,"{'esperadas': 4330, 'encontradas': 4330}"
2,MT,Positivo,0,Média dos 4 cargos do 1º turno (fallback),Direita,Bolsonaro,22,3322,3322,0,3033335,3033335,0,514026,470711.9066666667,43314.09333333332,9.20182657797226,100.0,completo,fallback_quatro_cargos_1t,"{'esperadas': 3322, 'encontradas': 3322}"
2,MT,Positivo,0,Média dos 4 cargos do 1º turno (fallback),Esquerda,Lula,13,3322,3322,0,3033335,3033335,0,331396,287621.8433333333,43774.15666666668,15.219343621247683,100.0,completo,fallback_quatro_cargos_1t,"{'esperadas': 3322, 'encontradas': 3322}"
2,PA,Diebold,0,Média dos 4 cargos do 1º turno (fallback),Direita,Bolsonaro,22,10447,10447,0,9430575,9430575,0,1123649,1282497.2991666668,-158848.2991666668,-12.385858377236525,100.0,completo,fallback_quatro_cargos_1t,"{'esperadas': 10447, 'encontradas': 10447}"
2,PA,Diebold,0,Média dos 4 cargos do 1º turno (fallback),Esquerda,Lula,13,10447,10447,0,9430575,9430575,0,1282258,1075146.4508333332,207111.5491666668,19.263566280308808,100.0,completo,fallback_quatro_cargos_1t,"{'esperadas': 10447, 'encontradas': 10447}"
2,PA,Positivo,0,Média dos 4 cargos do 1º turno (fallback),Direita,Bolsonaro,22,7788,7788,0,8275589,8275589,0,950246,1046762.9316666666,-96516.93166666664,-9.220514860321948,100.0,completo,fallback_quatro_cargos_1t,"{'esperadas': 7788, 'encontradas': 7788}"
2,PA,Positivo,0,Média dos 4 cargos do 1º turno (fallback),Esquerda,Lula,13,7788,7788,0,8275589,8275589,0,1226826,1022134.3183333334,204691.68166666664,20.025908336629563,100.0,completo,fallback_quatro_cargos_1t,"{'esperadas': 7788, 'encontradas': 7788}"
2,PI,Diebold,0,Média dos 4 cargos do 1º turno (fallback),Direita,Bolsonaro,22,5222,5222,0,4264038,4264038,0,221721,380150.55,-158429.55,-41.67547567667599,100.0,completo,fallback_quatro_cargos_1t,"{'esperadas': 5222, 'encontradas': 5222}"
2,PI,Diebold,0,Média dos 4 cargos do 1º turno (fallback),Esquerda,Lula,13,5222,5222,0,4264038,4264038,0,878423,685858.9500000001,192564.04999999993,28.07633406256489,100.0,completo,fallback_quatro_cargos_1t,"{'esperadas': 5222, 'encontradas': 5222}"
2,PI,Positivo,0,Média dos 4 cargos do 1º turno (fallback),Direita,Bolsonaro,22,3741,3741,0,3507858,3507858,0,245344,349081.8558333333,-103737.85583333328,-29.717343969565178,100.0,completo,fallback_quatro_cargos_1t,"{'esperadas': 3741, 'encontradas': 3741}"
2,PI,Positivo,0,Média dos 4 cargos do 1º turno (fallback),Esquerda,Lula,13,3741,3741,0,3507858,3507858,0,672960,527882.6441666667,145077.35583333333,27.482880416035904,100.0,completo,fallback_quatro_cargos_1t,"{'esperadas': 3741, 'encontradas': 3741}"
2,PR,Diebold,0,Média dos 4 cargos do 1º turno (fallback),Direita,Bolsonaro,22,15299,15299,0,13901046,13901046,0,2379866,1800983.0475,578882.9524999999,32.14260974324912,100.0,completo,fallback_quatro_cargos_1t,"{'esperadas': 15299, 'encontradas': 15299}"
2,PR,Diebold,0,Média dos 4 cargos do 1º turno (fallback),Esquerda,Lula,13,15299,15299,0,13901046,13901046,0,1446622,1674278.4525,-227656.4524999999,-13.597287366391642,100.0,completo,fallback_quatro_cargos_1t,"{'esperadas': 15299, 'encontradas': 15299}"
2,PR,Positivo,0,Média dos 4 cargos do 1º turno (fallback),Direita,Bolsonaro,22,10422,10422,0,10241562,10241562,0,1779477,1267082.5541666667,512394.4458333333,40.438915692460476,100.0,completo,fallback_quatro_cargos_1t,"{'esperadas': 10422, 'encontradas': 10422}"
2,PR,Positivo,0,Média dos 4 cargos do 1º turno (fallback),Esquerda,Lula,13,10422,10422,0,10241562,10241562,0,1059983,1293307.9458333333,-233324.9458333333,-18.040942730232135,100.0,completo,fallback_quatro_cargos_1t,"{'esperadas': 10422, 'encontradas': 10422}"
2,RJ,Diebold,0,Média dos 4 cargos do 1º turno (fallback),Direita,Bolsonaro,22,19830,19830,0,18732249,18732249,0,3058693,2870611.0108333337,188081.9891666663,6.551984523743126,100.0,completo,fallback_quatro_cargos_1t,"{'esperadas': 19830, 'encontradas': 19830}"
2,RJ,Diebold,0,Média dos 4 cargos do 1º turno (fallback),Esquerda,Lula,13,19830,19830,0,18732249,18732249,0,2171511,1812451.2391666668,359059.76083333325,19.810726659792664,100.0,completo,fallback_quatro_cargos_1t,"{'esperadas': 19830, 'encontradas': 19830}"
2,RJ,Positivo,0,Média dos 4 cargos do 1º turno (fallback),Direita,Bolsonaro,22,14238,14238,0,15167856,15167856,0,2345201,2111659.2125,233541.7875000001,11.05963434428936,100.0,completo,fallback_quatro_cargos_1t,"{'esperadas': 14238, 'encontradas': 14238}"
2,RJ,Positivo,0,Média dos 4 cargos do 1º turno (fallback),Esquerda,Lula,13,14238,14238,0,15167856,15167856,0,1984706,1680304.7874999999,304401.21250000014,18.11583319671999,100.0,completo,fallback_quatro_cargos_1t,"{'esperadas': 14238, 'encontradas': 14238}"
2,RN,Diebold,0,Média dos 4 cargos do 1º turno (fallback),Direita,Bolsonaro,22,4009,4009,0,3568233,3568233,0,282643,347446.9691666667,-64803.96916666668,-18.65147056026869,100.0,completo,fallback_quatro_cargos_1t,"{'esperadas': 4009, 'encontradas': 4009}"
2,RN,Diebold,0,Média dos 4 cargos do 1º turno (fallback),Esquerda,Lula,13,4009,4009,0,3568233,3568233,0,715665,544611.2808333333,171053.71916666673,31.40840544193835,100.0,completo,fallback_quatro_cargos_1t,"{'esperadas': 4009, 'encontradas': 4009}"
2,RN,Positivo,0,Média dos 4 cargos do 1º turno (fallback),Direita,Bolsonaro,22,3665,3665,0,3706750,3706750,0,428738,383160.2775,45577.722499999974,11.895210745064766,100.0,completo,fallback_quatro_cargos_1t,"{'esperadas': 3665, 'encontradas': 3665}"
2,RN,Positivo,0,Média dos 4 cargos do 1º turno (fallback),Esquerda,Lula,13,3665,3665,0,3706750,3706750,0,611120,543527.2224999999,67592.77750000008,12.435950712661882,100.0,completo,fallback_quatro_cargos_1t,"{'esperadas': 3665, 'encontradas': 3665}"
2,RR,Diebold,0,Média dos 4 cargos do 1º turno (fallback),Direita,Bolsonaro,22,237,237,0,189537,189537,0,26260,30661.0575,-4401.057499999999,-14.353899894026812,100.0,completo,fallback_quatro_cargos_1t,"{'esperadas': 237, 'encontradas': 237}"
2,RR,Diebold,0,Média dos 4 cargos do 1º turno (fallback),Esquerda,Lula,13,237,237,0,189537,189537,0,16497,16723.192499999997,-226.19249999999738,-1.3525676990203683,100.0,completo,fallback_quatro_cargos_1t,"{'esperadas': 237, 'encontradas': 237}"
2,RR,Positivo,0,Média dos 4 cargos do 1º turno (fallback),Direita,Bolsonaro,22,1031,1031,0,969671,969671,0,187258,158548.37666666665,28709.62333333335,18.107800241747473,100.0,completo,fallback_quatro_cargos_1t,"{'esperadas': 1031, 'encontradas': 1031}"
2,RR,Positivo,0,Média dos 4 cargos do 1º turno (fallback),Esquerda,Lula,13,1031,1031,0,969671,969671,0,50631,83869.37333333334,-33238.37333333334,-39.6311216029117,100.0,completo,fallback_quatro_cargos_1t,"{'esperadas': 1031, 'encontradas': 1031}"
2,TO,Diebold,0,Média dos 4 cargos do 1º turno (fallback),Direita,Bolsonaro,22,2318,2318,0,1937120,1937120,0,234760,321387.2575,-86627.2575,-26.95416681229187,100.0,completo,fallback_quatro_cargos_1t,"{'esperadas': 2318, 'encontradas': 2318}"
2,TO,Diebold,0,Média dos 4 cargos do 1º turno (fallback),Esquerda,Lula,13,2318,2318,0,1937120,1937120,0,259397,162892.7425,96504.2575,59.24404980780529,100.0,completo,fallback_quatro_cargos_1t,"{'esperadas': 2318, 'encontradas': 2318}"
2,TO,Positivo,0,Média dos 4 cargos do 1º turno (fallback),Direita,Bolsonaro,22,1639,1639,0,1344644,1344644,0,176894,220985.3108333333,-44091.31083333329,-19.95214553721486,100.0,completo,fallback_quatro_cargos_1t,"{'esperadas': 1639, 'encontradas': 1639}"
2,TO,Positivo,0,Média dos 4 cargos do 1º turno (fallback),Esquerda,Lula,13,1639,1639,0,1344644,1344644,0,175196,115175.68916666666,60020.31083333334,52.111961532507145,100.0,completo,fallback_quatro_cargos_1t,"{'esperadas': 1639, 'encontradas': 1639}"
2,ZZ,Diebold,0,Média dos 4 cargos do 1º turno (fallback),Direita,Bolsonaro,22,1017,1014,0,0,0,0,145264,,,,,referência 1T incompleta,fallback_quatro_cargos_1t,"{'esperadas': 1017, 'encontradas': 1014}"
2,ZZ,Diebold,0,Média dos 4 cargos do 1º turno (fallback),Esquerda,Lula,13,1017,1014,0,0,0,0,152905,,,,,referência 1T incompleta,fallback_quatro_cargos_1t,"{'esperadas': 1017, 'encontradas': 1014}"
