numero,sigla,nome,comentario
10,REPUBLICANOS,Republicanos,Coligação oficial de Bolsonaro
11,PP,Progressistas,Coligação oficial de Bolsonaro
12,PDT,Partido Democrático Trabalhista,"No 1º turno lançou Ciro Gomes (3,04%); no 2º turno apoiou Lula"
13,PT,Partido dos Trabalhadores,Partido de Lula
14,PTB,Partido Trabalhista Brasileiro,Muito próximo de Bolsonaro; teve candidatura própria de direita
15,MDB,Movimento Democrático Brasileiro,"No 1º turno lançou Simone Tebet (4,16%); no 2º turno seus principais líderes nacionais apoiaram Lula, embora o partido tenha permanecido dividido"
16,PSTU,Partido Socialista dos Trabalhadores Unificado,Lançou Vera Lúcia; esquerda radical
18,REDE,Rede Sustentabilidade,Federação PSOL/REDE
19,PODE,Podemos,Compôs a chapa de Simone Tebet; permaneceu dividido no 2º turno
20,PSC,Partido Social Cristão,Conservador; posteriormente apoio formal a Bolsonaro
21,PCB,Partido Comunista Brasileiro,Lançou Sofia Manzano
22,PL,Partido Liberal,Partido de Bolsonaro
23,CIDADANIA,Cidadania,Federação PSDB/Cidadania apoiou Simone Tebet no 1º turno e Lula no 2º
27,DC,Democracia Cristã,"Lançou Eymael (0,01%); pequena tendência à direita no 2º turno"
28,PRTB,Partido Renovador Trabalhista Brasileiro,Histórico de proximidade com Bolsonaro
29,PCO,Partido da Causa Operária,Esquerda radical; candidato próprio no 1º turno
30,NOVO,Partido Novo,"Lançou Felipe d'Avila (0,47%); sem candidato no 2º turno, eleitorado tende majoritariamente à direita"
33,PMN,Partido da Mobilização Nacional,Pouco alinhamento nacional consistente
35,PMB,Partido da Mulher Brasileira,Pequeno partido; perfil conservador
36,AGIR,Agir,Coligação oficial de Lula
40,PSB,Partido Socialista Brasileiro,Vice Geraldo Alckmin na chapa de Lula
43,PV,Partido Verde,Federação Brasil da Esperança
44,UNIÃO,União Brasil,"Lançou Soraya Thronicke (0,51%); partido dividido no 2º turno"
45,PSDB,Partido da Social Democracia Brasileira,Federação apoiou Simone Tebet; permaneceu dividida no 2º turno
50,PSOL,Partido Socialismo e Liberdade,Federação PSOL/REDE
51,PATRIOTA,Patriota,"Muito à direita, mas sem alinhamento nacional tão disciplinado"
55,PSD,Partido Social Democrático,Neutralidade oficial; partido dividido
65,PCdoB,Partido Comunista do Brasil,Federação Brasil da Esperança
70,AVANTE,Avante,Retirou a candidatura de André Janones e apoiou Lula ainda no 1º turno
77,SOLIDARIEDADE,Solidariedade,Coligação de Lula
80,UP,Unidade Popular,"Lançou Léo Péricles (0,05%)"
90,PROS,Partido Republicano da Ordem Social,Entrou formalmente na coligação de Lula
