numero,sigla,score_1t_pres_22,score_2t_pres_22,score_1t_pres_13,score_2t_pres_13
10,REPUBLICANOS,0.9166666666666666,0.9166666666666666,0.08333333333333333,0.08333333333333333
11,PP,0.9166666666666666,0.9166666666666666,0.08333333333333333,0.08333333333333333
12,PDT,0.5,0.3333333333333333,0.5,0.6666666666666667
13,PT,0.0,0.0,1.0,1.0
14,PTB,0.85,0.9,0.15,0.1
15,MDB,0.5,0.4166666666666667,0.5,0.5833333333333333
16,PSTU,0.08333333333333333,0.0,0.9166666666666666,1.0
18,REDE,0.08333333333333333,0.08333333333333333,0.9166666666666666,0.9166666666666666
19,PODE,0.5,0.5,0.5,0.5
20,PSC,0.9,0.95,0.1,0.05
21,PCB,0.08333333333333333,0.0,0.9166666666666666,1.0
22,PL,1.0,1.0,0.0,0.0
23,CIDADANIA,0.5,0.4166666666666667,0.5,0.5833333333333333
27,DC,0.5,0.5833333333333334,0.5,0.4166666666666667
28,PRTB,0.75,0.75,0.25,0.25
29,PCO,0.16666666666666666,0.08333333333333333,0.8333333333333334,0.9166666666666666
30,NOVO,0.5833333333333334,0.75,0.4166666666666667,0.25
33,PMN,0.5,0.5,0.5,0.5
35,PMB,0.6666666666666666,0.6666666666666666,0.3333333333333333,0.3333333333333333
36,AGIR,0.16666666666666666,0.08333333333333333,0.8333333333333334,0.9166666666666666
40,PSB,0.08333333333333333,0.08333333333333333,0.9166666666666666,0.9166666666666666
43,PV,0.08333333333333333,0.08333333333333333,0.9166666666666666,0.9166666666666666
44,UNIÃO,0.5,0.5833333333333334,0.5,0.4166666666666667
45,PSDB,0.5,0.5,0.5,0.5
50,PSOL,0.08333333333333333,0.08333333333333333,0.9166666666666666,0.9166666666666666
51,PATRIOTA,0.82,0.87,0.18,0.13
55,PSD,0.5,0.5,0.5,0.5
65,PCdoB,0.08333333333333333,0.08333333333333333,0.9166666666666666,0.9166666666666666
70,AVANTE,0.16666666666666666,0.08333333333333333,0.8333333333333334,0.9166666666666666
77,SOLIDARIEDADE,0.16666666666666666,0.08333333333333333,0.8333333333333334,0.9166666666666666
80,UP,0.08333333333333333,0.0,0.9166666666666666,1.0
90,PROS,0.35,0.4,0.65,0.6
