nr_partido,s_Bolsonaro,s_Lula,s_Outros,s_Branco,s_Nulo,uf,turno,cargo,sg_partido
0,0.0,1.0,1.0,0.007812767053939768,0.0,AC,2,Deputado Federal (1T→2T),0
10,0.6958172457435077,0.1566127412423247,0.8605181819764591,0.0,0.0,AC,2,Deputado Federal (1T→2T),REPUBLICANOS
11,0.7230432621736338,0.2234385699339284,0.9704986484780105,0.0,0.01114857571999682,AC,2,Deputado Federal (1T→2T),PP
12,0.6502011492105785,0.2878565659661867,0.9880013206624947,0.008267487551136397,0.014707542900722986,AC,2,Deputado Federal (1T→2T),PDT
13,0.0,1.0,0.8672633907890053,0.05551889980133197,0.02086642993812312,AC,2,Deputado Federal (1T→2T),PT
14,0.0,0.0,0.0,0.0,0.0,AC,2,Deputado Federal (1T→2T),14
15,0.9960329239240517,0.16363202869816074,1.0,0.010905909566031696,0.0,AC,2,Deputado Federal (1T→2T),MDB
16,0.0,0.0,0.0,0.0,0.0,AC,2,Deputado Federal (1T→2T),16
18,0.13592872931100777,1.0,1.0,0.0835416460319064,0.04759392064504701,AC,2,Deputado Federal (1T→2T),REDE
19,0.6179106007805512,0.2600985305744541,0.8819713885088203,0.0,0.0,AC,2,Deputado Federal (1T→2T),PODE
20,0.5713971978998301,0.2143423580104567,0.7870254577464532,0.06103850897342714,0.01687260504950205,AC,2,Deputado Federal (1T→2T),PSC
21,0.0,0.0,0.0,0.0,0.0,AC,2,Deputado Federal (1T→2T),21
22,0.0,0.0,0.0,0.0,0.0,AC,2,Deputado Federal (1T→2T),22
23,0.3806033853243732,0.7778342783602028,1.0,0.04572069136732029,0.1481992085663601,AC,2,Deputado Federal (1T→2T),CIDADANIA
27,0.0,0.0,0.0,0.0,0.0,AC,2,Deputado Federal (1T→2T),27
28,0.0,0.0,0.0,0.0,0.0,AC,2,Deputado Federal (1T→2T),28
29,1.0,0.0,1.0,0.0,0.0,AC,2,Deputado Federal (1T→2T),PCO
30,0.0,0.0,0.0,0.0,0.0,AC,2,Deputado Federal (1T→2T),30
33,1.0,0.08125445216145226,1.0,0.0,0.0,AC,2,Deputado Federal (1T→2T),PMN
35,0.0,0.0,0.0,0.0,0.0,AC,2,Deputado Federal (1T→2T),35
36,1.0,0.0,1.0,0.01067817397604248,0.2142029717303775,AC,2,Deputado Federal (1T→2T),AGIR
40,0.21279363403166127,0.8080734753284718,1.0,0.06836443941115446,0.07293986081750536,AC,2,Deputado Federal (1T→2T),PSB
43,0.1660243382819186,0.8685308306104741,1.0,0.002058613679717368,0.01089710788980697,AC,2,Deputado Federal (1T→2T),PV
44,0.7659402113257815,0.13410219552534913,0.9128140527029839,0.00714063173999932,0.0,AC,2,Deputado Federal (1T→2T),UNIÃO
45,0.7267980116923694,0.21306595370367098,0.9637040761069966,0.014081166971674011,0.024898228253556157,AC,2,Deputado Federal (1T→2T),PSDB
50,1.0,0.1574697661815079,1.0,0.0,0.0,AC,2,Deputado Federal (1T→2T),PSOL
51,0.8438464141005053,0.0,0.8746851674103961,0.07487320285138174,0.009969336717769589,AC,2,Deputado Federal (1T→2T),PATRIOTA
55,0.8789064812245378,0.08838685916888647,0.9928659810151786,0.013258330006580853,0.021492441562696807,AC,2,Deputado Federal (1T→2T),PSD
70,0.0,0.0,0.0,0.0,0.0,AC,2,Deputado Federal (1T→2T),70
77,0.935416719116047,0.03077318656348195,0.982427100475741,0.0,0.0,AC,2,Deputado Federal (1T→2T),SOLIDARIEDADE
80,0.0,0.0,0.0,0.0,0.0,AC,2,Deputado Federal (1T→2T),80
90,0.872314506942992,0.05805851155672815,0.9190586750865763,0.03548300096903894,0.02389350616870622,AC,2,Deputado Federal (1T→2T),PROS
95,0.4678787515517294,0.1696889712881831,0.6372177750923339,0.08888282399812925,0.0,AC,2,Deputado Federal (1T→2T),95
96,0.8357118654932518,0.03696079439876288,0.9346398877831239,0.0,0.2607435386870051,AC,2,Deputado Federal (1T→2T),96
0,0.4655785089762538,0.804194177176544,1.0,0.20231773670869693,0.0,AL,2,Deputado Federal (1T→2T),0
10,0.472986754430486,0.37224315550180487,0.8582695060256531,0.005766824971318536,0.05648068488007443,AL,2,Deputado Federal (1T→2T),REPUBLICANOS
11,0.2622145384170287,0.6182213155331647,0.8867742655035202,0.007167527208168692,0.04724260369952768,AL,2,Deputado Federal (1T→2T),PP
12,0.6050929206501602,0.16560024042657404,1.0,0.015443212706497343,0.03004796942439576,AL,2,Deputado Federal (1T→2T),PDT
13,0.4520244412670391,0.8623248909038774,1.0,0.007932171944382277,0.0,AL,2,Deputado Federal (1T→2T),PT
14,1.0,0.0,1.0,0.008700379458132313,0.0,AL,2,Deputado Federal (1T→2T),PTB
15,0.45663617354798497,0.4336558961153219,0.896938367276876,0.006560244663943221,0.03681603595066059,AL,2,Deputado Federal (1T→2T),MDB
16,1.0,0.0,1.0,0.03554491292623221,0.0,AL,2,Deputado Federal (1T→2T),PSTU
18,0.0,1.0,0.9999999999999999,0.0,1.0,AL,2,Deputado Federal (1T→2T),REDE
19,0.0,0.0,0.0,0.0,0.0,AL,2,Deputado Federal (1T→2T),PODE
20,0.0,0.0,0.0,0.0,0.0,AL,2,Deputado Federal (1T→2T),PSC
21,0.0,0.0,0.0,0.0,0.0,AL,2,Deputado Federal (1T→2T),21
22,0.0,0.0,0.0,0.0,0.0,AL,2,Deputado Federal (1T→2T),22
23,1.0,0.0,1.0,0.0,0.0,AL,2,Deputado Federal (1T→2T),CIDADANIA
27,1.0,0.0,0.561330184037252,0.0,0.17462795675250217,AL,2,Deputado Federal (1T→2T),DC
28,1.0,0.0,1.0,0.0,0.40342696055091065,AL,2,Deputado Federal (1T→2T),PRTB
29,1.0,0.0,1.0,0.23192191348449523,0.0,AL,2,Deputado Federal (1T→2T),PCO
30,0.0,0.0,0.0,0.0,0.0,AL,2,Deputado Federal (1T→2T),30
33,0.8618766520299945,0.0,0.12473469862381424,0.0,0.06215569105315661,AL,2,Deputado Federal (1T→2T),PMN
35,1.0,0.0,1.0,0.0,0.0,AL,2,Deputado Federal (1T→2T),PMB
36,1.0,0.0,0.934269313506289,0.12475516022438439,0.49032634392347785,AL,2,Deputado Federal (1T→2T),AGIR
40,0.6307414581304256,0.3186423473385445,0.9990659922877019,0.01280885605534699,0.06672964875204113,AL,2,Deputado Federal (1T→2T),PSB
43,0.28774815239117313,0.5777300884566126,0.920826270134675,0.021800956852646994,0.07935629441948135,AL,2,Deputado Federal (1T→2T),PV
44,0.9120818852359098,0.1077301307594023,1.0,0.010577090581023898,0.0,AL,2,Deputado Federal (1T→2T),UNIÃO
45,0.9733457198071198,0.01590187705600364,1.0,0.0041312656836259174,0.0,AL,2,Deputado Federal (1T→2T),PSDB
50,1.0,0.05837277249445248,1.0,0.0,0.0,AL,2,Deputado Federal (1T→2T),PSOL
51,1.0,0.0,1.0,0.0,0.0,AL,2,Deputado Federal (1T→2T),PATRIOTA
55,0.1319114104549982,0.654440839138651,0.875032023965207,0.016109264854590823,0.03635362532508589,AL,2,Deputado Federal (1T→2T),PSD
70,1.0,0.0,1.0,0.019797379753456502,0.0,AL,2,Deputado Federal (1T→2T),AVANTE
77,0.7967767480315976,0.0,1.0,0.11333914281237929,0.0,AL,2,Deputado Federal (1T→2T),SOLIDARIEDADE
80,0.7479046138353356,0.8358793811514468,1.0,0.0,0.0,AL,2,Deputado Federal (1T→2T),UP
90,0.0,1.0,0.5857056668257868,0.41628647072082126,0.8870992476189807,AL,2,Deputado Federal (1T→2T),PROS
95,0.13688888354815026,0.5890600997911781,0.7495678335015373,0.09788265176708723,0.10307195200646253,AL,2,Deputado Federal (1T→2T),95
96,1.0,0.0,1.0,0.0,0.26538784413873706,AL,2,Deputado Federal (1T→2T),96
0,0.0,1.0,0.8811370124814821,0.0,0.06462857329294855,AM,2,Deputado Federal (1T→2T),0
10,0.47855147344520216,0.4063621353691263,0.8983055187854325,0.014970460373037913,0.04898548813921255,AM,2,Deputado Federal (1T→2T),REPUBLICANOS
11,0.0,0.0,0.0,0.0,0.0,AM,2,Deputado Federal (1T→2T),PP
12,0.46538526089889154,0.27254044166428504,0.8798661852890416,0.02059140143334441,0.0177196903776459,AM,2,Deputado Federal (1T→2T),PDT
13,0.0,1.0,0.9892749638263688,0.01534335315930627,0.036377261446480014,AM,2,Deputado Federal (1T→2T),PT
14,0.41049453207687203,0.3135993680404658,0.6946085924535875,0.011777443155692709,0.07905566617908971,AM,2,Deputado Federal (1T→2T),PTB
15,0.13856761565574555,0.6123244072952638,0.7666489999147559,0.026771399689943413,0.0440167410369127,AM,2,Deputado Federal (1T→2T),MDB
16,0.0,0.0,0.0,0.0,0.0,AM,2,Deputado Federal (1T→2T),PSTU
18,0.31602059593364545,0.8081220816077342,1.0,0.050236921661145156,0.0,AM,2,Deputado Federal (1T→2T),REDE
19,0.0,1.0,0.7366095447476978,0.41650625467610186,0.0,AM,2,Deputado Federal (1T→2T),PODE
20,0.0,0.8888394936948,0.8074803612579515,0.0,0.11006770544389138,AM,2,Deputado Federal (1T→2T),PSC
21,0.0,0.0,0.0,0.0,0.0,AM,2,Deputado Federal (1T→2T),21
22,1.0,0.0,1.0,0.0,0.0,AM,2,Deputado Federal (1T→2T),PL
23,0.8668402942095229,0.15668259929556178,1.0,0.01938580324015093,0.0,AM,2,Deputado Federal (1T→2T),CIDADANIA
27,0.4137948150055574,0.6148745121685034,1.0,0.0,0.09620785741170779,AM,2,Deputado Federal (1T→2T),DC
28,0.0,0.0,0.0,0.0,0.0,AM,2,Deputado Federal (1T→2T),PRTB
29,1.0,0.8932395780946327,1.0,0.0,0.040371759869085415,AM,2,Deputado Federal (1T→2T),PCO
30,1.0,0.0,1.0,0.0756203876540072,0.0,AM,2,Deputado Federal (1T→2T),NOVO
33,0.7001172781915855,0.25381273381771713,0.9474179920562944,0.0,0.0,AM,2,Deputado Federal (1T→2T),PMN
35,0.0,0.0,0.0,0.0,0.0,AM,2,Deputado Federal (1T→2T),PMB
36,1.0,0.0,1.0,0.08732900714371748,0.0,AM,2,Deputado Federal (1T→2T),AGIR
40,0.0,0.8678212215598364,0.6478000577690578,0.09213532420670131,0.2239902610314555,AM,2,Deputado Federal (1T→2T),PSB
43,0.31342668683482733,0.7521545577022284,1.0,0.047793792588479045,0.0,AM,2,Deputado Federal (1T→2T),PV
44,0.6210958904683371,0.3046646654706535,0.967576550333165,0.004452838437760625,0.019424158590222635,AM,2,Deputado Federal (1T→2T),UNIÃO
45,0.0,1.0,0.804028033239912,0.0,0.10693064752224167,AM,2,Deputado Federal (1T→2T),PSDB
50,0.0,1.0,1.0,0.038386522139808914,0.0,AM,2,Deputado Federal (1T→2T),PSOL
51,0.0,0.9372120265608122,0.6818760901694361,0.0018251051246823968,0.06671962673219267,AM,2,Deputado Federal (1T→2T),PATRIOTA
55,0.25123279982493274,0.6013070969587395,0.8845063476428234,0.004399215954368189,0.07392228236210849,AM,2,Deputado Federal (1T→2T),PSD
70,0.4762439159487168,0.428842501193786,0.9345966684413768,0.005695419700338742,0.0608240901524121,AM,2,Deputado Federal (1T→2T),AVANTE
77,0.9684965977375315,0.0800019909387013,1.0,0.0,0.14681277236478246,AM,2,Deputado Federal (1T→2T),SOLIDARIEDADE
80,0.0,0.0,0.0,0.0,0.0,AM,2,Deputado Federal (1T→2T),UP
90,0.38619244273289954,0.2613961180296108,0.751584233750776,0.05031071910675815,0.17357367703002005,AM,2,Deputado Federal (1T→2T),PROS
95,0.3219136374486176,0.5392730390392797,0.8721843011173859,0.03752630608944925,0.0,AM,2,Deputado Federal (1T→2T),95
96,0.4430474914731892,0.1700597010495429,0.6369176867440656,0.025753913528981265,0.3644121105920198,AM,2,Deputado Federal (1T→2T),96
0,0.33756103562569056,0.4443071249108878,0.8200300604662107,0.013356396380287346,0.01223223608607115,AP,2,Deputado Federal (1T→2T),0
10,0.2664353002293849,0.4469958050208842,0.6873861562474239,0.0,0.0,AP,2,Deputado Federal (1T→2T),REPUBLICANOS
11,0.7377938622273577,0.11616294480064575,0.8984623706401512,0.0009890277578454218,0.0,AP,2,Deputado Federal (1T→2T),PP
12,0.5020837668647156,0.46967966736372524,1.0,0.010718812410912175,0.004767246902594252,AP,2,Deputado Federal (1T→2T),PDT
13,0.0,1.0,1.0,0.04317219225137015,0.011588007758540827,AP,2,Deputado Federal (1T→2T),PT
14,0.7279559137877226,0.04076584675700632,0.868593185742083,0.0402490096545216,0.0,AP,2,Deputado Federal (1T→2T),PTB
15,0.2243503645515557,0.5259684867009983,0.7756960607074461,0.006187157091115563,0.0,AP,2,Deputado Federal (1T→2T),MDB
16,0.0,0.0,0.0,0.0,0.0,AP,2,Deputado Federal (1T→2T),PSTU
18,0.48165268530168437,0.42105395127901807,0.9537470512742319,0.0,0.028935731465685472,AP,2,Deputado Federal (1T→2T),REDE
19,0.691945452820718,0.338141944615031,1.0,0.0,0.0,AP,2,Deputado Federal (1T→2T),PODE
20,0.6687236738396577,0.07972830373513808,0.8458485813055785,0.0017880711512788024,0.008330886649366421,AP,2,Deputado Federal (1T→2T),PSC
21,0.0,0.0,0.0,0.0,0.0,AP,2,Deputado Federal (1T→2T),21
22,0.6627150854149605,0.3757984544838823,1.0,0.006684378055651966,0.021325974603074203,AP,2,Deputado Federal (1T→2T),PL
23,0.10303628985362501,1.0,1.0,0.0,0.0,AP,2,Deputado Federal (1T→2T),CIDADANIA
27,0.0,0.0,0.0,0.0,0.0,AP,2,Deputado Federal (1T→2T),DC
28,0.0,1.0,0.5765188350955354,0.0,0.0,AP,2,Deputado Federal (1T→2T),PRTB
29,0.0,1.0,1.0,0.04249774923063761,0.09399551430278817,AP,2,Deputado Federal (1T→2T),PCO
30,0.0,0.0,0.0,0.0,0.0,AP,2,Deputado Federal (1T→2T),NOVO
33,0.0,0.0,0.0,0.0,0.0,AP,2,Deputado Federal (1T→2T),PMN
35,0.0,0.0,0.0,0.0,0.0,AP,2,Deputado Federal (1T→2T),PMB
36,1.0,0.0,1.0,0.0,0.0,AP,2,Deputado Federal (1T→2T),AGIR
40,0.5159758160706137,0.8497068408374627,1.0,0.028602880079284083,0.057826760202837744,AP,2,Deputado Federal (1T→2T),PSB
43,0.3398420793826586,0.9511013236269528,1.0,0.02979357117739089,0.17967703269262017,AP,2,Deputado Federal (1T→2T),PV
44,0.0,0.0,0.0,0.0,0.0,AP,2,Deputado Federal (1T→2T),UNIÃO
45,0.49462586613784865,0.3224849314859063,0.938621485024263,0.0006017934388373326,0.015613223436289172,AP,2,Deputado Federal (1T→2T),PSDB
50,0.108431238395685,0.7399213361308619,0.9250949599394552,0.00971327853119681,0.0,AP,2,Deputado Federal (1T→2T),PSOL
51,1.0,0.10212344782364333,1.0,0.0,0.0,AP,2,Deputado Federal (1T→2T),PATRIOTA
55,0.7390534222425351,0.21332741183420215,1.0,0.0,0.0,AP,2,Deputado Federal (1T→2T),PSD
70,1.0,0.5110407224925161,1.0,0.005144255535396504,0.08986058847323958,AP,2,Deputado Federal (1T→2T),AVANTE
77,0.0,0.0,0.0,0.0,0.0,AP,2,Deputado Federal (1T→2T),SOLIDARIEDADE
80,0.0,0.0,0.0,0.0,0.0,AP,2,Deputado Federal (1T→2T),UP
90,0.0,0.0,0.0,0.0,0.0,AP,2,Deputado Federal (1T→2T),PROS
95,0.0,0.44935257456539973,0.4821442922096196,0.06289213738089167,0.0,AP,2,Deputado Federal (1T→2T),95
96,0.914537530686101,0.24623422675279488,1.0,0.02632918113384461,0.22424064735037624,AP,2,Deputado Federal (1T→2T),96
0,0.13589645531888414,0.843713153213887,0.9899170304978746,0.010389252585798897,0.0138436774892246,BA,2,Deputado Federal (1T→2T),0
10,0.31114569067590736,0.63965381532498,0.9568723893360103,0.00794227852622429,0.03909519653544952,BA,2,Deputado Federal (1T→2T),REPUBLICANOS
11,0.14724057252841166,0.773777361130544,0.9238904021188152,0.008528371109689913,0.03983676943883522,BA,2,Deputado Federal (1T→2T),PP
12,0.2539292956218548,0.7097851026728718,0.9995920983912681,0.014193270667161131,0.03337567875150547,BA,2,Deputado Federal (1T→2T),PDT
13,0.1373938351907716,0.8430742064089818,0.9852583937417057,0.007743923202957571,0.027314179136632283,BA,2,Deputado Federal (1T→2T),PT
14,1.0,0.0,0.9426576572564531,0.006989361046074167,0.04192471978530078,BA,2,Deputado Federal (1T→2T),PTB
15,0.19945667860240152,0.728520454349937,0.9242878360181966,0.0016309969897182251,0.03526749302421371,BA,2,Deputado Federal (1T→2T),MDB
16,0.0,0.0,0.0,0.0,0.0,BA,2,Deputado Federal (1T→2T),PSTU
18,0.12009356288855708,1.0,1.0,0.0,0.0,BA,2,Deputado Federal (1T→2T),REDE
19,0.4649965718721329,0.49248816932579637,0.9791049567972024,0.010145720945253317,0.0025478760947399825,BA,2,Deputado Federal (1T→2T),PODE
20,0.7795738865936886,0.23550866277681531,1.0,0.00497585086253284,0.024339527714116103,BA,2,Deputado Federal (1T→2T),PSC
21,1.0,0.0,1.0,0.0,0.0,BA,2,Deputado Federal (1T→2T),PCB
22,1.0,0.0,1.0,0.009484560731397577,0.0,BA,2,Deputado Federal (1T→2T),PL
23,0.6467160175017496,0.28738712113586407,0.9479025057970626,0.01544459776411119,0.0282812078301671,BA,2,Deputado Federal (1T→2T),CIDADANIA
27,0.017031880369554903,0.7531336278312578,0.8326135957522787,0.048222276487221064,0.17458617556100559,BA,2,Deputado Federal (1T→2T),DC
28,0.0,1.0,0.512238267178906,0.06686889048986215,0.11753193578437768,BA,2,Deputado Federal (1T→2T),PRTB
29,0.0,0.7248045884911373,0.27270259580356576,0.0,0.24692843540885293,BA,2,Deputado Federal (1T→2T),PCO
30,1.0,0.0,1.0,0.03303523730248888,0.0,BA,2,Deputado Federal (1T→2T),NOVO
33,0.0,0.0,0.0,0.0,0.0,BA,2,Deputado Federal (1T→2T),PMN
35,1.0,0.0,0.9652527423158883,0.014029711837628247,0.0,BA,2,Deputado Federal (1T→2T),PMB
36,0.0,0.828728612956669,0.8574968832032738,0.0,0.21337372913178074,BA,2,Deputado Federal (1T→2T),AGIR
40,0.051476362785460174,0.9605162295336537,1.0,0.00023788917975978808,0.0,BA,2,Deputado Federal (1T→2T),PSB
43,0.1623790457698448,0.7591089150671496,0.9341754355120955,0.008011764516466595,0.05389682132178802,BA,2,Deputado Federal (1T→2T),PV
44,0.46385955536946477,0.4708621195779768,0.9332129965887891,0.010712783229679732,0.04445452037017315,BA,2,Deputado Federal (1T→2T),UNIÃO
45,0.14446454802851366,0.7514536927801614,0.8991205993561968,0.008340767170026594,0.0385658115401661,BA,2,Deputado Federal (1T→2T),PSDB
50,1.0,0.20895651860379263,1.0,0.006087198863315709,0.0,BA,2,Deputado Federal (1T→2T),PSOL
51,0.0,1.0,0.9056847602855969,0.03495566190086169,0.11869929994250009,BA,2,Deputado Federal (1T→2T),PATRIOTA
55,0.13296603671885474,0.8321357829283208,0.9639493577909369,0.006990661958184437,0.03087097858963285,BA,2,Deputado Federal (1T→2T),PSD
70,0.0,1.0,0.9866871586008734,0.023507004190204607,0.025435562237796826,BA,2,Deputado Federal (1T→2T),AVANTE
77,0.7675037465514336,0.06528634271687944,0.8539510022725717,0.029675949063875492,0.017187433020770453,BA,2,Deputado Federal (1T→2T),SOLIDARIEDADE
80,1.0,0.2986357854615733,1.0,0.0,0.0,BA,2,Deputado Federal (1T→2T),UP
90,1.0,0.0,1.0,0.0,0.23721509642445154,BA,2,Deputado Federal (1T→2T),PROS
95,0.08647029392634754,0.7587038232188128,0.9576514850070206,0.09424033476217225,0.0,BA,2,Deputado Federal (1T→2T),95
96,0.0,0.8121188960969032,0.6835168606144668,0.01802583576848399,0.4230615581261395,BA,2,Deputado Federal (1T→2T),96
0,0.662742276846907,0.5106510929839244,1.0,0.0,0.0,CE,2,Deputado Federal (1T→2T),0
10,0.7973463355967658,0.2526444246692372,1.0,0.001842020321759595,0.008233839389556543,CE,2,Deputado Federal (1T→2T),REPUBLICANOS
11,0.018505886528756656,0.9192103903443124,0.9340380754297103,0.005042308529868027,0.019138793434297405,CE,2,Deputado Federal (1T→2T),PP
12,0.18455651679688906,0.7763354111496982,0.9584199519507903,0.012589408184594938,0.018430211816921397,CE,2,Deputado Federal (1T→2T),PDT
13,0.12399488583331031,0.8660341588911329,0.9982978622818538,0.008151737419537772,0.011294120521964249,CE,2,Deputado Federal (1T→2T),PT
14,1.0,0.0,1.0,0.0,0.025260116004988963,CE,2,Deputado Federal (1T→2T),PTB
15,0.0,1.0,0.933814552935042,0.00821519527108443,0.014216644976845244,CE,2,Deputado Federal (1T→2T),MDB
16,0.5196895218545983,0.933639508173723,1.0,0.0,0.08338799760945122,CE,2,Deputado Federal (1T→2T),PSTU
18,0.8928715963068906,0.011860733645939888,0.9321080036238929,0.0,0.0,CE,2,Deputado Federal (1T→2T),REDE
19,1.0,0.0,1.0,0.0,0.02195132547000658,CE,2,Deputado Federal (1T→2T),PODE
20,0.7698090136805676,0.24144292902282757,1.0,0.00814066216762181,0.03370597659334967,CE,2,Deputado Federal (1T→2T),PSC
21,0.0,1.0,0.9943216106756263,0.04730590205489493,0.07519280855661113,CE,2,Deputado Federal (1T→2T),PCB
22,0.39186680501095034,0.5732695276057996,0.9688047061322322,0.009166628734698628,0.012103969151714307,CE,2,Deputado Federal (1T→2T),PL
23,0.5445909120374254,0.46481534920953677,1.0,0.02986329419465616,0.059298237515146866,CE,2,Deputado Federal (1T→2T),CIDADANIA
27,0.0,0.0,0.0,0.0,0.0,CE,2,Deputado Federal (1T→2T),DC
28,0.0,0.0,0.0,0.0,0.0,CE,2,Deputado Federal (1T→2T),PRTB
29,0.0,1.0,0.1512568742336243,0.0,0.0,CE,2,Deputado Federal (1T→2T),PCO
30,1.0,0.0,1.0,0.15026870536267378,0.06579739834272598,CE,2,Deputado Federal (1T→2T),NOVO
33,0.1227661084511041,1.0,1.0,0.0,0.025740474053761293,CE,2,Deputado Federal (1T→2T),PMN
35,1.0,0.0,1.0,0.0,0.07308905603873368,CE,2,Deputado Federal (1T→2T),PMB
36,0.8209512072388575,0.0,0.715406415896137,0.0,0.052648154441512066,CE,2,Deputado Federal (1T→2T),AGIR
40,0.16031919860630964,0.8140631085083613,0.9765433058718032,0.0016703834460616517,0.01661954684462674,CE,2,Deputado Federal (1T→2T),PSB
43,0.0,1.0,1.0,0.007547481724481545,0.037561815527027226,CE,2,Deputado Federal (1T→2T),PV
44,0.2853368772359469,0.6758134236595147,0.9644858615946706,0.007272234631731464,0.013461476143963091,CE,2,Deputado Federal (1T→2T),UNIÃO
45,0.511007070471871,0.40382880166991353,0.946603704125261,0.01960652491829762,0.030983636280322864,CE,2,Deputado Federal (1T→2T),PSDB
50,1.0,0.0,1.0,0.012359564032360248,0.011205832760972615,CE,2,Deputado Federal (1T→2T),PSOL
51,1.0,0.0,1.0,0.0,0.027665227506455357,CE,2,Deputado Federal (1T→2T),PATRIOTA
55,0.45209412761403334,0.5126608975172148,0.979284163694498,0.011868698504887233,0.025734882762791393,CE,2,Deputado Federal (1T→2T),PSD
70,0.17684328827956436,0.8537463022979555,1.0,0.008043300711471723,0.0,CE,2,Deputado Federal (1T→2T),AVANTE
77,0.0,0.0,0.0,0.0,0.0,CE,2,Deputado Federal (1T→2T),SOLIDARIEDADE
80,1.0,0.0,1.0,0.04306226231043382,0.12264162884697677,CE,2,Deputado Federal (1T→2T),UP
90,1.0,0.0,1.0,0.02425590359897576,0.07958729392986093,CE,2,Deputado Federal (1T→2T),PROS
95,0.25503218931268745,0.6698196919201609,0.9537706423341901,0.06417683260328212,0.0,CE,2,Deputado Federal (1T→2T),95
96,0.6841744726439803,0.0999621307832524,0.8200745848359275,0.009842322250752145,0.25960844395917454,CE,2,Deputado Federal (1T→2T),96
0,0.0,1.0,1.0,0.028879177129787752,0.04099178115408666,DF,2,Deputado Federal (1T→2T),0
10,0.7325990414705562,0.3094620031264469,1.0,0.0022894300733418554,0.0,DF,2,Deputado Federal (1T→2T),REPUBLICANOS
11,0.6425579417034981,0.3112222718628763,0.9719842668262081,0.01937415365431449,0.014493726449513814,DF,2,Deputado Federal (1T→2T),PP
12,0.0,1.0,1.0,0.016578854163429947,0.037631509272680906,DF,2,Deputado Federal (1T→2T),PDT
13,0.0,1.0,1.0,0.011432331853816329,0.011029846733129815,DF,2,Deputado Federal (1T→2T),PT
14,1.0,0.0,0.8411558250536317,0.03974654650163461,0.0,DF,2,Deputado Federal (1T→2T),PTB
15,0.5312649285372554,0.42952986547382294,1.0,0.01587777846060954,0.010609292212149356,DF,2,Deputado Federal (1T→2T),MDB
16,0.0,1.0,0.48202072083104053,0.2500093109102163,0.0,DF,2,Deputado Federal (1T→2T),PSTU
18,0.0,1.0,1.0,0.0,0.03852946030011768,DF,2,Deputado Federal (1T→2T),REDE
19,1.0,0.0,1.0,0.028263659911155252,0.0,DF,2,Deputado Federal (1T→2T),PODE
20,1.0,0.016823245207745776,1.0,0.0,0.0,DF,2,Deputado Federal (1T→2T),PSC
21,0.0,0.0,0.0,0.0,0.0,DF,2,Deputado Federal (1T→2T),PCB
22,1.0,0.0,1.0,0.0006015897397596844,0.009150903333229187,DF,2,Deputado Federal (1T→2T),PL
23,0.4155939978463276,0.0,0.41231821709906313,0.06685662913953269,0.03915732696619357,DF,2,Deputado Federal (1T→2T),CIDADANIA
27,0.03159477763748983,0.6940794961905475,0.7880054592262475,0.009145883327788045,0.0,DF,2,Deputado Federal (1T→2T),DC
28,1.0,0.0,0.6571166259541663,0.0,0.13651263476412132,DF,2,Deputado Federal (1T→2T),PRTB
29,0.0,1.0,1.0,0.18897566073454983,0.16855760276929826,DF,2,Deputado Federal (1T→2T),PCO
30,0.3846700593401607,0.3886984536814976,0.798341147038703,0.08210710435461283,0.0648055200204911,DF,2,Deputado Federal (1T→2T),NOVO
33,0.8970861436925783,0.018577313715600743,0.9262061142505029,0.04906426049963921,0.02057184989252011,DF,2,Deputado Federal (1T→2T),PMN
35,0.0,0.0,0.0,0.0,0.0,DF,2,Deputado Federal (1T→2T),PMB
36,0.2664337854897381,0.7118759123182151,0.996237608458016,0.0,0.025732079227036686,DF,2,Deputado Federal (1T→2T),AGIR
40,0.35633428073492857,0.6154277747728578,1.0,0.030404673369800926,0.03168778303632647,DF,2,Deputado Federal (1T→2T),PSB
43,0.6587284880506425,0.34922828590204175,1.0,0.007215565038357654,0.0173222797582828,DF,2,Deputado Federal (1T→2T),PV
44,0.8837665264032978,0.14199771146575946,1.0,0.0181691774053197,0.011180537558448793,DF,2,Deputado Federal (1T→2T),UNIÃO
45,0.33395537505275946,0.4674594775331377,0.8529207574193178,0.10032681108928053,0.058702364721700706,DF,2,Deputado Federal (1T→2T),PSDB
50,0.0,1.0,0.9235940060303649,0.019197630329866794,0.015067854320732012,DF,2,Deputado Federal (1T→2T),PSOL
51,1.0,0.07860759517021931,1.0,0.0,0.04711347478970061,DF,2,Deputado Federal (1T→2T),PATRIOTA
55,1.0,0.0,1.0,0.003486222048293033,0.0019359535647775214,DF,2,Deputado Federal (1T→2T),PSD
70,0.7926406096207919,0.2258524962522225,1.0,0.0,0.007696970878487306,DF,2,Deputado Federal (1T→2T),AVANTE
77,0.43606154404821584,0.4427761254892556,0.9196509686537807,0.02788066609826157,0.0,DF,2,Deputado Federal (1T→2T),SOLIDARIEDADE
80,0.0,1.0,0.8938564785399129,0.18587097718690573,0.0,DF,2,Deputado Federal (1T→2T),UP
90,1.0,0.0,0.856725809778695,0.03410148355970755,0.028069951874558574,DF,2,Deputado Federal (1T→2T),PROS
95,0.290972406429208,0.57334897939011,0.9134167245322895,0.07088855567188353,0.015963689652491796,DF,2,Deputado Federal (1T→2T),95
96,0.5638176091101246,0.18151342621004368,0.787596384868142,0.010546923162126317,0.28434545455483723,DF,2,Deputado Federal (1T→2T),96
0,0.0,1.0,1.0,0.0,0.07129648850847828,ES,2,Deputado Federal (1T→2T),0
10,0.5917928472319264,0.3919649004619,0.9883884536411344,0.002384490487048161,0.02377092261087585,ES,2,Deputado Federal (1T→2T),REPUBLICANOS
11,0.6957224175628698,0.28400823026964717,0.9787516689384148,0.010374768960898006,0.02962459774170024,ES,2,Deputado Federal (1T→2T),PP
12,0.14251567062448633,0.7506850658351187,0.9060544898369862,0.018145067884561196,0.06245917427527166,ES,2,Deputado Federal (1T→2T),PDT
13,0.0,1.0,1.0,0.016266440259679635,0.013090205280328625,ES,2,Deputado Federal (1T→2T),PT
14,1.0,0.0,1.0,0.0,0.0,ES,2,Deputado Federal (1T→2T),PTB
15,0.0,0.0,0.0,0.0,0.0,ES,2,Deputado Federal (1T→2T),MDB
16,0.0,0.0,0.0,0.0,0.0,ES,2,Deputado Federal (1T→2T),PSTU
18,0.0,0.8461230419327064,0.8144402971062819,0.035839099267677116,0.061983224989191954,ES,2,Deputado Federal (1T→2T),REDE
19,0.5107082029014904,0.43530840527133796,0.9463339314547654,0.017374226209724442,0.03301595128758904,ES,2,Deputado Federal (1T→2T),PODE
20,0.4950222968031953,0.4491021815920796,0.949694563187977,0.0,0.036955674776463464,ES,2,Deputado Federal (1T→2T),PSC
21,0.0,0.0,0.0,0.0,0.0,ES,2,Deputado Federal (1T→2T),PCB
22,1.0,0.0,1.0,0.0067935861399423215,0.0,ES,2,Deputado Federal (1T→2T),PL
23,0.0,1.0,1.0,0.08144669166288176,0.09856917337575263,ES,2,Deputado Federal (1T→2T),CIDADANIA
27,0.0,1.0,0.7866936669438593,0.020423352198269545,0.049264137062724644,ES,2,Deputado Federal (1T→2T),DC
28,0.0,1.0,0.1597524559859718,0.0,0.0,ES,2,Deputado Federal (1T→2T),PRTB
29,0.0,0.0,0.0,0.0,0.0,ES,2,Deputado Federal (1T→2T),PCO
30,1.0,0.0,1.0,0.061025368817024764,0.0,ES,2,Deputado Federal (1T→2T),NOVO
33,0.0,0.0,0.0,0.0,0.0,ES,2,Deputado Federal (1T→2T),PMN
35,0.0,1.0,0.7160652896370289,0.0,0.03628832534679447,ES,2,Deputado Federal (1T→2T),PMB
36,0.6863961630047457,0.31863869407374495,0.9883291032613847,0.0,0.0,ES,2,Deputado Federal (1T→2T),AGIR
40,0.31843422888249606,0.6547559150136112,0.9797950909862702,0.00240115520351608,0.03826609959380878,ES,2,Deputado Federal (1T→2T),PSB
43,1.0,0.0,1.0,0.0,0.016739469202203008,ES,2,Deputado Federal (1T→2T),PV
44,1.0,0.0028374267024253996,1.0,0.01812084715521829,0.0,ES,2,Deputado Federal (1T→2T),UNIÃO
45,0.6698644259424431,0.3231362280268891,1.0,0.01953363645040913,0.021788808368412717,ES,2,Deputado Federal (1T→2T),PSDB
50,0.07180016906925708,1.0,1.0,0.0,0.0,ES,2,Deputado Federal (1T→2T),PSOL
51,0.619089023121963,0.34713970392724725,0.966358563401838,0.007357012701094386,0.010372334849917701,ES,2,Deputado Federal (1T→2T),PATRIOTA
55,0.21024382719730267,0.8263229100318614,1.0,0.0,0.13668697082980358,ES,2,Deputado Federal (1T→2T),PSD
70,0.5419951441802177,0.23295453227600463,0.7953561429228704,0.0,0.0,ES,2,Deputado Federal (1T→2T),AVANTE
77,0.3018239828639643,0.480399172537833,0.7821255326629887,0.04399893971122229,0.1787984903183158,ES,2,Deputado Federal (1T→2T),SOLIDARIEDADE
80,0.0,0.0,0.0,0.0,0.0,ES,2,Deputado Federal (1T→2T),UP
90,1.0,0.0,1.0,0.0,0.0,ES,2,Deputado Federal (1T→2T),PROS
95,0.16601309174471945,0.6181423033469736,0.786110385902714,0.10259778481656265,0.02482571300678719,ES,2,Deputado Federal (1T→2T),95
96,0.6779913149020538,0.05166416227431031,0.7286651094204981,0.00829818098703623,0.2919693257004503,ES,2,Deputado Federal (1T→2T),96
0,0.0,1.0,1.0,0.0,0.003929182026112339,GO,2,Deputado Federal (1T→2T),0
10,0.3718635028343839,0.6367727828007813,1.0,0.010243319684277602,0.0027958648876607733,GO,2,Deputado Federal (1T→2T),REPUBLICANOS
11,0.9137326263558565,0.0823582496172337,1.0,0.011544384877793967,0.005758635909813601,GO,2,Deputado Federal (1T→2T),PP
12,0.7508326988364549,0.2511634532875944,1.0,0.0061527083621895785,0.02270665265180588,GO,2,Deputado Federal (1T→2T),PDT
13,0.3436717919110637,0.6620776471825369,1.0,0.015608878011593006,0.022319539747997278,GO,2,Deputado Federal (1T→2T),PT
14,1.0,0.0,1.0,0.0,0.0,GO,2,Deputado Federal (1T→2T),PTB
15,0.808220060228436,0.1992934471003155,1.0,0.004555702879402098,0.008999890626243876,GO,2,Deputado Federal (1T→2T),MDB
16,0.0,0.0,0.0,0.0,0.0,GO,2,Deputado Federal (1T→2T),PSTU
18,1.0,0.0,1.0,0.030143978568010397,0.07863924185222267,GO,2,Deputado Federal (1T→2T),REDE
19,0.4567263608745464,0.4743977350272028,0.9222110434529143,0.029776035640298053,0.026113515137666604,GO,2,Deputado Federal (1T→2T),PODE
20,0.7046839984088245,0.26155462681501007,0.9752751870414271,0.008854331353284561,0.009031116986445702,GO,2,Deputado Federal (1T→2T),PSC
21,0.7336333951807735,0.011749495725524408,0.8281330570523832,0.147414516627741,0.03014867292209773,GO,2,Deputado Federal (1T→2T),PCB
22,0.6662058914464013,0.3268797948936595,1.0,0.009730591247571726,0.004720722260376366,GO,2,Deputado Federal (1T→2T),PL
23,1.0,0.0,1.0,0.0,0.04807474857798195,GO,2,Deputado Federal (1T→2T),CIDADANIA
27,0.4325920393307745,0.684972184404525,1.0,0.0,0.02908981438275049,GO,2,Deputado Federal (1T→2T),DC
28,1.0,0.0,1.0,0.0,0.027828538594053837,GO,2,Deputado Federal (1T→2T),PRTB
29,1.0,0.5040819661610672,1.0,0.0,0.0,GO,2,Deputado Federal (1T→2T),PCO
30,1.0,0.0,0.9616215720724152,0.03364724582584608,0.04922818535305895,GO,2,Deputado Federal (1T→2T),NOVO
33,0.0,0.959540001260824,0.8416163470886473,0.017826842669327006,0.05422216116650178,GO,2,Deputado Federal (1T→2T),PMN
35,0.0,0.0,0.0,0.0,0.0,GO,2,Deputado Federal (1T→2T),PMB
36,0.17152055881328354,0.9429794091452217,1.0,0.013422394752445938,0.0,GO,2,Deputado Federal (1T→2T),AGIR
40,0.8524558635697638,0.16695281054951985,1.0,0.014763697268730136,0.03526935058740626,GO,2,Deputado Federal (1T→2T),PSB
43,1.0,0.0,1.0,0.04820099418841626,0.033790910082108765,GO,2,Deputado Federal (1T→2T),PV
44,0.6369945363679644,0.33055615696290247,0.9814781711031668,0.0075596409134081125,0.019857161706851766,GO,2,Deputado Federal (1T→2T),UNIÃO
45,0.4260643963027832,0.5554574370262917,0.9867945559699934,0.009847720251978337,0.0039315838629585525,GO,2,Deputado Federal (1T→2T),PSDB
50,1.0,0.009833265509059934,1.0,0.01861654295048748,0.0,GO,2,Deputado Federal (1T→2T),PSOL
51,0.4168900911797515,0.5339587687451446,0.9582808215896627,0.006936789419969632,0.0009440724242776224,GO,2,Deputado Federal (1T→2T),PATRIOTA
55,1.0,0.0,0.9869260549468671,0.012744021264692835,0.03518605338730611,GO,2,Deputado Federal (1T→2T),PSD
70,1.0,0.0,0.9968259053929944,0.006593163644242004,0.005920553685362183,GO,2,Deputado Federal (1T→2T),AVANTE
77,0.496066731445197,0.46693483626597954,0.9642294450749523,0.009625223967395733,0.017795641358548827,GO,2,Deputado Federal (1T→2T),SOLIDARIEDADE
80,0.7728380880142282,0.15759721346624314,1.0,0.036911090775179935,0.0,GO,2,Deputado Federal (1T→2T),UP
90,1.0,0.0,1.0,0.0,0.012019644113748213,GO,2,Deputado Federal (1T→2T),PROS
95,0.0509461143512977,0.8693112903559341,0.954632083712295,0.056909113998986134,0.0,GO,2,Deputado Federal (1T→2T),95
96,0.7888339389387777,0.0,0.7142614608559368,0.001621936884299846,0.2740911351560209,GO,2,Deputado Federal (1T→2T),96
0,0.0,1.0,0.9727970178573561,0.0,0.019190641195495284,MA,2,Deputado Federal (1T→2T),0
10,0.021633073803660512,0.9032037280885762,0.9367465948735259,0.005909876677643543,0.007143772721033587,MA,2,Deputado Federal (1T→2T),REPUBLICANOS
11,0.07056894341887343,0.9328788994976001,1.0,0.0025577922630407313,0.014258326954647002,MA,2,Deputado Federal (1T→2T),PP
12,0.10790343945875486,0.8182470952492303,0.9467603149453881,0.011449801173152408,0.006889603500025925,MA,2,Deputado Federal (1T→2T),PDT
13,0.0,0.9678811522790888,0.9551057540974727,0.00582422597662898,0.010740403578930193,MA,2,Deputado Federal (1T→2T),PT
14,1.0,0.0,0.7826276574414951,0.0,0.08072847112777237,MA,2,Deputado Federal (1T→2T),PTB
15,0.4409985924994182,0.5101808768906851,0.9628662352508807,0.008223174566887138,0.01225771608204316,MA,2,Deputado Federal (1T→2T),MDB
16,0.44927323050995455,0.5954735922191469,1.0,0.05535610619379229,0.053030518692136194,MA,2,Deputado Federal (1T→2T),PSTU
18,1.0,0.0,0.6763825668504859,0.03194919741895287,0.0,MA,2,Deputado Federal (1T→2T),REDE
19,0.0,0.9580954263353296,0.9474572276693892,0.005492536737439669,0.011907464900546375,MA,2,Deputado Federal (1T→2T),PODE
20,0.5855697835246927,0.39886938036898195,1.0,0.01264354438195426,0.011098039845336253,MA,2,Deputado Federal (1T→2T),PSC
21,0.0,1.0,1.0,0.08699285180617847,0.2810955150324064,MA,2,Deputado Federal (1T→2T),PCB
22,0.15923970711541224,0.7798089943214471,0.9492925590062623,0.003036105430817946,0.011085897604670677,MA,2,Deputado Federal (1T→2T),PL
23,0.36138790739362014,0.5586235840677658,0.9807118122904385,0.01916641262025627,0.02514664438324291,MA,2,Deputado Federal (1T→2T),CIDADANIA
27,1.0,0.0,1.0,0.10968613292192633,0.010892737664498968,MA,2,Deputado Federal (1T→2T),DC
28,1.0,0.0,0.8155978676539455,0.08764735039828479,0.0,MA,2,Deputado Federal (1T→2T),PRTB
29,0.0,1.0,1.0,0.0,0.06710047820654194,MA,2,Deputado Federal (1T→2T),PCO
30,1.0,0.0,0.9950971971124387,0.1030002778291008,0.01758953182640797,MA,2,Deputado Federal (1T→2T),NOVO
33,0.0,0.0,0.0,0.0,0.0,MA,2,Deputado Federal (1T→2T),PMN
35,1.0,0.0,1.0,0.014604428212162929,0.0,MA,2,Deputado Federal (1T→2T),PMB
36,1.0,0.0,1.0,0.029081460630818554,0.0,MA,2,Deputado Federal (1T→2T),AGIR
40,0.5681216522733032,0.3557772295379129,0.9578037250430184,0.01764623802333483,0.012805120767665787,MA,2,Deputado Federal (1T→2T),PSB
43,1.0,0.0,1.0,0.04443524726087644,0.0,MA,2,Deputado Federal (1T→2T),PV
44,0.2636351561830463,0.7000399336734604,0.9742153207883134,0.001309918006543575,0.010191231961402402,MA,2,Deputado Federal (1T→2T),UNIÃO
45,0.0,1.0,1.0,0.0,0.17645071395795295,MA,2,Deputado Federal (1T→2T),PSDB
50,1.0,0.0,1.0,0.059581563105017984,0.01703389866806231,MA,2,Deputado Federal (1T→2T),PSOL
51,0.22154838023392637,0.7357904271880156,0.9625658547176944,0.0060816427504088635,0.007761030466002788,MA,2,Deputado Federal (1T→2T),PATRIOTA
55,0.8901836443225879,0.1356795931934877,1.0,0.004485107807221378,0.0,MA,2,Deputado Federal (1T→2T),PSD
70,1.0,0.0,0.8028952770565332,0.09107129091251484,0.0,MA,2,Deputado Federal (1T→2T),AVANTE
77,1.0,0.0,0.649562821102015,0.10335108617877327,0.06729344105790289,MA,2,Deputado Federal (1T→2T),SOLIDARIEDADE
80,0.0,0.0,0.0,0.0,0.0,MA,2,Deputado Federal (1T→2T),UP
90,0.8714971963750946,0.1840509229299955,1.0,0.022611555739600782,0.004054494688611122,MA,2,Deputado Federal (1T→2T),PROS
95,0.9493492236780666,0.0,0.8837631269970971,0.07349215821731,0.0,MA,2,Deputado Federal (1T→2T),95
96,0.9396433292190983,0.0,0.826503206635151,0.013166416738689912,0.2976102227935956,MA,2,Deputado Federal (1T→2T),96
0,0.015293571922227635,0.9286814510795061,0.9507897986356071,0.011601813445762731,0.0065703908291152285,MG,2,Deputado Federal (1T→2T),0
10,0.4362620126343275,0.5597995507967743,0.9992283506562312,0.00895984758264709,0.004850939975129018,MG,2,Deputado Federal (1T→2T),REPUBLICANOS
11,0.442134242336911,0.5530343810616294,0.9942833783665562,0.013140585978435558,0.019296615359587457,MG,2,Deputado Federal (1T→2T),PP
12,0.3720706755032822,0.6077951185258366,1.0,0.01254904972582208,0.03479682730710336,MG,2,Deputado Federal (1T→2T),PDT
13,0.0,1.0,1.0,0.0017620889791979716,0.00700202142033679,MG,2,Deputado Federal (1T→2T),PT
14,0.15530345199250345,0.7685821875748753,0.9259316237490649,0.010242581803265803,0.04106052007418757,MG,2,Deputado Federal (1T→2T),PTB
15,0.47172383844202415,0.504817527345467,0.9776674853712141,0.010208976607542391,0.01935362898568912,MG,2,Deputado Federal (1T→2T),MDB
16,0.7311117573095725,0.248200578254345,1.0,0.000987777612433824,0.08744392973277584,MG,2,Deputado Federal (1T→2T),PSTU
18,0.0066759288626566425,0.954359612111239,0.9734434942247765,0.007677441914510106,0.01870393214405608,MG,2,Deputado Federal (1T→2T),REDE
19,0.4487490896904532,0.5162846270865259,0.965472421592471,0.011002933625938151,0.02495622620382868,MG,2,Deputado Federal (1T→2T),PODE
20,0.08350213852469064,0.8829309258415861,0.9689787696954753,0.007414948977152896,0.009179716880846778,MG,2,Deputado Federal (1T→2T),PSC
21,1.0,0.0,1.0,0.0026366071205422468,0.0,MG,2,Deputado Federal (1T→2T),PCB
22,1.0,0.0,1.0,0.0062655524869775475,0.00569058660132028,MG,2,Deputado Federal (1T→2T),PL
23,0.11688882317717315,0.8307750456948506,0.9528755955896875,0.026153627496334774,0.03912010566284337,MG,2,Deputado Federal (1T→2T),CIDADANIA
27,1.0,0.0,1.0,0.07213610331961202,0.21204328077862253,MG,2,Deputado Federal (1T→2T),DC
28,0.5662577927501781,0.46505255201727935,1.0,0.0,0.0,MG,2,Deputado Federal (1T→2T),PRTB
29,1.0,0.0,1.0,0.0,0.16521238976936928,MG,2,Deputado Federal (1T→2T),PCO
30,1.0,0.0,1.0,0.029970774786429667,0.040470819225911996,MG,2,Deputado Federal (1T→2T),NOVO
33,1.0,0.06018183878906622,1.0,0.012146082771266874,0.013798519171789099,MG,2,Deputado Federal (1T→2T),PMN
35,0.4285833387160745,0.808433586595368,1.0,0.0,0.029829885925928345,MG,2,Deputado Federal (1T→2T),PMB
36,0.09845722441597404,1.0,1.0,0.0,0.045724154192041795,MG,2,Deputado Federal (1T→2T),AGIR
40,0.038218981771293375,0.9186911778763613,0.9561428474165775,0.01977601820212914,0.027038942297409448,MG,2,Deputado Federal (1T→2T),PSB
43,0.3367694831054936,0.6124996062021659,0.9467528142020994,0.013855770157837753,0.029478467373411456,MG,2,Deputado Federal (1T→2T),PV
44,0.4459378924826431,0.5006473260304166,0.9475680252966558,0.010891002014691883,0.024037146122108305,MG,2,Deputado Federal (1T→2T),UNIÃO
45,0.48020484592300827,0.49613432350881514,0.9756869500964968,0.012761902214944117,0.019903327737656348,MG,2,Deputado Federal (1T→2T),PSDB
50,0.2925636806529932,0.7640214123748358,1.0,0.010434592824805581,0.0,MG,2,Deputado Federal (1T→2T),PSOL
51,0.3988452506882839,0.5708584210655903,0.9710894562239648,0.017756376576801576,0.027287415336855407,MG,2,Deputado Federal (1T→2T),PATRIOTA
55,0.5520954564345228,0.4336479605191855,0.9857600193475137,0.01316926924851076,0.016340663968992506,MG,2,Deputado Federal (1T→2T),PSD
70,0.4937102976500394,0.5139915184267203,1.0,0.007903610436292684,0.012690928326616177,MG,2,Deputado Federal (1T→2T),AVANTE
77,0.44599106259612853,0.5243564752436035,0.9778247201491989,0.012257844749286095,0.025962180771524533,MG,2,Deputado Federal (1T→2T),SOLIDARIEDADE
80,0.3404908064571052,1.0,1.0,0.03942273552239354,0.0,MG,2,Deputado Federal (1T→2T),UP
90,0.817044507223678,0.17850028558378142,0.9991012779976205,0.021732309126645047,0.026781681283483755,MG,2,Deputado Federal (1T→2T),PROS
95,0.29335608704031835,0.611252775010785,0.9119815979914518,0.08835853753127997,0.008812572562998874,MG,2,Deputado Federal (1T→2T),95
96,0.3757635954680395,0.3585688661867451,0.7428027469925452,0.005431204365720319,0.27831305615783364,MG,2,Deputado Federal (1T→2T),96
0,0.0,1.0,1.0,0.0,0.07231077054086385,MS,2,Deputado Federal (1T→2T),0
10,0.7877410155421567,0.12489841931098239,1.0,0.012326017714447326,0.029356656671992193,MS,2,Deputado Federal (1T→2T),REPUBLICANOS
11,1.0,0.0,1.0,0.014842266204848478,0.0,MS,2,Deputado Federal (1T→2T),PP
12,0.2654764685260157,0.5689668894149946,0.8514244748570634,0.022546877532710154,0.06386905917216175,MS,2,Deputado Federal (1T→2T),PDT
13,0.0,1.0,0.931265500425003,0.0,0.07583272155579425,MS,2,Deputado Federal (1T→2T),PT
14,0.008403486982032457,0.7258750887062828,0.8364283363216151,0.011976347480076047,0.05761651525306733,MS,2,Deputado Federal (1T→2T),PTB
15,0.6880105447173926,0.3048564490155833,1.0,0.0032456122310020575,0.033761465684899655,MS,2,Deputado Federal (1T→2T),MDB
16,0.0,0.0,0.0,0.0,0.0,MS,2,Deputado Federal (1T→2T),PSTU
18,0.910880574771841,0.0,1.0,0.04828439281109443,0.0,MS,2,Deputado Federal (1T→2T),REDE
19,0.31163795882545553,0.6004087007040751,0.9537001982716345,0.00774046800009589,0.04215911853062596,MS,2,Deputado Federal (1T→2T),PODE
20,0.0,0.0,0.0,0.0,0.0,MS,2,Deputado Federal (1T→2T),PSC
21,0.0,0.0,0.0,0.0,0.0,MS,2,Deputado Federal (1T→2T),PCB
22,1.0,0.0,1.0,0.01066922884589583,0.0,MS,2,Deputado Federal (1T→2T),PL
23,0.052468079310200214,0.3332873023920258,0.5228922755788864,0.0542045916033456,0.4093769085948924,MS,2,Deputado Federal (1T→2T),CIDADANIA
27,1.0,0.0,0.6303600298902533,0.008701540858383264,0.05532792453104575,MS,2,Deputado Federal (1T→2T),DC
28,1.0,0.0,1.0,0.013357419345796906,0.0,MS,2,Deputado Federal (1T→2T),PRTB
29,0.0,1.0,0.0,0.0,1.0,MS,2,Deputado Federal (1T→2T),PCO
30,1.0,0.0,1.0,0.011699015474230839,0.0,MS,2,Deputado Federal (1T→2T),NOVO
33,0.0,0.0,0.0,0.0,0.0,MS,2,Deputado Federal (1T→2T),PMN
35,0.0,0.0,0.0,0.0,0.0,MS,2,Deputado Federal (1T→2T),PMB
36,0.8328786781776047,0.0,0.3065907638674072,0.0,0.13585789180649277,MS,2,Deputado Federal (1T→2T),AGIR
40,0.9418613765534452,0.0,0.9703426094057691,0.0,0.0009001668805300622,MS,2,Deputado Federal (1T→2T),PSB
43,0.4887224156875237,0.1999378711283613,0.7146499886597351,0.0,0.014435623235101464,MS,2,Deputado Federal (1T→2T),PV
44,1.0,0.0,1.0,0.01778766705223815,0.0,MS,2,Deputado Federal (1T→2T),UNIÃO
45,0.34813383552967997,0.5701176313770033,0.9486566475005782,0.006254564595155646,0.03374100360976449,MS,2,Deputado Federal (1T→2T),PSDB
50,1.0,0.0,1.0,0.024489602151384928,0.0,MS,2,Deputado Federal (1T→2T),PSOL
51,0.0,0.0,0.0,0.0,0.0,MS,2,Deputado Federal (1T→2T),PATRIOTA
55,0.43000201297146723,0.48694350106489287,0.9278746844424628,0.0164857769824087,0.016003823150968013,MS,2,Deputado Federal (1T→2T),PSD
70,1.0,0.0,0.8826829351551299,0.0051059322470470014,0.020462218015523073,MS,2,Deputado Federal (1T→2T),AVANTE
77,0.9880791365290611,0.0,0.9320754013277767,0.02279245559020527,0.019171937595038883,MS,2,Deputado Federal (1T→2T),SOLIDARIEDADE
80,0.0,0.0,0.0,0.0,0.0,MS,2,Deputado Federal (1T→2T),UP
90,1.0,0.0,1.0,0.0,0.0,MS,2,Deputado Federal (1T→2T),PROS
95,0.1433512675457052,0.6451216758432612,0.8619899315195145,0.0613599850920751,0.024046673834185062,MS,2,Deputado Federal (1T→2T),95
96,1.0,0.0,0.7972917886243747,0.018234473719600783,0.22104429045278967,MS,2,Deputado Federal (1T→2T),96
0,0.0,1.0,1.0,0.01591274171951076,0.040764570321604535,MT,2,Deputado Federal (1T→2T),0
10,1.0,0.0,0.9940802084460646,0.012218096874464866,0.0075154968084470905,MT,2,Deputado Federal (1T→2T),REPUBLICANOS
11,0.0,1.0,1.0,0.0,0.035126243910788134,MT,2,Deputado Federal (1T→2T),PP
12,0.5447357381636692,0.3240455753577168,0.9724060986817822,0.0,0.08789435313524017,MT,2,Deputado Federal (1T→2T),PDT
13,0.0,1.0,0.9842057512131672,0.007732071423143374,0.014244779451539112,MT,2,Deputado Federal (1T→2T),PT
14,1.0,0.0,1.0,0.0016074947334085753,0.0,MT,2,Deputado Federal (1T→2T),PTB
15,0.35602572921818765,0.570242821698244,0.926375807688336,0.007462502839477655,0.01610825921658683,MT,2,Deputado Federal (1T→2T),MDB
16,0.0,0.0,0.0,0.0,0.0,MT,2,Deputado Federal (1T→2T),PSTU
18,1.0,0.0,1.0,0.0,0.004021330525239088,MT,2,Deputado Federal (1T→2T),REDE
19,0.0,0.8122755668691096,0.8808455572905225,0.0,0.0,MT,2,Deputado Federal (1T→2T),PODE
20,0.0,0.0,0.0,0.0,0.0,MT,2,Deputado Federal (1T→2T),PSC
21,0.0,0.0,0.0,0.0,0.0,MT,2,Deputado Federal (1T→2T),PCB
22,1.0,0.0,1.0,0.004357607671851117,0.0045046129349620816,MT,2,Deputado Federal (1T→2T),PL
23,1.0,0.0,1.0,0.01011194188415172,0.0,MT,2,Deputado Federal (1T→2T),CIDADANIA
27,1.0,0.0,1.0,0.0,0.038546754253650596,MT,2,Deputado Federal (1T→2T),DC
28,0.0,0.0,0.0,0.0,0.0,MT,2,Deputado Federal (1T→2T),PRTB
29,0.0,0.0,0.0,0.0,0.0,MT,2,Deputado Federal (1T→2T),PCO
30,1.0,0.0,1.0,0.058498002742845785,0.09108292365901406,MT,2,Deputado Federal (1T→2T),NOVO
33,0.0,0.0,0.0,0.0,0.0,MT,2,Deputado Federal (1T→2T),PMN
35,0.0,0.0,0.0,0.0,0.0,MT,2,Deputado Federal (1T→2T),PMB
36,0.0,1.0,1.0,0.0,0.0,MT,2,Deputado Federal (1T→2T),AGIR
40,0.2966331156991333,0.7010474206095696,0.9980367601818659,0.006643441996377865,0.013000202452062551,MT,2,Deputado Federal (1T→2T),PSB
43,0.6255359162343226,0.1304626718647935,0.900226214020165,0.032192097052007124,0.039835614748267086,MT,2,Deputado Federal (1T→2T),PV
44,0.5337876740325103,0.40931009067953983,0.969803605630928,0.002769823759586416,0.007443401113936055,MT,2,Deputado Federal (1T→2T),UNIÃO
45,0.9345839845673343,0.12054928184404692,1.0,0.0,0.0,MT,2,Deputado Federal (1T→2T),PSDB
50,0.0,0.9474074223422883,0.7552541190509994,0.023744285109171485,0.045647817487016254,MT,2,Deputado Federal (1T→2T),PSOL
51,0.5860339282374266,0.22431031869391962,0.9180883559463646,0.01452063965306434,0.014026540405129274,MT,2,Deputado Federal (1T→2T),PATRIOTA
55,0.1454510410283012,0.7686348619686544,0.9167598927740035,0.002890634654067701,0.007149241827363495,MT,2,Deputado Federal (1T→2T),PSD
70,0.0,0.0,0.0,0.0,0.0,MT,2,Deputado Federal (1T→2T),AVANTE
77,0.0,1.0,0.9159165955014804,0.019997985527519867,0.0,MT,2,Deputado Federal (1T→2T),SOLIDARIEDADE
80,0.0,0.0,0.0,0.0,0.0,MT,2,Deputado Federal (1T→2T),UP
90,0.7205710741199943,0.30434952715114466,1.0,0.00630282771873346,0.0,MT,2,Deputado Federal (1T→2T),PROS
95,0.5349173482981591,0.4977374895464009,1.0,0.05331147429814491,0.0,MT,2,Deputado Federal (1T→2T),95
96,0.9573448320038351,0.0,1.0,0.01516275828489545,0.20307109234092996,MT,2,Deputado Federal (1T→2T),96
0,0.23969483285114818,0.8737703034437011,1.0,0.03761029510038397,0.018865671975048896,PA,2,Deputado Federal (1T→2T),0
10,0.7665877732036506,0.29117954992253803,1.0,0.012508690340775744,0.0,PA,2,Deputado Federal (1T→2T),REPUBLICANOS
11,0.10277338492788124,0.816555872206046,0.920327451911664,0.005472246804630741,0.007873373152716821,PA,2,Deputado Federal (1T→2T),PP
12,0.19103134932803212,0.7323013984361685,0.929182431376681,0.006690817013623161,0.01286662519972062,PA,2,Deputado Federal (1T→2T),PDT
13,0.014584313993541417,0.9431388609635878,0.961746468888543,0.0013500850343516634,0.012107356524385614,PA,2,Deputado Federal (1T→2T),PT
14,0.6337055515046471,0.36321078773088555,1.0,0.010219528657123342,0.00796102825421401,PA,2,Deputado Federal (1T→2T),PTB
15,0.23050038534117775,0.6925623178407805,0.9277873149925147,0.006677761188938175,0.010995462334528545,PA,2,Deputado Federal (1T→2T),MDB
16,0.0,0.30307906755428626,0.47931655752785746,0.028977532992874228,0.0676734087780303,PA,2,Deputado Federal (1T→2T),PSTU
18,0.9999999999999999,-1.1102230246251565e-16,1.0,0.05482602494219648,0.04546427957451943,PA,2,Deputado Federal (1T→2T),REDE
19,0.9914908166011767,0.02501040511304944,1.0,0.017289004619589335,0.014524684118481191,PA,2,Deputado Federal (1T→2T),PODE
20,1.0,0.0,1.0,0.015018332340264937,0.003326372054221861,PA,2,Deputado Federal (1T→2T),PSC
21,0.0,0.0,0.0,0.0,0.0,PA,2,Deputado Federal (1T→2T),PCB
22,1.0,0.0,1.0,0.006927620758522602,0.004030366703446957,PA,2,Deputado Federal (1T→2T),PL
23,0.33954955393801917,0.5194026925463102,0.9523498543298144,0.00889353364121168,0.03275388314190554,PA,2,Deputado Federal (1T→2T),CIDADANIA
27,0.0,0.0,0.0,0.0,0.0,PA,2,Deputado Federal (1T→2T),DC
28,1.0,0.0,1.0,0.00827502247544519,0.0,PA,2,Deputado Federal (1T→2T),PRTB
29,0.0,0.0,0.0,0.0,0.0,PA,2,Deputado Federal (1T→2T),PCO
30,0.0,0.0,0.0,0.0,0.0,PA,2,Deputado Federal (1T→2T),NOVO
33,0.0,0.0,0.0,0.0,0.0,PA,2,Deputado Federal (1T→2T),PMN
35,1.0,0.0,0.9086439177537381,0.0,0.0,PA,2,Deputado Federal (1T→2T),PMB
36,1.0,0.0,1.0,0.016626667054604267,0.03683687063332667,PA,2,Deputado Federal (1T→2T),AGIR
40,0.33237755476561,0.6179740132017221,0.9616620093932865,0.00933650281985793,0.014127416132792971,PA,2,Deputado Federal (1T→2T),PSB
43,0.14240865834031505,0.7439490817073005,1.0,0.0,0.0,PA,2,Deputado Federal (1T→2T),PV
44,0.1382520914623665,0.7683326007043482,0.9040429992470348,0.003932961634970519,0.010170540904526197,PA,2,Deputado Federal (1T→2T),UNIÃO
45,0.23318926660797085,0.6945831229095072,0.9271560041012832,0.001206343189903704,0.008407797370375334,PA,2,Deputado Federal (1T→2T),PSDB
50,0.1587846156105515,0.8383305335332031,1.0,0.013499282154632005,0.01483392063098979,PA,2,Deputado Federal (1T→2T),PSOL
51,0.10063685877709619,1.0,1.0,0.029991640983242057,0.08668894438663867,PA,2,Deputado Federal (1T→2T),PATRIOTA
55,0.31812262906837097,0.6449116408460358,0.9636766591996562,0.005712755964279691,0.010903098917640842,PA,2,Deputado Federal (1T→2T),PSD
70,1.0,0.0,1.0,0.06153800789485293,0.004192782750774077,PA,2,Deputado Federal (1T→2T),AVANTE
77,1.0,0.0,1.0,0.022330791090940272,0.022599450915376358,PA,2,Deputado Federal (1T→2T),SOLIDARIEDADE
80,0.0,0.0,0.0,0.0,0.0,PA,2,Deputado Federal (1T→2T),UP
90,0.36369159241905913,0.41895380425069995,1.0,0.048822578945045735,0.010111963987123811,PA,2,Deputado Federal (1T→2T),PROS
95,1.0,0.0,1.0,0.08294643736292132,0.0025243534081145986,PA,2,Deputado Federal (1T→2T),95
96,1.0,0.0,0.9889300247063867,0.01850373866859894,0.31113233579997296,PA,2,Deputado Federal (1T→2T),96
0,1.0,0.0,0.7905002182826975,0.10312614835997996,0.2682493680946111,PB,2,Deputado Federal (1T→2T),0
10,0.0,0.9204197078706797,0.9389332718713961,0.01038166406819177,0.0526298613566695,PB,2,Deputado Federal (1T→2T),REPUBLICANOS
11,0.38947944943892276,0.50253681126103,0.9885620769992363,0.006097192733592724,0.04130540613093174,PB,2,Deputado Federal (1T→2T),PP
12,0.0,1.0,0.643030866445617,0.022293696401181756,0.5726425227327535,PB,2,Deputado Federal (1T→2T),PDT
13,0.48190370496786894,0.6681256205541015,1.0,0.00911167251677328,0.0,PB,2,Deputado Federal (1T→2T),PT
14,0.5698226962826728,0.389746733040209,1.0,0.011669609211107136,0.0117880334907903,PB,2,Deputado Federal (1T→2T),PTB
15,0.46318422500890455,0.4240551703024236,1.0,0.019754715375911197,0.0,PB,2,Deputado Federal (1T→2T),MDB
16,0.0,0.0,0.0,0.0,0.0,PB,2,Deputado Federal (1T→2T),PSTU
18,1.0,0.0,1.0,0.049889758160459055,0.0,PB,2,Deputado Federal (1T→2T),REDE
19,0.2658400162434702,0.20540458179590354,0.8815569061674001,0.0,0.11445308191031506,PB,2,Deputado Federal (1T→2T),PODE
20,0.41466624079986747,0.4966963825497557,0.9762864786205376,0.009126922899628933,0.03198005767266486,PB,2,Deputado Federal (1T→2T),PSC
21,0.0,0.0,0.0,0.0,0.0,PB,2,Deputado Federal (1T→2T),PCB
22,0.8889374657160009,0.1045645990054665,1.0,0.002856247741677558,0.0,PB,2,Deputado Federal (1T→2T),PL
23,0.0,1.0,0.5132256862252088,0.030356067989528952,0.9494685195227541,PB,2,Deputado Federal (1T→2T),CIDADANIA
27,0.08461070470250084,0.5230866865076015,0.8577580542849856,0.0,0.0,PB,2,Deputado Federal (1T→2T),DC
28,1.0,0.0,1.0,0.016065903913886737,0.0,PB,2,Deputado Federal (1T→2T),PRTB
29,0.0,1.0,1.0,0.005635660665074195,0.0,PB,2,Deputado Federal (1T→2T),PCO
30,0.0,0.0,0.0,0.0,0.0,PB,2,Deputado Federal (1T→2T),NOVO
33,0.0,0.0,0.0,0.0,0.0,PB,2,Deputado Federal (1T→2T),PMN
35,1.0,0.0,1.0,0.0,0.0,PB,2,Deputado Federal (1T→2T),PMB
36,1.0,0.0,1.0,0.007775152109700198,0.0,PB,2,Deputado Federal (1T→2T),AGIR
40,0.055685522571386925,0.85661033885534,0.9361039789309478,0.01078466910545577,0.04848765391611387,PB,2,Deputado Federal (1T→2T),PSB
43,1.0,0.11832271138582884,1.0,0.041713673084160005,0.0,PB,2,Deputado Federal (1T→2T),PV
44,0.36092972927044864,0.5218575741525693,0.9341769046026882,0.00709870288628617,0.0441987519652709,PB,2,Deputado Federal (1T→2T),UNIÃO
45,1.0,0.0,1.0,0.023185896153593132,0.06493459144213332,PB,2,Deputado Federal (1T→2T),PSDB
50,1.0,0.0,1.0,0.008422938553044173,0.0,PB,2,Deputado Federal (1T→2T),PSOL
51,1.0,0.0,1.0,0.0,0.0,PB,2,Deputado Federal (1T→2T),PATRIOTA
55,0.0,0.0,0.0,0.0,0.0,PB,2,Deputado Federal (1T→2T),PSD
70,1.0,0.0,0.8409455523374889,0.038143543614637544,0.07804578249865818,PB,2,Deputado Federal (1T→2T),AVANTE
77,0.0,0.85793575130882,1.0,0.0036019693720365023,0.07843409979538422,PB,2,Deputado Federal (1T→2T),SOLIDARIEDADE
80,1.0,0.0,1.0,0.0085850205423336,0.0,PB,2,Deputado Federal (1T→2T),UP
90,0.7558208338639645,0.0,0.9584765407415337,0.06163511410859397,0.23691477846968836,PB,2,Deputado Federal (1T→2T),PROS
95,0.0,1.0,0.7813309593484297,0.07955172142829606,0.10526454439217243,PB,2,Deputado Federal (1T→2T),95
96,0.8974989577360992,0.0,0.8036723673938937,0.011711251374894035,0.22610849704914532,PB,2,Deputado Federal (1T→2T),96
0,0.0,1.0,1.0,0.0,0.12012478247701268,PE,2,Deputado Federal (1T→2T),0
10,0.2903916476501283,0.6577444311256455,0.9521001442245474,0.008939932024210942,0.05977500636234723,PE,2,Deputado Federal (1T→2T),REPUBLICANOS
11,0.7063250494228934,0.24412607548627618,0.9768642310833044,0.00648213481707105,0.05990864613962907,PE,2,Deputado Federal (1T→2T),PP
12,0.3760035117095371,0.528065265957724,0.9678201642488682,0.013699906534339877,0.013086402681204486,PE,2,Deputado Federal (1T→2T),PDT
13,0.08718163056605495,0.9096545765682614,1.0,0.009806754290203983,0.0,PE,2,Deputado Federal (1T→2T),PT
14,0.0,0.808638289664304,0.8291687411287312,0.055549549234729906,0.004473443210256078,PE,2,Deputado Federal (1T→2T),PTB
15,0.0713943614411069,0.8566276136604536,0.9413301026715564,0.016115923163274645,0.0609941350647978,PE,2,Deputado Federal (1T→2T),MDB
16,0.7575207142972836,0.050656025366469085,1.0,0.043861097994811124,0.11107643850591441,PE,2,Deputado Federal (1T→2T),PSTU
18,0.534174656707026,0.636131720614492,1.0,0.0015840549398343116,0.0,PE,2,Deputado Federal (1T→2T),REDE
19,0.0,0.9619975623773348,0.9618098120995414,0.004261681378708861,0.013226182152412284,PE,2,Deputado Federal (1T→2T),PODE
20,1.0,0.0,0.8946414938483428,0.023355644187693616,0.14248277078068777,PE,2,Deputado Federal (1T→2T),PSC
21,0.0,1.0,1.0,0.0,0.0,PE,2,Deputado Federal (1T→2T),PCB
22,1.0,0.0,1.0,0.010495257368247843,0.007276526890482362,PE,2,Deputado Federal (1T→2T),PL
23,0.7611384309744186,0.23332412672911274,1.0,0.017303682843507886,0.0,PE,2,Deputado Federal (1T→2T),CIDADANIA
27,0.0,1.0,1.0,0.07368036166914518,0.0,PE,2,Deputado Federal (1T→2T),DC
28,0.6292946112218014,0.4797969974827897,1.0,0.0,0.0,PE,2,Deputado Federal (1T→2T),PRTB
29,0.0,1.0,1.0,0.0,0.0,PE,2,Deputado Federal (1T→2T),PCO
30,1.0,0.0,1.0,0.10387839811058942,0.0,PE,2,Deputado Federal (1T→2T),NOVO
33,0.5415436051018855,0.30355136847335085,0.8085476093979616,0.008352192936523036,0.16452380540131475,PE,2,Deputado Federal (1T→2T),PMN
35,0.0,1.0,0.5748606543413997,0.05341840919429817,0.6280368292640715,PE,2,Deputado Federal (1T→2T),PMB
36,0.0,1.0,1.0,0.0,0.036909343376861296,PE,2,Deputado Federal (1T→2T),AGIR
40,0.1714493959516454,0.7607948551413989,0.9334397509613513,0.008673202488345303,0.05925930750997924,PE,2,Deputado Federal (1T→2T),PSB
43,0.0,0.989662036261946,0.9774456459638148,0.0,0.041340868791351876,PE,2,Deputado Federal (1T→2T),PV
44,0.35356906148471134,0.5912091031625182,0.9801520603079875,0.013412759132526635,0.021471844071127625,PE,2,Deputado Federal (1T→2T),UNIÃO
45,1.0,0.0,1.0,0.029451436969670126,0.0,PE,2,Deputado Federal (1T→2T),PSDB
50,0.4363883785099467,0.5545509236345466,1.0,0.006097409089291535,0.0,PE,2,Deputado Federal (1T→2T),PSOL
51,1.0,0.0,1.0,0.0,0.0,PE,2,Deputado Federal (1T→2T),PATRIOTA
55,0.5785622175058647,0.20838059926958252,0.9309551331144553,0.0,0.05416866359518868,PE,2,Deputado Federal (1T→2T),PSD
70,0.373662593363148,0.5903964373493178,0.9676204602130817,0.008992741451294096,0.04198867382291678,PE,2,Deputado Federal (1T→2T),AVANTE
77,0.0,1.0,0.9114689016029757,0.012600329763056143,0.08791887449685763,PE,2,Deputado Federal (1T→2T),SOLIDARIEDADE
80,1.0,0.5904490937660533,1.0,0.0,0.0,PE,2,Deputado Federal (1T→2T),UP
90,0.5436752523269125,0.4051593757198578,0.8455190821528177,0.09275719534299237,0.2263153524302842,PE,2,Deputado Federal (1T→2T),PROS
95,0.0,0.8320620197782487,0.8321649380662777,0.06047020290751769,0.0507890499097691,PE,2,Deputado Federal (1T→2T),95
96,0.226326312772842,0.5174452890385702,0.7777136621761358,0.005855992590702713,0.21219147716081102,PE,2,Deputado Federal (1T→2T),96
0,0.0,1.0,0.9251455387392602,0.02310941875164412,0.15363024108628154,PI,2,Deputado Federal (1T→2T),0
10,0.2883388658687112,0.6954693548050214,0.9997897822567712,0.005638202057678534,0.0,PI,2,Deputado Federal (1T→2T),REPUBLICANOS
11,0.31441673102650014,0.6402502155429872,0.9546314984481024,0.00728494132200944,0.01559486406583719,PI,2,Deputado Federal (1T→2T),PP
12,0.05194220406855701,1.0,1.0,0.012637161144997185,0.06695199085384188,PI,2,Deputado Federal (1T→2T),PDT
13,0.029343320318069077,0.927060285290872,0.9577267728464344,0.0027038080304668515,0.01505662642275054,PI,2,Deputado Federal (1T→2T),PT
14,1.0,0.0,1.0,0.0,0.030350329045793618,PI,2,Deputado Federal (1T→2T),PTB
15,0.0,0.0,0.0,0.0,0.0,PI,2,Deputado Federal (1T→2T),MDB
16,1.0,0.0,1.0,0.12469501505815948,0.0,PI,2,Deputado Federal (1T→2T),PSTU
18,1.0,1.1102230246251565e-16,0.9950156073332942,0.005190580862377434,0.0,PI,2,Deputado Federal (1T→2T),REDE
19,1.0,0.0,1.0,0.019123589201481092,0.0,PI,2,Deputado Federal (1T→2T),PODE
20,1.0,0.0,1.0,0.0034119708906067904,0.021105679921850116,PI,2,Deputado Federal (1T→2T),PSC
21,1.0,0.0,0.8079319693635086,0.011532332921316977,0.1902019617304429,PI,2,Deputado Federal (1T→2T),PCB
22,1.0,0.0,1.0,0.005729284281485338,0.005667065840429303,PI,2,Deputado Federal (1T→2T),PL
23,0.4123512786043656,0.7021457022793394,1.0,0.0,0.00505645039158155,PI,2,Deputado Federal (1T→2T),CIDADANIA
27,0.0,0.0,0.0,0.0,0.0,PI,2,Deputado Federal (1T→2T),DC
28,0.0,0.0,0.0,0.0,0.0,PI,2,Deputado Federal (1T→2T),PRTB
29,1.0,0.0,1.0,0.1678823091403077,0.0,PI,2,Deputado Federal (1T→2T),PCO
30,1.0,0.0,0.8755676125242837,0.07283311732735948,0.0027084690320022457,PI,2,Deputado Federal (1T→2T),NOVO
33,1.0,0.0,0.7962233343564534,0.007382880982990857,0.07097974444948575,PI,2,Deputado Federal (1T→2T),PMN
35,0.0,0.0,0.0,0.0,0.0,PI,2,Deputado Federal (1T→2T),PMB
36,0.0,1.0,0.9954347802706506,0.05996855752826581,0.0,PI,2,Deputado Federal (1T→2T),AGIR
40,0.0,0.0,0.0,0.0,0.0,PI,2,Deputado Federal (1T→2T),PSB
43,0.04695423066214618,0.9431575533292925,0.9892831855705375,0.009196917326178214,0.015512574713216492,PI,2,Deputado Federal (1T→2T),PV
44,1.0,0.0,1.0,0.0067071618166565546,0.0,PI,2,Deputado Federal (1T→2T),UNIÃO
45,0.008694967413930983,1.0,1.0,0.02294449838094077,0.133905817017109,PI,2,Deputado Federal (1T→2T),PSDB
50,1.0,0.0,1.0,0.07809290754654713,0.0010494168279917364,PI,2,Deputado Federal (1T→2T),PSOL
51,0.7798043110432152,0.18126604004641558,1.0,0.01025450308131957,0.0,PI,2,Deputado Federal (1T→2T),PATRIOTA
55,0.07051916173357609,0.8687037782553502,0.9384625818401129,0.004960708116182075,0.0125070287368614,PI,2,Deputado Federal (1T→2T),PSD
70,0.0,0.0,0.0,0.0,0.0,PI,2,Deputado Federal (1T→2T),AVANTE
77,0.0586216264702068,0.8907477854275242,0.9520191961390299,0.0006637201501827872,0.013040353063318931,PI,2,Deputado Federal (1T→2T),SOLIDARIEDADE
80,1.0,-1.1102230246251565e-16,0.8696250860492549,0.036016853279252005,0.009284645845887975,PI,2,Deputado Federal (1T→2T),UP
90,0.0,0.0,0.0,0.0,0.0,PI,2,Deputado Federal (1T→2T),PROS
95,0.6439161550509769,0.2468443375829818,0.9035952512716163,0.07975523300136161,0.007888263699777368,PI,2,Deputado Federal (1T→2T),95
96,0.6036881691615337,0.21400720621211297,0.8338218737109372,0.00701421083666341,0.26634995589361954,PI,2,Deputado Federal (1T→2T),96
0,0.0,1.0,0.9347393376504334,0.022085836030149537,0.0008632976835566623,PR,2,Deputado Federal (1T→2T),0
10,0.47903663058798185,0.5027157763066037,0.9937758625090085,0.010297428570677142,0.028314837139620824,PR,2,Deputado Federal (1T→2T),REPUBLICANOS
11,0.6660064634446805,0.29285592912403935,0.9708309483051121,0.010259627105980869,0.0048693795213298465,PR,2,Deputado Federal (1T→2T),PP
12,0.7877900079739292,0.0,0.9701398581895284,0.025275448780684783,0.05125811411596251,PR,2,Deputado Federal (1T→2T),PDT
13,0.0,1.0,1.0,0.009855719949072183,0.014476046010131052,PR,2,Deputado Federal (1T→2T),PT
14,1.0,0.0,1.0,0.0061654030155563816,0.014027608835872398,PR,2,Deputado Federal (1T→2T),PTB
15,0.5939177829086002,0.3678083257402409,0.9824460925616282,0.013073645101196118,0.0,PR,2,Deputado Federal (1T→2T),MDB
16,0.0,1.0,0.7757271564697698,0.0038688753075273004,0.0,PR,2,Deputado Federal (1T→2T),PSTU
18,0.9442258736252029,0.10539276815379622,1.0,0.010256995091865447,0.02315802700114699,PR,2,Deputado Federal (1T→2T),REDE
19,1.0,0.0,0.9407056397382136,0.028284089658011317,0.039790530097492754,PR,2,Deputado Federal (1T→2T),PODE
20,1.0,0.0,1.0,0.0,0.0,PR,2,Deputado Federal (1T→2T),PSC
21,0.17723910627086487,0.45730750538592346,1.0,0.07627985011621363,0.10074220125048798,PR,2,Deputado Federal (1T→2T),PCB
22,1.0,0.0,1.0,0.007494735625332164,0.009862633613741234,PR,2,Deputado Federal (1T→2T),PL
23,0.48269271847080886,0.47643410779206846,0.9838226088876697,0.011576239935507016,0.001352889414591862,PR,2,Deputado Federal (1T→2T),CIDADANIA
27,1.0,0.0,1.0,0.0,0.0016768555301161575,PR,2,Deputado Federal (1T→2T),DC
28,0.95032106661813,0.0,0.8793193451805278,0.03700151926914521,0.0,PR,2,Deputado Federal (1T→2T),PRTB
29,0.0,1.0,0.6158452213207146,0.13952145918609996,0.09095667775474789,PR,2,Deputado Federal (1T→2T),PCO
30,0.7727289646871015,0.0,0.833645910569326,0.05595380746051487,0.08181649879086067,PR,2,Deputado Federal (1T→2T),NOVO
33,0.9152163351226792,0.0,0.9927794633166974,0.0,0.0,PR,2,Deputado Federal (1T→2T),PMN
35,1.0,0.0,1.0,0.007523012387023519,0.004017423582303195,PR,2,Deputado Federal (1T→2T),PMB
36,1.0,0.0,0.9242843932625507,0.021841701239909264,0.0,PR,2,Deputado Federal (1T→2T),AGIR
40,0.688389082045887,0.3014588138372909,0.9838693212254336,0.009750541127560566,0.006269110357714319,PR,2,Deputado Federal (1T→2T),PSB
43,0.41150382723873447,0.5689539172469816,0.970007303983258,0.018025718708647737,0.011201042800567123,PR,2,Deputado Federal (1T→2T),PV
44,0.6760012410753854,0.2872887873451337,0.9877575980458987,0.006477095129028408,0.006131964633717089,PR,2,Deputado Federal (1T→2T),UNIÃO
45,0.7092728427364429,0.2566771035044567,0.9772978397606626,0.020033814618916977,0.01569032499280495,PR,2,Deputado Federal (1T→2T),PSDB
50,0.0,0.9792954314153778,0.9318373044353954,0.019851974695172473,0.07351096406908117,PR,2,Deputado Federal (1T→2T),PSOL
51,1.0,0.0,1.0,0.0,0.0,PR,2,Deputado Federal (1T→2T),PATRIOTA
55,0.5847275539504688,0.3965534753359632,0.9889940930249921,0.009267697766727357,0.012007884858246144,PR,2,Deputado Federal (1T→2T),PSD
70,0.0,0.0,0.0,0.0,0.0,PR,2,Deputado Federal (1T→2T),AVANTE
77,0.5793376805918399,0.38056723149623173,0.9665107773651078,0.014353866947891397,0.0159580927528472,PR,2,Deputado Federal (1T→2T),SOLIDARIEDADE
80,0.0,0.0,0.0,0.0,0.0,PR,2,Deputado Federal (1T→2T),UP
90,0.4634555344333926,0.5304676637914448,0.989842071615509,0.009007440640424441,0.005097926198124576,PR,2,Deputado Federal (1T→2T),PROS
95,0.35486686067702616,0.5241761976205888,0.9453611060637113,0.06586575827521549,0.0,PR,2,Deputado Federal (1T→2T),95
96,1.0,0.0,0.7345823139326606,0.012521122028805513,0.24474827477459005,PR,2,Deputado Federal (1T→2T),96
0,0.0,1.0,1.0,0.0,0.01587757670081681,RJ,2,Deputado Federal (1T→2T),0
10,0.6122178753549183,0.4414358819339049,1.0,0.013701900249633353,0.017590121322917332,RJ,2,Deputado Federal (1T→2T),REPUBLICANOS
11,0.8128969211937489,0.16127912960615154,0.9822169103539514,0.004909469587145152,0.004296867207876805,RJ,2,Deputado Federal (1T→2T),PP
12,0.12504662495568966,0.7593673105539395,0.9763731202847601,0.033518237606062824,0.057634518725713374,RJ,2,Deputado Federal (1T→2T),PDT
13,0.0,1.0,1.0,0.010010996205069006,0.010559157587069441,RJ,2,Deputado Federal (1T→2T),PT
14,1.0,0.0,1.0,0.004032011214999594,0.017733364487855795,RJ,2,Deputado Federal (1T→2T),PTB
15,0.5678883325818354,0.5360668246464484,1.0,0.013470656232182113,0.01110687394107307,RJ,2,Deputado Federal (1T→2T),MDB
16,0.0,1.0,1.0,0.0,0.1829318167347002,RJ,2,Deputado Federal (1T→2T),PSTU
18,0.0,1.0,1.0,0.009128511470932597,0.016268650654691953,RJ,2,Deputado Federal (1T→2T),REDE
19,0.9081444784773951,0.06184198223484799,1.0,0.0,0.019250275324270413,RJ,2,Deputado Federal (1T→2T),PODE
20,1.0,0.0,1.0,0.032540671106271894,0.0,RJ,2,Deputado Federal (1T→2T),PSC
21,0.0,0.9530940296159265,1.0,0.009857334987213692,0.02692150314622707,RJ,2,Deputado Federal (1T→2T),PCB
22,1.0,0.0,0.9926377539294813,0.005697956478455193,0.01829804377786317,RJ,2,Deputado Federal (1T→2T),PL
23,0.01103242288050731,0.6252755362239351,0.8415592987489632,0.06627930511069187,0.09689602312950277,RJ,2,Deputado Federal (1T→2T),CIDADANIA
27,1.0,0.00569760999308921,1.0,0.0,0.0,RJ,2,Deputado Federal (1T→2T),DC
28,1.0,0.0,0.9529940598771712,0.0,0.03238134116294259,RJ,2,Deputado Federal (1T→2T),PRTB
29,0.0,1.0,1.0,0.0,0.13790852531581105,RJ,2,Deputado Federal (1T→2T),PCO
30,1.0,0.0,0.9072470135479791,0.04820554520795881,0.07815600468307622,RJ,2,Deputado Federal (1T→2T),NOVO
33,1.0,0.0,1.0,0.006762400849052697,0.0074529652139295665,RJ,2,Deputado Federal (1T→2T),PMN
35,1.0,0.0,1.0,0.01170845229468369,0.0,RJ,2,Deputado Federal (1T→2T),PMB
36,0.495734727184433,0.47725388032793487,0.9702089041013079,0.005813781616083258,0.014649835972989817,RJ,2,Deputado Federal (1T→2T),AGIR
40,0.0,1.0,0.9931190781302033,0.014686320234517781,0.022528901254727802,RJ,2,Deputado Federal (1T→2T),PSB
43,0.0,1.0,1.0,0.0,0.0,RJ,2,Deputado Federal (1T→2T),PV
44,0.6834768362346355,0.2350005743235466,0.9186397195037127,0.009408494206138405,0.013003575083238055,RJ,2,Deputado Federal (1T→2T),UNIÃO
45,0.5994698864982315,0.31868557265950515,0.957395201810218,0.02081416041788459,0.03546907713379936,RJ,2,Deputado Federal (1T→2T),PSDB
50,0.0,1.0,0.982783681724298,0.0,0.01785131293930628,RJ,2,Deputado Federal (1T→2T),PSOL
51,1.0,0.0,1.0,0.003599409554089857,0.012316458584102827,RJ,2,Deputado Federal (1T→2T),PATRIOTA
55,0.42354827061312195,0.5717668476015635,1.0,0.016079722011346893,0.025848228013364664,RJ,2,Deputado Federal (1T→2T),PSD
70,0.3948769344259818,0.5583327802237622,0.9665895797085842,0.013536535107720562,0.007041899495536961,RJ,2,Deputado Federal (1T→2T),AVANTE
77,0.6234430218828038,0.3143772818624084,0.9259068078973346,0.005825624989256129,0.019594958837011064,RJ,2,Deputado Federal (1T→2T),SOLIDARIEDADE
80,0.0,0.0,0.0,0.0,0.0,RJ,2,Deputado Federal (1T→2T),UP
90,0.5336634409214495,0.37607175975114165,0.9226865586563209,0.0110414188496498,0.011971584815832178,RJ,2,Deputado Federal (1T→2T),PROS
95,0.0,0.891134997915991,0.9139936647686362,0.07404004123675711,0.0,RJ,2,Deputado Federal (1T→2T),95
96,0.7098116748235304,0.008455031531036127,0.7811922466833985,0.0003687199554986281,0.23244168877754556,RJ,2,Deputado Federal (1T→2T),96
0,1.0,0.0,1.0,0.0,0.0,RN,2,Deputado Federal (1T→2T),0
10,0.2176614126428067,0.6877437387760935,0.9801435307143852,0.0051627132653099305,0.007729412716494672,RN,2,Deputado Federal (1T→2T),REPUBLICANOS
11,0.15148710133924537,0.7694000743697293,0.9548897374977112,0.00579004305136387,0.015703200129474473,RN,2,Deputado Federal (1T→2T),PP
12,1.0,0.0,1.0,0.025746550922879058,0.1080880220690417,RN,2,Deputado Federal (1T→2T),PDT
13,0.5587154116611448,0.5488119320802786,1.0,0.006636623949839986,0.004575605612968654,RN,2,Deputado Federal (1T→2T),PT
14,1.0,0.0,1.0,0.06530632839559779,0.0,RN,2,Deputado Federal (1T→2T),PTB
15,0.0,0.9318709800530885,0.9247051217342603,0.005730371201177434,0.019428632206560676,RN,2,Deputado Federal (1T→2T),MDB
16,0.0,1.0,1.0,0.0,0.09972759269323367,RN,2,Deputado Federal (1T→2T),PSTU
18,0.0,1.0,1.0,0.01265500562868338,0.0854718836951343,RN,2,Deputado Federal (1T→2T),REDE
19,0.8177178159779841,0.018846322385239575,0.9911079430438006,0.019564746380061435,0.035313959429072506,RN,2,Deputado Federal (1T→2T),PODE
20,0.0,1.0,0.7989681528975656,0.01500148894527765,0.0,RN,2,Deputado Federal (1T→2T),PSC
21,0.0,0.0,0.0,0.0,0.0,RN,2,Deputado Federal (1T→2T),PCB
22,0.23754658951346408,0.663284048051968,0.9528455736267666,0.004120147010824779,0.011776185084921651,RN,2,Deputado Federal (1T→2T),PL
23,1.0,0.0,1.0,0.0,0.02602897468149725,RN,2,Deputado Federal (1T→2T),CIDADANIA
27,0.8697043458903813,0.5966415478184913,1.0,0.027459056564615048,0.0,RN,2,Deputado Federal (1T→2T),DC
28,1.0,0.0,1.0,0.0,0.05236590519625862,RN,2,Deputado Federal (1T→2T),PRTB
29,0.0,0.0,0.0,0.0,0.0,RN,2,Deputado Federal (1T→2T),PCO
30,0.0,0.0,0.0,0.0,0.0,RN,2,Deputado Federal (1T→2T),NOVO
33,1.0,0.18174935144321097,1.0,0.0,0.0,RN,2,Deputado Federal (1T→2T),PMN
35,0.0,0.8711984837419398,1.0,0.028844819541678526,0.20285229721132655,RN,2,Deputado Federal (1T→2T),PMB
36,0.0,0.0,0.0,0.0,0.0,RN,2,Deputado Federal (1T→2T),AGIR
40,0.42583649171261473,0.6232721561058305,1.0,0.005353898094645419,0.007396413792822424,RN,2,Deputado Federal (1T→2T),PSB
43,0.5575010690068702,0.588358386995305,1.0,0.014637055089161995,0.0159037142913861,RN,2,Deputado Federal (1T→2T),PV
44,0.28114482256967804,0.6419657341445477,0.9566289488094496,0.005422134340701359,0.014151484254419259,RN,2,Deputado Federal (1T→2T),UNIÃO
45,0.6208381394334668,0.3350479362337051,0.9917189650959468,0.007003747295282181,0.01898491703896466,RN,2,Deputado Federal (1T→2T),PSDB
50,1.0,0.0,1.0,0.011122826566525433,0.0,RN,2,Deputado Federal (1T→2T),PSOL
51,1.0,0.0,1.0,0.016480618188460278,0.0,RN,2,Deputado Federal (1T→2T),PATRIOTA
55,1.0,0.022849752275142465,1.0,0.009089443925770803,0.0,RN,2,Deputado Federal (1T→2T),PSD
70,0.0,1.0,1.0,0.011745592779870893,0.0,RN,2,Deputado Federal (1T→2T),AVANTE
77,0.6604646364469391,0.3445560238572778,1.0,0.008591377238558115,0.019249709495264486,RN,2,Deputado Federal (1T→2T),SOLIDARIEDADE
80,0.0,0.0,0.0,0.0,0.0,RN,2,Deputado Federal (1T→2T),UP
90,0.0,0.0,0.0,0.0,0.0,RN,2,Deputado Federal (1T→2T),PROS
95,0.0,1.0,1.0,0.06622811961433597,0.029844871964342313,RN,2,Deputado Federal (1T→2T),95
96,0.9318283085019934,0.113738265342748,1.0,0.0,0.1813236692120827,RN,2,Deputado Federal (1T→2T),96
0,0.0,1.0,0.7142096499553666,0.0,0.035366012729060134,RO,2,Deputado Federal (1T→2T),0
10,0.6471904677588324,0.31480302563199153,0.9937105324218827,0.006044279853549977,0.043582868055821025,RO,2,Deputado Federal (1T→2T),REPUBLICANOS
11,1.0,0.0,1.0,0.008450220884064073,0.0,RO,2,Deputado Federal (1T→2T),PP
12,0.0,1.0,1.0,0.0011981956736003203,0.05084638304338969,RO,2,Deputado Federal (1T→2T),PDT
13,0.0,1.0,1.0,0.001722855713005944,0.04426601654508875,RO,2,Deputado Federal (1T→2T),PT
14,1.0,0.0,1.0,0.0036062940711354555,0.005913225504249185,RO,2,Deputado Federal (1T→2T),PTB
15,1.0,0.0,1.0,0.007274342156845286,0.0,RO,2,Deputado Federal (1T→2T),MDB
16,0.0,0.0,0.0,0.0,0.0,RO,2,Deputado Federal (1T→2T),PSTU
18,0.0,1.0,0.0,0.0,0.1133408301144367,RO,2,Deputado Federal (1T→2T),REDE
19,0.6137880263949012,0.3650171341931453,0.9793426312239872,0.009548748223878177,0.024904656430638435,RO,2,Deputado Federal (1T→2T),PODE
20,1.0,0.0,1.0,0.00374018666848705,0.00976351623767293,RO,2,Deputado Federal (1T→2T),PSC
21,0.0,0.0,0.0,0.0,0.0,RO,2,Deputado Federal (1T→2T),PCB
22,0.8833271668309879,0.15191895085598964,1.0,0.0075789024285081805,0.010813689046878435,RO,2,Deputado Federal (1T→2T),PL
23,0.0,0.0,0.0,0.0,0.0,RO,2,Deputado Federal (1T→2T),CIDADANIA
27,0.0,0.0,0.0,0.0,0.0,RO,2,Deputado Federal (1T→2T),DC
28,0.0,0.0,0.0,0.0,0.0,RO,2,Deputado Federal (1T→2T),PRTB
29,0.0,0.0,0.0,0.0,0.0,RO,2,Deputado Federal (1T→2T),PCO
30,0.0,0.0,0.0,0.0,0.0,RO,2,Deputado Federal (1T→2T),NOVO
33,0.0,0.0,0.0,0.0,0.0,RO,2,Deputado Federal (1T→2T),PMN
35,0.768976328310108,0.31939984565326834,1.0,0.0,0.055735149094717835,RO,2,Deputado Federal (1T→2T),PMB
36,0.4367507317776722,0.7478799577707438,1.0,0.0656896837704653,0.0,RO,2,Deputado Federal (1T→2T),AGIR
40,0.7744445384381884,0.26255636856301856,1.0,0.015978705570805274,0.00997409114652987,RO,2,Deputado Federal (1T→2T),PSB
43,1.0,0.33510307347257207,1.0,0.0,0.0,RO,2,Deputado Federal (1T→2T),PV
44,0.613060552459201,0.3245955908086921,0.9518541978274757,0.010832541484346484,0.0056743030537855284,RO,2,Deputado Federal (1T→2T),UNIÃO
45,0.0,0.0,0.0,0.0,0.0,RO,2,Deputado Federal (1T→2T),PSDB
50,0.7559018434617996,0.39915151513115976,1.0,0.0,0.0,RO,2,Deputado Federal (1T→2T),PSOL
51,0.34545546499162016,0.613828729276602,0.9255551144829147,0.0,0.07719402733501084,RO,2,Deputado Federal (1T→2T),PATRIOTA
55,0.3916368370135018,0.46808852926140976,0.9629696926890298,0.016510151111287952,0.0374103744296678,RO,2,Deputado Federal (1T→2T),PSD
70,0.30704983137070346,0.5928353804514882,0.8535304078311621,0.0,0.03969263174558503,RO,2,Deputado Federal (1T→2T),AVANTE
77,0.0,1.0,0.9745900957537099,0.0,0.041314928269608954,RO,2,Deputado Federal (1T→2T),SOLIDARIEDADE
80,0.0,0.0,0.0,0.0,0.0,RO,2,Deputado Federal (1T→2T),UP
90,0.5031448307760393,0.2762300360357187,0.7771626740701136,0.0,0.03192555823034936,RO,2,Deputado Federal (1T→2T),PROS
95,0.45087215819766235,0.2758320489902575,0.7617596599142631,0.0729941086708294,0.0,RO,2,Deputado Federal (1T→2T),95
96,0.46796398855389876,0.1988552123450566,0.7269863536695673,0.0,0.26179717340052394,RO,2,Deputado Federal (1T→2T),96
0,0.047218223866700465,0.0,0.0,0.0,0.20333905797259402,RR,2,Deputado Federal (1T→2T),0
10,0.49729063889467917,0.28401071698721225,0.7766583612821583,0.00165749946601296,0.0034807856944209237,RR,2,Deputado Federal (1T→2T),REPUBLICANOS
11,0.7354488454346837,0.13584190777547955,0.9666427767371593,0.0078040772541032,0.03327814540940681,RR,2,Deputado Federal (1T→2T),PP
12,1.0,0.0,1.0,0.0,0.07856876955042685,RR,2,Deputado Federal (1T→2T),PDT
13,1.0,0.3615311274054844,1.0,0.013236090552628501,0.017139113408724888,RR,2,Deputado Federal (1T→2T),PT
14,1.0,0.0,1.0,0.0,0.014873075903702756,RR,2,Deputado Federal (1T→2T),PTB
15,0.7658902874635738,0.15113292389256394,0.9959116267668368,0.0021213136377860897,0.0,RR,2,Deputado Federal (1T→2T),MDB
16,0.0,0.0,0.0,0.0,0.0,RR,2,Deputado Federal (1T→2T),PSTU
18,0.18035442366553192,0.9147082907233377,1.0,0.02456669024845709,0.0,RR,2,Deputado Federal (1T→2T),REDE
19,0.9373812869133059,0.0649037416954035,1.0,0.0,0.0,RR,2,Deputado Federal (1T→2T),PODE
20,1.0,0.0,1.0,0.0,0.08241738709485412,RR,2,Deputado Federal (1T→2T),PSC
21,0.0,0.0,0.0,0.0,0.0,RR,2,Deputado Federal (1T→2T),PCB
22,0.7151775095422086,0.10630763995052764,0.8457061829064815,0.0,0.0,RR,2,Deputado Federal (1T→2T),PL
23,1.0,0.06111503145929921,1.0,0.0,0.0,RR,2,Deputado Federal (1T→2T),CIDADANIA
27,1.0,0.0,1.0,0.03144469837739718,0.002352343493052205,RR,2,Deputado Federal (1T→2T),DC
28,1.0,0.044186281077447626,1.0,0.12777737864419292,0.0,RR,2,Deputado Federal (1T→2T),PRTB
29,0.0,1.0,1.0,0.3272777794307161,0.556603606336144,RR,2,Deputado Federal (1T→2T),PCO
30,0.0,0.0,0.0,0.0,0.0,RR,2,Deputado Federal (1T→2T),NOVO
33,1.0,0.0,1.0,0.02049374004293205,0.006337791447323737,RR,2,Deputado Federal (1T→2T),PMN
35,1.0,0.0,1.0,0.0,0.0,RR,2,Deputado Federal (1T→2T),PMB
36,0.0,0.0,0.0,0.0,0.0,RR,2,Deputado Federal (1T→2T),AGIR
40,1.0,0.05272640687490622,1.0,0.039462131984309895,0.0,RR,2,Deputado Federal (1T→2T),PSB
43,0.0,1.0,0.8611639043950362,0.09775457673227111,0.0,RR,2,Deputado Federal (1T→2T),PV
44,0.9154996238445605,0.1780939074506477,1.0,0.008477259447895506,0.0,RR,2,Deputado Federal (1T→2T),UNIÃO
45,1.0,0.0,1.0,0.05314232618331816,0.14385430342313907,RR,2,Deputado Federal (1T→2T),PSDB
50,1.0,1.0,1.0,0.10996493919545706,0.1757479986126844,RR,2,Deputado Federal (1T→2T),PSOL
51,1.0,0.0,1.0,0.03677910020637688,0.04219508144892236,RR,2,Deputado Federal (1T→2T),PATRIOTA
55,0.6502225189381872,0.24813507423098302,0.9329809437670735,0.004257161497524994,0.01246442010954367,RR,2,Deputado Federal (1T→2T),PSD
70,0.0,0.0,0.0,0.0,0.0,RR,2,Deputado Federal (1T→2T),AVANTE
77,0.0,0.7206805188689535,0.0,0.0,0.0,RR,2,Deputado Federal (1T→2T),SOLIDARIEDADE
80,0.0,0.0,0.0,0.0,0.0,RR,2,Deputado Federal (1T→2T),UP
90,1.0,0.0,1.0,0.0,0.0,RR,2,Deputado Federal (1T→2T),PROS
95,1.0,0.0,1.0,0.08838788423082425,0.0,RR,2,Deputado Federal (1T→2T),95
96,1.0,0.08362376595327112,1.0,0.03198204406831892,0.31986908733511454,RR,2,Deputado Federal (1T→2T),96
0,0.0,1.0,0.9781427091641626,0.014187443500202656,0.029761915724646374,RS,2,Deputado Federal (1T→2T),0
10,1.0,0.0,1.0,0.0,0.0038412348586758377,RS,2,Deputado Federal (1T→2T),REPUBLICANOS
11,1.0,0.0,1.0,0.00436715812193518,0.0,RS,2,Deputado Federal (1T→2T),PP
12,0.4829811538087711,0.504097457322936,1.0,0.017453114583692926,0.01031434662776259,RS,2,Deputado Federal (1T→2T),PDT
13,0.0,0.9864005437235444,0.966147205866406,0.00831093991232068,0.03124421237702516,RS,2,Deputado Federal (1T→2T),PT
14,1.0,0.0,1.0,0.012505903499058607,0.01967563943180455,RS,2,Deputado Federal (1T→2T),PTB
15,0.7561425032179487,0.21553009099860912,0.9719280872099508,0.017183855896871093,0.029268101255448264,RS,2,Deputado Federal (1T→2T),MDB
16,0.0,1.0,1.0,0.0,0.0,RS,2,Deputado Federal (1T→2T),PSTU
18,0.0,1.0,0.6915668529032607,0.04687236402838998,0.1323102664598131,RS,2,Deputado Federal (1T→2T),REDE
19,1.0,0.0,1.0,0.0020753862639773966,0.006695199338002866,RS,2,Deputado Federal (1T→2T),PODE
20,1.0,0.0,0.9994852782458035,0.027162756236271516,0.0,RS,2,Deputado Federal (1T→2T),PSC
21,0.13158754700644465,0.9355344337153877,1.0,0.06835502192522956,0.0,RS,2,Deputado Federal (1T→2T),PCB
22,0.8839688356378893,0.12049918456906826,1.0,0.01172440642901908,0.009913348873560943,RS,2,Deputado Federal (1T→2T),PL
23,0.28743902152756434,0.5494295852278362,0.9167579485875014,0.0345526154124012,0.06014670766383233,RS,2,Deputado Federal (1T→2T),CIDADANIA
27,0.480356397407865,0.2495696094808559,0.7269068802056246,0.05126357111611459,0.15480514030986384,RS,2,Deputado Federal (1T→2T),DC
28,0.8311113202387492,0.2424640413285491,0.9798697753774152,0.0,0.0,RS,2,Deputado Federal (1T→2T),PRTB
29,0.9428760954479523,0.13830416253087577,1.0,0.11363316654340407,0.0,RS,2,Deputado Federal (1T→2T),PCO
30,1.0,0.0,1.0,0.03055852783578539,0.0,RS,2,Deputado Federal (1T→2T),NOVO
33,0.0,0.0,0.0,0.0,0.0,RS,2,Deputado Federal (1T→2T),PMN
35,0.0,0.0,0.0,0.0,0.0,RS,2,Deputado Federal (1T→2T),PMB
36,0.502866721175088,0.09344566751453824,0.9868286461085901,0.2056861642530924,0.08678755647382623,RS,2,Deputado Federal (1T→2T),AGIR
40,0.004366715209799714,0.901710775551643,0.9278542927918012,0.02335922817549714,0.03757986679904982,RS,2,Deputado Federal (1T→2T),PSB
43,0.5305495883665996,0.4161325380188513,0.9319429202145606,0.0196067856594424,0.01955545139271792,RS,2,Deputado Federal (1T→2T),PV
44,0.6300729545652771,0.3153001731948028,0.9688706132591861,0.013496470437097655,0.02303916295420306,RS,2,Deputado Federal (1T→2T),UNIÃO
45,0.5887661440724319,0.3422667306420714,0.9680957323135373,0.028587907313797158,0.04068170339303726,RS,2,Deputado Federal (1T→2T),PSDB
50,0.0,1.0,0.9667053922881658,0.013683694586556288,0.0031979016665384112,RS,2,Deputado Federal (1T→2T),PSOL
51,1.0,0.0,1.0,0.0,0.0,RS,2,Deputado Federal (1T→2T),PATRIOTA
55,0.5895732423574712,0.4089561954038572,1.0,0.01156988801504116,0.012210534392869057,RS,2,Deputado Federal (1T→2T),PSD
70,0.1789711082453825,0.768046100269518,0.9611805464472057,0.0,0.05188194842381256,RS,2,Deputado Federal (1T→2T),AVANTE
77,0.0,0.9550979507011972,0.9116800415495402,0.024162424618768955,0.07527307952522902,RS,2,Deputado Federal (1T→2T),SOLIDARIEDADE
80,0.0,1.0,0.9050833389942435,0.0674444777512696,0.0,RS,2,Deputado Federal (1T→2T),UP
90,1.0,0.0,1.0,0.0,0.0,RS,2,Deputado Federal (1T→2T),PROS
95,0.06435387998802063,0.6752860568883039,0.7853546876712333,0.07551111585501388,0.035970875030085614,RS,2,Deputado Federal (1T→2T),95
96,0.9040618733449757,0.0,0.8118900682609522,0.007520710317601335,0.2703000171458839,RS,2,Deputado Federal (1T→2T),96
0,0.0,1.0,0.9775178194484118,0.0333667206443932,0.04764413234597192,SC,2,Deputado Federal (1T→2T),0
10,0.0,1.0,0.9779796675461476,0.022357295725105225,0.017192235620619722,SC,2,Deputado Federal (1T→2T),REPUBLICANOS
11,0.6996505625682053,0.2689976411112799,0.9754988177641398,0.02538848954887287,0.021935910583394613,SC,2,Deputado Federal (1T→2T),PP
12,0.0,1.0,0.9532123068901758,0.009118230639757651,0.0,SC,2,Deputado Federal (1T→2T),PDT
13,0.0,1.0,1.0,0.0034296943535848724,0.0027695420465634613,SC,2,Deputado Federal (1T→2T),PT
14,1.0,0.0,1.0,0.003034693739788978,0.0,SC,2,Deputado Federal (1T→2T),PTB
15,0.7535937508878261,0.24985812870279378,1.0,0.0074183611344600265,0.002685003424460061,SC,2,Deputado Federal (1T→2T),MDB
16,0.0,1.0,0.0030212307407576503,0.0,0.006310937192730761,SC,2,Deputado Federal (1T→2T),PSTU
18,0.0,1.0,1.0,0.0,0.06524028189194626,SC,2,Deputado Federal (1T→2T),REDE
19,0.963879255899105,0.057125060405048916,1.0,0.0066381798451339786,0.006208874885398069,SC,2,Deputado Federal (1T→2T),PODE
20,1.0,0.020272029910171,1.0,0.01307636527524887,0.0031577304658116003,SC,2,Deputado Federal (1T→2T),PSC
21,0.0,0.0,0.0,0.0,0.0,SC,2,Deputado Federal (1T→2T),PCB
22,1.0,0.0,1.0,0.00022461650385706124,0.0,SC,2,Deputado Federal (1T→2T),PL
23,0.6249192518702138,0.3679161483574638,0.9904897976149614,0.017643356221537572,0.013140325593762953,SC,2,Deputado Federal (1T→2T),CIDADANIA
27,0.6934611090965692,0.399257870819996,1.0,0.0,0.0,SC,2,Deputado Federal (1T→2T),DC
28,0.9364300048893633,0.18745923911308418,1.0,0.0,0.0,SC,2,Deputado Federal (1T→2T),PRTB
29,0.0,0.7978806692020873,0.6374554684270475,0.0,0.016289954651631546,SC,2,Deputado Federal (1T→2T),PCO
30,0.9438868507792412,0.03150800180772367,0.9960346040520406,0.029402249082697805,0.04308070944021143,SC,2,Deputado Federal (1T→2T),NOVO
33,0.0,0.0,0.0,0.0,0.0,SC,2,Deputado Federal (1T→2T),PMN
35,0.0,0.0,0.0,0.0,0.0,SC,2,Deputado Federal (1T→2T),PMB
36,0.0,0.0,0.0,0.0,0.0,SC,2,Deputado Federal (1T→2T),AGIR
40,0.11718663849924474,0.8948069162744325,0.9978263206514735,0.012332722443183978,0.018359446254616028,SC,2,Deputado Federal (1T→2T),PSB
43,0.0,1.0,0.7235340737647706,0.1444227302642076,0.1164506601732815,SC,2,Deputado Federal (1T→2T),PV
44,0.5311412472934574,0.40514939129907945,0.9528654675302498,0.011762386512332529,0.028408511707861024,SC,2,Deputado Federal (1T→2T),UNIÃO
45,0.9412130279624977,0.06580627768138914,1.0,0.010255991451700848,0.00991011141410582,SC,2,Deputado Federal (1T→2T),PSDB
50,0.0,1.0,0.9912081115496825,0.0167160927032526,0.02635636235991024,SC,2,Deputado Federal (1T→2T),PSOL
51,1.0,0.0,1.0,0.0,0.0,SC,2,Deputado Federal (1T→2T),PATRIOTA
55,0.8663813005152533,0.08220040507861581,0.9623249375981915,0.01075418053782575,0.016172805866257134,SC,2,Deputado Federal (1T→2T),PSD
70,1.0,0.0,1.0,0.0,0.0,SC,2,Deputado Federal (1T→2T),AVANTE
77,1.0,0.050178538947868195,1.0,0.0,0.029813989609575178,SC,2,Deputado Federal (1T→2T),SOLIDARIEDADE
80,0.0,1.0,1.0,0.00932831699571356,0.0,SC,2,Deputado Federal (1T→2T),UP
90,0.0,0.3071209836595825,0.3108029567832287,0.0,0.0,SC,2,Deputado Federal (1T→2T),PROS
95,0.34256084679579346,0.5980538940806381,0.9877378445025183,0.0613975060167424,0.0,SC,2,Deputado Federal (1T→2T),95
96,0.7996215277186749,0.0,0.7128089292987826,0.0,0.2647064319516788,SC,2,Deputado Federal (1T→2T),96
0,1.0,0.0,0.9939620522059642,0.0,0.11460658124935354,SE,2,Deputado Federal (1T→2T),0
10,0.21901704773246347,0.757133428474854,1.0,0.0,0.004480809199942509,SE,2,Deputado Federal (1T→2T),REPUBLICANOS
11,0.6270270882485058,0.3219536770298226,0.9765149501237254,0.0,0.011469038907433636,SE,2,Deputado Federal (1T→2T),PP
12,0.658610730059469,0.29784236027690164,1.0,0.009563530418595409,0.035095085683633315,SE,2,Deputado Federal (1T→2T),PDT
13,0.1485386128543274,0.9055471804613657,1.0,0.011194997804666498,0.0,SE,2,Deputado Federal (1T→2T),PT
14,1.0,0.0,1.0,0.0,0.0,SE,2,Deputado Federal (1T→2T),PTB
15,0.8881541238377713,0.23213426686170172,1.0,0.0,0.0,SE,2,Deputado Federal (1T→2T),MDB
16,0.0,0.0,0.0,0.0,0.0,SE,2,Deputado Federal (1T→2T),PSTU
18,1.0,0.0,1.0,0.0,0.0,SE,2,Deputado Federal (1T→2T),REDE
19,1.0,0.0,1.0,0.02428384618359241,0.03518008803945705,SE,2,Deputado Federal (1T→2T),PODE
20,0.0,0.0,0.0,0.0,0.0,SE,2,Deputado Federal (1T→2T),PSC
21,0.0,0.0,0.0,0.0,0.0,SE,2,Deputado Federal (1T→2T),PCB
22,0.408454571666642,0.5323767012972437,0.962051366255963,0.003500583287776079,0.016164553643460276,SE,2,Deputado Federal (1T→2T),PL
23,1.0,0.0,1.0,0.03914629125606816,0.05024615557367257,SE,2,Deputado Federal (1T→2T),CIDADANIA
27,0.6814177798029363,0.3495485981202013,1.0,0.014216492659764152,0.02744389434542196,SE,2,Deputado Federal (1T→2T),DC
28,0.0,0.0,0.0,0.0,0.0,SE,2,Deputado Federal (1T→2T),PRTB
29,0.0,0.0,0.0,0.0,0.0,SE,2,Deputado Federal (1T→2T),PCO
30,0.0,0.0,0.0,0.0,0.0,SE,2,Deputado Federal (1T→2T),NOVO
33,0.32309996575017885,0.44151209709563,0.8271469805170903,0.04971414882415281,0.1107750770818987,SE,2,Deputado Federal (1T→2T),PMN
35,0.0,0.0,0.0,0.0,0.0,SE,2,Deputado Federal (1T→2T),PMB
36,0.0,0.0,0.0,0.0,0.0,SE,2,Deputado Federal (1T→2T),AGIR
40,1.0,0.0,1.0,0.0,0.0,SE,2,Deputado Federal (1T→2T),PSB
43,0.0,1.0,1.0,0.0,0.1014543033256869,SE,2,Deputado Federal (1T→2T),PV
44,0.27059923566630395,0.6476118962621242,0.9268346824903134,0.011917240988448315,0.031753249935469095,SE,2,Deputado Federal (1T→2T),UNIÃO
45,1.0,0.0,1.0,0.022547383900132945,0.0,SE,2,Deputado Federal (1T→2T),PSDB
50,1.0,0.0,1.0,0.004229225264436454,0.0,SE,2,Deputado Federal (1T→2T),PSOL
51,1.0,0.0,1.0,0.0,0.055698970187926536,SE,2,Deputado Federal (1T→2T),PATRIOTA
55,0.1505324093305297,0.7725762257462183,0.9377053426269331,0.011924270532960754,0.038483909790827775,SE,2,Deputado Federal (1T→2T),PSD
70,0.0,0.0,0.0,0.0,0.0,SE,2,Deputado Federal (1T→2T),AVANTE
77,0.6239423924024666,0.3854976095409984,1.0,0.0,0.024543934200978827,SE,2,Deputado Federal (1T→2T),SOLIDARIEDADE
80,0.0,1.0,1.0,0.012112824120861197,0.0,SE,2,Deputado Federal (1T→2T),UP
90,0.5245681104410442,0.2776046412270323,0.8676793845396061,0.05828227688416328,0.046491965499912205,SE,2,Deputado Federal (1T→2T),PROS
95,0.0,0.957639557282612,0.7962426248912429,0.07308586273088949,0.031141761304544133,SE,2,Deputado Federal (1T→2T),95
96,0.547983645230967,0.14303412881680708,0.7653308733060833,0.0288388399170454,0.2757477839385422,SE,2,Deputado Federal (1T→2T),96
0,0.0,1.0,0.9745926303712347,0.01180007369491123,0.021314742906475934,SP,2,Deputado Federal (1T→2T),0
10,0.7642146619351561,0.25848099947998004,1.0,0.005046621771193346,0.009258134877601687,SP,2,Deputado Federal (1T→2T),REPUBLICANOS
11,0.7993468100218926,0.19413076107722094,1.0,0.008791665955838477,0.02136429467518734,SP,2,Deputado Federal (1T→2T),PP
12,0.5331843380967513,0.4429082291739617,0.9796186964930476,0.009839840213820096,0.02450416316164462,SP,2,Deputado Federal (1T→2T),PDT
13,0.0,1.0,0.9652419675089136,0.01315427468375333,0.025788108428878156,SP,2,Deputado Federal (1T→2T),PT
14,1.0,0.0,1.0,0.0,0.0,SP,2,Deputado Federal (1T→2T),PTB
15,0.6346096643229936,0.33869286325393205,0.9732114969573049,0.01715893574053694,0.03165618720053369,SP,2,Deputado Federal (1T→2T),MDB
16,0.0,1.0,1.0,0.01990417566514612,0.0,SP,2,Deputado Federal (1T→2T),PSTU
18,0.0,0.9206195185234357,0.9892341256850281,0.026326855165205058,0.025257734562919455,SP,2,Deputado Federal (1T→2T),REDE
19,0.5017818358866433,0.4427541416244405,0.9466397936713747,0.021709360494612185,0.033724887273629454,SP,2,Deputado Federal (1T→2T),PODE
20,1.0,0.0,0.9876160293257386,0.016998010418878662,0.03268781333199524,SP,2,Deputado Federal (1T→2T),PSC
21,0.0,1.0,0.930196352541367,0.004254482247841442,0.0664728331310577,SP,2,Deputado Federal (1T→2T),PCB
22,1.0,0.0,1.0,0.005911362344867728,0.012335940367524669,SP,2,Deputado Federal (1T→2T),PL
23,0.7119543724248891,0.2614836372339488,0.9946478622260526,0.010208825120726335,0.040565414348521296,SP,2,Deputado Federal (1T→2T),CIDADANIA
27,0.0,1.0,0.8116211142327688,0.09763092601866193,0.14610212262628874,SP,2,Deputado Federal (1T→2T),DC
28,1.0,0.0,1.0,0.0,0.0,SP,2,Deputado Federal (1T→2T),PRTB
29,0.0,1.0,0.8797348191791003,0.025144121872370553,0.2982036202454764,SP,2,Deputado Federal (1T→2T),PCO
30,1.0,0.0,0.8768955787383818,0.06066090303367315,0.09687759362707397,SP,2,Deputado Federal (1T→2T),NOVO
33,0.0,1.0,0.7581344578818432,0.09869997949268243,0.12456698568582726,SP,2,Deputado Federal (1T→2T),PMN
35,0.0,1.0,0.7146375013190921,0.048320084989826935,0.0704780510241069,SP,2,Deputado Federal (1T→2T),PMB
36,0.0,0.9495838284098346,0.9593314472965618,0.0,0.0038067683050988276,SP,2,Deputado Federal (1T→2T),AGIR
40,0.3917992584712726,0.5659249123664885,1.0,0.01031950057941088,0.01689077946219334,SP,2,Deputado Federal (1T→2T),PSB
43,0.04684272124437709,0.6164136535361737,0.9034857129602898,0.07345811565926955,0.07302450234215369,SP,2,Deputado Federal (1T→2T),PV
44,0.5866020476455767,0.3549723437191608,0.9658962058830837,0.019498061689819976,0.03760564937749412,SP,2,Deputado Federal (1T→2T),UNIÃO
45,0.6001671346502553,0.3412453563054693,0.9486218998801623,0.02052065967763709,0.03679757333678656,SP,2,Deputado Federal (1T→2T),PSDB
50,0.0,1.0,0.9543423445634901,0.016159833992064866,0.031113465038307538,SP,2,Deputado Federal (1T→2T),PSOL
51,0.9058757557752826,0.14922004274188594,1.0,0.0025930520383063028,0.014639967900256196,SP,2,Deputado Federal (1T→2T),PATRIOTA
55,0.7126143765528841,0.2729593256213652,0.9791123878574299,0.014000949034240035,0.024472588335163636,SP,2,Deputado Federal (1T→2T),PSD
70,1.0,0.032873135797456716,1.0,0.0,0.0,SP,2,Deputado Federal (1T→2T),AVANTE
77,0.3653233999507648,0.605903462271937,0.9761065904400545,0.01090371732079778,0.007284185813845035,SP,2,Deputado Federal (1T→2T),SOLIDARIEDADE
80,0.0,1.0,0.6371812550541491,0.058685198059319314,0.13421487843252788,SP,2,Deputado Federal (1T→2T),UP
90,1.0,0.0,1.0,0.0,0.0,SP,2,Deputado Federal (1T→2T),PROS
95,0.029980504649084305,0.7913475438111026,0.8514606786008558,0.10185133270179864,0.009395390241975263,SP,2,Deputado Federal (1T→2T),95
96,0.12161222919518933,0.34375931573943747,0.5497637795610302,0.014203192520447612,0.36387502301506963,SP,2,Deputado Federal (1T→2T),96
0,0.0,1.0,0.6782166929387886,0.04743709791210836,0.0,TO,2,Deputado Federal (1T→2T),0
10,0.1221053514375894,0.7565673819566986,0.8928048706027902,0.009328343668441479,0.01959997519091853,TO,2,Deputado Federal (1T→2T),REPUBLICANOS
11,0.4646307319107732,0.499799850710972,0.9639543642489354,0.0034283522341670308,0.014856510975489928,TO,2,Deputado Federal (1T→2T),PP
12,0.0,1.0,1.0,0.0,0.08453492991085129,TO,2,Deputado Federal (1T→2T),PDT
13,0.0,1.0,0.9690411849076112,0.00034728817013866597,0.022830716738058605,TO,2,Deputado Federal (1T→2T),PT
14,0.47285252407283856,0.49172772523706987,0.9773429293804431,0.00602487603166445,0.01181748804334,TO,2,Deputado Federal (1T→2T),PTB
15,0.2738951456353254,0.67507116437911,0.9522955589068309,0.0012454431159694853,0.012081066188332306,TO,2,Deputado Federal (1T→2T),MDB
16,0.0,0.0,0.0,0.0,0.0,TO,2,Deputado Federal (1T→2T),PSTU
18,0.0,1.0,1.0,0.0,0.0,TO,2,Deputado Federal (1T→2T),REDE
19,0.6220347388916274,0.34858065210792233,0.9733894321753455,0.011221536146636365,0.007447425660301453,TO,2,Deputado Federal (1T→2T),PODE
20,0.4440794124041092,0.5071587375614757,0.9669007261356586,0.009844599500439378,0.017491576507085015,TO,2,Deputado Federal (1T→2T),PSC
21,0.0,0.0,0.0,0.0,0.0,TO,2,Deputado Federal (1T→2T),PCB
22,1.0,0.0,0.9762993052827845,0.006808238274301871,0.0,TO,2,Deputado Federal (1T→2T),PL
23,0.7398784375726416,0.0,0.8002065604021189,0.05082085099682929,0.0,TO,2,Deputado Federal (1T→2T),CIDADANIA
27,1.0,0.0,1.0,0.14124768822513273,0.0,TO,2,Deputado Federal (1T→2T),DC
28,0.0,1.0,0.9595614997716242,0.0,0.0,TO,2,Deputado Federal (1T→2T),PRTB
29,0.0,0.0,0.0,0.0,0.0,TO,2,Deputado Federal (1T→2T),PCO
30,0.0,0.0,0.0,0.0,0.0,TO,2,Deputado Federal (1T→2T),NOVO
33,0.0,0.0,0.0,0.0,0.0,TO,2,Deputado Federal (1T→2T),PMN
35,1.0,0.0,1.0,0.05296926856809143,0.0,TO,2,Deputado Federal (1T→2T),PMB
36,0.0,0.0,0.0,0.0,0.0,TO,2,Deputado Federal (1T→2T),AGIR
40,1.0,0.0,1.0,0.007942559838649698,0.0,TO,2,Deputado Federal (1T→2T),PSB
43,0.0,1.0,1.0,0.0009491062136358629,0.0,TO,2,Deputado Federal (1T→2T),PV
44,0.717819880608912,0.25557348676578984,0.9711776085455438,0.0027227560026091206,0.018625217814881252,TO,2,Deputado Federal (1T→2T),UNIÃO
45,0.3769505144559762,0.5761297610912541,0.9542317382856474,0.003485033391868125,0.0009835926849705518,TO,2,Deputado Federal (1T→2T),PSDB
50,1.0,0.0,1.0,0.04978955986713523,0.0,TO,2,Deputado Federal (1T→2T),PSOL
51,1.0,0.0,1.0,0.016293276103563067,0.030872365268948466,TO,2,Deputado Federal (1T→2T),PATRIOTA
55,0.0059014400643271625,0.9320024184885707,0.9438965691715167,0.007060522757835609,0.024419604340703498,TO,2,Deputado Federal (1T→2T),PSD
70,0.3886836622660837,0.39360264319747945,0.8653543427957175,0.024312563095487398,0.0,TO,2,Deputado Federal (1T→2T),AVANTE
77,0.0,0.0,0.0,0.0,0.0,TO,2,Deputado Federal (1T→2T),SOLIDARIEDADE
80,0.0,0.0,0.0,0.0,0.0,TO,2,Deputado Federal (1T→2T),UP
90,0.0,0.0,0.0,0.0,0.0,TO,2,Deputado Federal (1T→2T),PROS
95,1.0,0.0,1.0,0.033971716999673926,0.0,TO,2,Deputado Federal (1T→2T),95
96,1.0,0.0,1.0,0.008251627564053518,0.1912320522474698,TO,2,Deputado Federal (1T→2T),96
