nr_partido,sg_partido,s_Bolsonaro,s_Lula,s_Outros
22,PL,0.8207196370248419,0.14265941278510988,0.9958768977532594
14,PTB,0.7891672492244369,0.15448973431382174,0.9744723008747056
51,PATRIOTA,0.6805672253709708,0.232598903423161,0.9281154645834944
20,PSC,0.5990647813630446,0.1947300479209979,0.8180458452408407
90,PROS,0.582818879401129,0.17827728045541663,0.8142076158146069
30,NOVO,0.5778403439514699,0.0004721932033595499,0.68
28,PRTB,0.5613899373114536,0.20979080844790468,0.7351328328582178
19,PODE,0.5529784126086231,0.31375116303598866,0.9506920649906185
44,UNIÃO,0.5145566404868734,0.3257104721743614,0.9475067617596536
96,96,0.5006011878820681,0.07213672342268772,0.6513538553508984
11,PP,0.4847423610704973,0.38050507435882075,0.9290844034711184
45,PSDB,0.4773002182220576,0.34035129705440575,0.9047297453404787
70,AVANTE,0.4674733729389536,0.2798151741921773,0.7875709307402246
36,AGIR,0.4521889561349179,0.3005552547980208,0.7561178097321827
50,PSOL,0.45036331796633644,0.36057352503403206,0.995267237086608
27,DC,0.4478109938278652,0.3065103975512594,0.7067376684538181
10,REPUBLICANOS,0.43310828648055283,0.465976973975496,0.9771498062132211
23,CIDADANIA,0.42543626913701693,0.3170674769666989,0.8603549349376123
55,PSD,0.4195154205063225,0.3980582905237713,0.9375772908320131
15,MDB,0.3914236307469676,0.409847217204699,0.9035514736047269
35,PMB,0.3826355926120959,0.17425826858066043,0.5385773570850817
77,SOLIDARIEDADE,0.3687749851094858,0.39509465364235025,0.8586666367197544
18,REDE,0.3611846137007291,0.4921151992727175,0.9527466582984175
40,PSB,0.33678789321701275,0.45435191219997295,0.9432869154314987
33,PMN,0.3329212280407661,0.20056277108499934,0.5122751385102059
12,PDT,0.2960679457531438,0.4763042539914993,0.9453792490174642
43,PV,0.2957057171466557,0.5299099542853393,0.9564837423244659
95,95,0.2545191988553406,0.6099365151612152,0.8715126984070415
80,UP,0.2121453935440901,0.27106380041241906,0.5
0,0,0.207106744250016,0.7318181254708892,0.9386763383826432
29,PCO,0.1689621526016606,0.437236997441974,0.6271756191999264
21,PCB,0.1542220090938507,0.1627794004589666,0.4490946397751203
16,PSTU,0.14364085851171485,0.20250716591070037,0.5012397854186359
13,PT,0.08556618714504916,0.855846114027309,0.9924602113766089
16,16,0.0,0.0,0.0
14,14,0.0,0.0,0.0
35,35,0.0,0.0,0.0
30,30,0.0,0.0,0.0
28,28,0.0,0.0,0.0
27,27,0.0,0.0,0.0
22,22,0.0,0.0,0.0
21,21,0.0,0.0,0.0
80,80,0.0,0.0,0.0
70,70,0.0,0.0,0.0
