uf,n_secoes,n_positivo,n_diebold,pct_join
AC,2124,909,1215,100.0
AL,6626,2381,4245,100.0
AM,7453,3173,4278,100.0
AP,1740,723,1017,100.0
BA,34424,13050,21374,100.0
CE,22796,9565,13230,100.0
DF,6748,3932,2816,100.0
ES,9239,3339,5900,100.0
GO,14620,6209,8411,100.0
MA,16423,6814,9609,100.0
MG,49981,19668,30312,100.0
MS,6912,3053,3859,100.0
MT,7652,3322,4330,100.0
PA,18235,7787,10447,100.0
PB,9602,4521,5078,100.0
PE,20572,8301,12271,100.0
PI,8963,3741,5221,100.0
PR,25721,10421,15299,100.0
RJ,34068,14238,19830,100.0
RN,7674,3665,4008,100.0
RO,4198,1653,2545,100.0
RR,1268,1031,237,100.0
RS,27201,10792,16409,100.0
SC,16242,6680,9562,100.0
SE,5498,2357,3141,100.0
SP,101073,39676,61395,100.0
TO,3957,1639,2318,100.0
ZZ,1018,0,960,99.60707269155206
