sigla,s_Bolsonaro,score_1t_pres_22,diff_B,s_Lula,score_1t_pres_13,diff_L
PL,0.821,1.0,-0.179,0.143,0.0,0.143
PP,0.503,0.917,-0.413,0.395,0.083,0.312
REPUBLICANOS,0.433,0.917,-0.484,0.466,0.083,0.383
PSC,0.703,0.9,-0.197,0.229,0.1,0.129
PTB,0.789,0.85,-0.061,0.154,0.15,0.004
PATRIOTA,0.707,0.82,-0.113,0.242,0.18,0.062
PRTB,0.73,0.75,-0.02,0.273,0.25,0.023
PMB,0.622,0.667,-0.045,0.283,0.333,-0.05
NOVO,0.85,0.583,0.266,0.001,0.417,-0.416
CIDADANIA,0.442,0.5,-0.058,0.329,0.5,-0.171
PODE,0.574,0.5,0.074,0.326,0.5,-0.174
PMN,0.599,0.5,0.099,0.361,0.5,-0.139
DC,0.554,0.5,0.054,0.379,0.5,-0.121
MDB,0.423,0.5,-0.077,0.443,0.5,-0.057
PDT,0.296,0.5,-0.204,0.476,0.5,-0.024
PSDB,0.496,0.5,-0.004,0.353,0.5,-0.147
PSD,0.436,0.5,-0.064,0.413,0.5,-0.087
UNIÃO,0.534,0.5,0.034,0.338,0.5,-0.162
PROS,0.684,0.35,0.334,0.209,0.65,-0.441
SOLIDARIEDADE,0.415,0.167,0.248,0.444,0.833,-0.389
AVANTE,0.579,0.167,0.412,0.346,0.833,-0.487
AGIR,0.555,0.167,0.388,0.369,0.833,-0.464
PCO,0.253,0.167,0.087,0.656,0.833,-0.177
PV,0.307,0.083,0.224,0.55,0.917,-0.366
REDE,0.361,0.083,0.278,0.492,0.917,-0.425
PSTU,0.287,0.083,0.204,0.405,0.917,-0.512
PCB,0.394,0.083,0.311,0.416,0.917,-0.501
PSOL,0.486,0.083,0.403,0.389,0.917,-0.527
PSB,0.35,0.083,0.266,0.472,0.917,-0.445
UP,0.424,0.083,0.341,0.542,0.917,-0.375
PT,0.086,0.0,0.086,0.856,1.0,-0.144
