uf,erro_pct_Bolsonaro_Positivo,erro_pct_Bolsonaro_Diebold,delta_erro_Bolsonaro,erro_pct_Lula_Positivo,erro_pct_Lula_Diebold,delta_erro_Lula,urnas_Positivo,urnas_Diebold
AC,0.190914375334328,-6.3553076095913825,-6.546221984925711,-0.41395371898456446,20.96934447765199,21.383298196636556,909,1215
AL,0.42212608999862755,-31.05409098818284,-31.476217078181467,-0.46517970625203775,27.063063566473698,27.528243272725735,2381,4245
AM,0.07622774916940547,-26.37524673942299,-26.451474488592396,-0.17475919230476014,31.4877159093502,31.66247510165496,3173,4278
AP,0.00898807105407936,-11.487264308724663,-11.496252379778742,0.012598227798608513,15.857739109548266,15.845140881749657,723,1017
BA,0.23434728235520116,-10.872152514007167,-11.10649979636237,-0.26652519179196577,4.380055771155193,4.646580962947159,13050,21374
CE,0.5609197068452012,-19.07798342947582,-19.638903136321023,-0.4825260733652695,7.745028083396474,8.227554156761745,9565,13230
DF,-0.028509194590545694,-0.8272670151098946,-0.798757820519349,-0.16114611797906742,1.7598042302331243,1.9209503482121917,3932,2816
ES,-0.04342469754949252,0.2379613406097508,0.28138603815924335,-0.5646878100781572,-1.3275981256186797,-0.7629103155405226,3339,5900
GO,0.03587265960624878,-14.848035671726405,-14.883908331332654,-0.14796852041371064,34.83344433313578,34.98141285354949,6209,8411
MA,0.7939732456732449,-19.695037195505467,-20.489010441178714,-0.580714849452268,8.868789781893746,9.449504631346013,6814,9609
MG,0.2975954082670444,0.5987224405435809,0.30112703227653653,-0.6265038672507869,-0.9279181316203767,-0.30141426436958985,19668,30312
MS,-0.08540389921730407,3.1095931828492676,3.1949970820665716,-1.054745426786009,4.841691899881513,5.896437326667522,3053,3859
MT,-0.0005387805642107345,11.27214664703858,11.272685427602791,-0.9038671080853719,-19.132664585927657,-18.228797477842285,3322,4330
PA,0.3193616955854754,7.680353541084771,7.360991845499296,-0.47887320589747323,-8.466219304797187,-7.987346098899714,7787,10447
PB,0.5901776922860457,-31.757099640118394,-32.34727733240444,-0.5562979392586159,16.27465925855713,16.830957197815746,4521,5078
PE,0.062404023102903036,-28.53727372957157,-28.599677752674474,-0.14835711949464422,16.477947558806758,16.626304678301402,8301,12271
PI,0.3276941094225655,4.1814990767041404,3.853804967281575,-0.36906744531854013,0.299044198770766,0.6681116440893061,3741,5221
PR,0.07526440876733125,3.961051540374075,3.885787131606744,-0.8430412218647475,-2.5696135379206226,-1.7265723160558752,10421,15299
RJ,-0.018064762388393257,-0.006977600547815676,0.011087161840577581,-0.1832620508485795,3.7693267457615542,3.952588796610134,14238,19830
RN,1.2118904043496685,-20.183404776192976,-21.395295180542643,-0.9269751929752313,11.190781780317268,12.117756973292499,3665,4008
RO,0.053627105970939296,3.8263259702322685,3.7726988642613293,-0.2807526927747065,-5.7243511330213375,-5.443598440246631,1653,2545
RR,0.21979471269039472,-9.669812979741709,-9.889607692432103,-0.9215216751756671,23.405005260156248,24.326526935331916,1031,237
RS,-0.26225860714387345,-6.021340273291548,-5.759081666147675,-0.41150977316936505,11.662059706120973,12.073569479290338,10792,16409
SC,-0.06081096554452213,3.5957956835465494,3.6566066490910716,-1.0087569339541753,-1.0154361266473164,-0.0066791926931411005,6680,9562
SE,0.29730427868887266,-19.84072856651035,-20.138032845199223,-0.37086087042641297,13.497828844748657,13.86868971517507,2357,3141
SP,-0.5595322473523912,-1.689941838366376,-1.1304095910139849,-0.08438850707233861,1.903999271629648,1.9883877787019868,39676,61395
TO,0.23158306031283218,-5.1401634757302075,-5.37174653604304,-0.9458187468278404,3.029366873191215,3.9751856200190554,1639,2318
