uf,erro_pct_Bolsonaro_Positivo,erro_pct_Bolsonaro_Diebold,delta_Bolsonaro,erro_pct_Lula_Positivo,erro_pct_Lula_Diebold,delta_Lula
AC,0.21386092654672878,-5.677634119528318,-5.891495046075047,-0.32978384408286837,22.76634966552555,23.096133509608418
AL,0.46560476391129796,-30.738128229789716,-31.203732993701013,-0.4418994136447454,27.951933927859653,28.393833341504397
AM,0.129340517971719,-27.882474127728667,-28.011814645700387,-0.14847544556323775,31.104356702988692,31.25283214855193
AP,0.2349952981334618,-10.222831067536537,-10.45782636567,0.2943107064204099,18.62446542175717,18.330154715336757
BA,0.31398648164522075,-10.263449402714887,-10.577435884360108,-0.2582204970478155,6.169826709123459,6.428047206171275
CE,0.7253557559684474,-19.851885149512462,-20.57724090548091,-0.5990391791235204,8.384857293230532,8.983896472354052
DF,0.2531891653812248,-0.8034528620665308,-1.0566420274477557,0.20276791495038668,1.7101963676222514,1.5074284526718646
ES,0.14342417721782597,1.3794534692505989,1.236029292032773,-0.39599615536378807,-1.3110952753232175,-0.9150991199594294
GO,0.11685216041630009,-15.360812803018497,-15.477664963434798,-0.11646205164656577,35.88643629574631,36.00289834739287
MA,1.03895197059107,-19.78935730580679,-20.82830927639786,-0.6757488732429958,9.467081842754856,10.142830715997853
MG,0.39144111691590194,1.6771249324369695,1.2856838155210675,-0.6297829940464555,0.33087544205409586,0.9606584361005515
MS,0.4170014678154992,3.1624886582716822,2.745487190456183,-0.9382544886517651,6.091066453131703,7.029320941783468
MT,0.4661437360211105,14.524399776899113,14.058256040878003,-0.7978593756184741,-18.75866511591478,-17.960805740296305
PA,0.5460562903957213,14.527428946295604,13.981372655899882,-0.5284649685443958,-7.73654048716478,-7.208075518620385
PB,0.7275896266872308,-32.034058979299616,-32.76164860598685,-0.566474113965677,16.28536360293749,16.851837716903166
PE,0.24969227462989413,-28.790871094615017,-29.04056336924491,-0.059418532404154456,16.72835611971448,16.787774652118635
PI,0.987537541564293,-0.12035695899034737,-1.1078945005546403,-0.46975438688327154,0.24398085935901198,0.7137352462422835
PR,0.22367013154883347,4.352349663032779,4.128679531483946,-0.8401148132111408,-0.7754180444722211,0.06469676873891972
RJ,0.03312770753296521,0.5587830346798764,0.5256553271469112,-0.18822018677253466,5.06234325661785,5.2505634433903845
RN,1.5123832193872937,-20.318638104903126,-21.83102132429042,-1.013049222628318,10.669327736703062,11.68237695933138
RO,0.07682121621080105,4.724004813277164,4.647183597066363,-0.1969463977704928,-4.592209805520814,-4.395263407750321
RR,0.5342354770504624,-9.469000276868458,-10.00323575391892,-0.44433848923139974,25.573279914727223,26.017618403958622
RS,-0.04568049403874583,-5.78771148028169,-5.742030986242944,-0.345112932451609,11.034362324442991,11.379475256894601
SC,0.26716828334946446,3.227599401745402,2.9604311183959373,-0.8124405418153717,-0.5390906868764289,0.2733498549389428
SE,0.651552837645328,-20.708778478881552,-21.36033131652688,-0.2591886569007702,13.426849640834309,13.68603829773508
SP,-0.6284901873730717,-1.677811344046922,-1.0493211566738503,0.021967106611401464,2.1064099570272785,2.084442850415877
TO,0.6491528276311678,-4.179510221294328,-4.828663048925496,-0.837414123656767,3.8515772181357644,4.688991341792532
