label,n_treino,n_teste,erro_rel_Bolsonaro,erro_rel_Lula,delta_pp_Bolsonaro,delta_pp_Lula,votos_Bolsonaro,est_Bolsonaro,votos_Lula,est_Lula,uf
T1,853,56,0.3722383197776311,3.6475417827734344,0.2349429188165164,0.8969344474725555,7089.0,7062.709887384432,2852.0,2751.633035327821,AC
T1,1598,783,-30.93829969841387,64.48743040149205,-17.610510172105887,19.236771065126884,82122.0,118911.06016993607,102503.0,62316.615774107326,AL
T1,5023,8027,8.165274507119536,1.443409926764768,1.918443054537733,0.9061598744234289,518103.0,478991.9892135974,1298342.0,1279868.2545641107,BA
T1,5235,4330,-22.92191578814136,23.60605659871226,-8.345106457740531,11.593807990037453,309074.0,400988.17084045825,668641.0,540945.175664609,CE
T1,770,2569,0.8399447165709266,2.610371384784828,0.4610898514256334,0.8552641938599614,341092.0,338250.8796079781,207154.0,201884.07585348337,ES
T1,2928,3281,-4.436830551993609,8.536062278282643,-2.381622332274702,2.871222218175651,472864.0,494818.2471671514,336534.0,310066.52806063544,GO
T1,2146,4668,-21.106481051984485,20.087127881780003,-7.515094319814586,10.55658661256329,324365.0,411142.7710731606,728746.0,606847.722028472,MA
T1,4697,14971,-6.116156578048882,11.233113382695006,-2.7018418026592217,4.493885314042706,1626797.0,1732776.3124146196,1745489.0,1569217.067578325,MG
T1,2160,893,-2.1477557495394657,12.447135732918468,-1.1406079828546467,4.11880660815605,109992.0,112406.21085651015,78757.0,70039.13393317691,MS
T1,1275,2047,-2.4698093281075364,11.419454256700769,-1.3527194363372574,3.8900915734683075,271708.0,278588.6074129294,193061.0,173274.04921155347,MT
T1,2645,5142,-13.851232979378054,19.14441689817803,-5.4708462607723884,8.92141850227604,471050.0,546786.6996717921,768630.0,645124.6478942262,PA
T1,1458,3063,-17.93707529823651,16.244025455710435,-7.121038415539838,7.742502115465028,267683.0,326192.3712478257,455240.0,391624.428193472,PB
T1,3406,4895,-6.940866756172822,6.408757536855072,-2.549904841053147,3.3561974509780046,498711.0,535907.6348726691,812888.0,763929.6039317565,PE
T1,1678,2063,-27.451607255860306,10.575513047629169,-6.022259429114846,7.259096300789281,73483.0,101288.25356497757,350435.0,316919.17165155185,PI
T1,4001,6420,-8.272359553676365,37.737926044256675,-4.618899973715984,9.729886470105253,910827.0,992968.9628645682,631553.0,458517.86660202453,PR
T1,11813,2425,8.581505487743017,-4.128832416968609,4.267820345047024,-1.4898943417583743,377179.0,347369.4698795432,241638.0,252044.49480676654,RJ
T1,1414,2251,-31.974579810824242,35.010525119587925,-14.786264818233624,15.363230405724165,186665.0,274404.77321697195,351552.0,260388.58799238555,RN
T1,1035,618,13.611851678928398,-23.933955817119458,8.312801250579426,-7.097826486684985,91959.0,80941.37947850703,29898.0,39305.31726892255,RO
T1,741,290,-4.857902985535428,29.900248373735458,-3.503839600433678,5.357196598911063,43478.0,45697.96269404277,14746.0,11351.787378861929,RR
T1,3045,7747,4.128038071406782,4.875167069089339,1.8930157203845444,1.816480897127698,992947.0,953582.7413929352,812572.0,774799.242479105,RS
T1,1102,5578,15.247546337133368,-15.984603904930967,8.110163613491883,-5.021578518469933,994581.0,862995.3796070891,428229.0,509703.00671490055,SC
T1,1297,1060,-24.118941193142188,24.27500284080008,-9.29523710315453,11.46087804851858,79051.0,104177.51312776319,158604.0,127623.41289436651,SE
T1,10299,29377,7.887290498013443,9.653048695722761,3.6029328440403297,3.1095325569506893,3777474.0,3501315.106314173,2707411.0,2469070.4291431233,SP
T1,242,1397,-2.939664369717652,2.0497207727554216,-1.3064427758482489,0.9635438812006347,130986.0,134953.1702619963,145673.0,142747.08337946853,TO
