uf,cargo,marca,urnas,votos_Bolsonaro,votos_Lula,votos_Outros,est_Bolsonaro,est_Lula,est_Outros,res_Bolsonaro,res_Lula,res_Outros,erro_pct_Bolsonaro,erro_pct_Lula,erro_pct_Outros,mape_secao_Bolsonaro,mape_secao_Lula,mape_secao_Outros
AC,DF,Positivo,909,133114.0,54677.0,207816.0,132860.3504917916,54904.2783019124,207843.75102700904,253.64950820840272,-227.27830191240167,-27.75102700906733,0.190914375334328,-0.41395371898456446,-0.013351869792544841,4.9255469409476,11.41378089149102,1.1296889764790625
AC,DF,Diebold,1215,142468.0,74345.0,233101.0,152136.75902318629,61457.71916101816,237550.60440402408,-9668.759023186261,12887.280838981831,-4449.604404024089,-6.3553076095913825,20.96934447765199,-1.8731185362324898,42.73866044966459,23.70919840495806,2.2489413501470423
AC,DE,Positivo,909,133114.0,54677.0,207816.0,132870.0668339293,54873.157565182584,207844.26596414624,243.9331660707042,-196.157565182582,-28.26596414622331,0.18358774995995875,-0.35747453561346615,-0.013599588141199562,5.235796143832354,12.228138213832535,1.1207824837734752
AC,DE,Diebold,1215,142468.0,74345.0,233101.0,152257.0420486892,59696.07496835703,238187.56653157232,-9789.04204868921,14648.925031642964,-5086.566531572297,-6.429286893383126,24.539176217880136,-2.1355298287150775,59.32433701503316,25.507298702227665,2.495210768391478
AC,GOV,Positivo,909,133114.0,54677.0,207816.0,132860.7890508212,54922.13766385309,207837.5642008057,253.21094917881675,-245.13766385309765,-21.564200805701887,0.19058365601152635,-0.446336712808676,-0.01037550689579256,4.1735525088006975,9.621616294917965,1.1266526453930643
AC,GOV,Diebold,1215,142468.0,74345.0,233101.0,153432.41621852815,60482.58087228333,234579.02011405467,-10964.416218528146,13862.419127716663,-1478.0201140546678,-7.146088479055125,22.919688491780676,-0.6300734453302942,27.1423776775145,20.864865063391417,1.4772702767993104
AL,DF,Positivo,2381,322175.0,298217.0,683451.0,320820.7319881534,299610.7283058327,683478.508431654,1354.2680118465682,-1393.7283058326636,-27.508431654043505,0.42212608999862755,-0.46517970625203775,-0.004024769076816448,10.595371041244569,10.155645248261054,0.9612579087465357
AL,DF,Diebold,4245,299340.0,675939.0,1040766.0,434166.44191128714,531971.2755441151,1048484.5201048941,-134826.4419112871,143967.72445588483,-7718.520104893998,-31.05409098818284,27.063063566473698,-0.7361596625310033,91.41639438358705,25.29693551991741,1.2840566472771398
AL,DE,Positivo,2381,322175.0,298217.0,683451.0,321294.989036646,299961.21358255617,683468.954812957,880.0109633540228,-1744.2135825561681,-17.954812956964403,0.2738950165368596,-0.58147970590075,-0.0026270122191399386,8.993621670886428,9.40683305489191,0.9626306899973291
AL,DE,Diebold,4245,299340.0,675939.0,1040766.0,436217.869235461,518239.9989876361,1045332.0572683151,-136877.86923546102,157699.00101236388,-4566.05726831506,-31.37832695285055,30.42972393493814,-0.4368044810801251,85.69580741625299,24.760932842548083,1.0815050589586028
AL,GOV,Positivo,2381,322175.0,298217.0,683451.0,320916.7232114879,300641.6980187758,683376.8526721024,1258.2767885121677,-2424.6980187757845,74.14732789764122,0.3920882576390226,-0.806507558583692,0.010850137461887161,7.7507773236697695,8.762002699950234,0.9694973014115923
AL,GOV,Diebold,4245,299340.0,675939.0,1040766.0,368787.91291198996,575050.2338389951,1045527.2710920209,-69447.91291198993,100888.76616100484,-4761.271092021034,-18.831396171208965,17.54433964620421,-0.4553942516533341,48.0293578064761,16.86825932203806,1.079621239260425
AM,DF,Positivo,3173,523029.0,361898.0,977454.0,522630.61044918426,362531.55722124974,977578.6317760269,398.3895508157368,-633.5572212497254,-124.6317760269759,0.07622774916940547,-0.17475919230476014,-0.012749028259808597,6.95498637100303,9.42457164361892,0.9676958810747877
AM,DF,Diebold,4278,357019.0,657492.0,1078758.0,484917.0750174436,500040.6277140641,1082306.2634799578,-127898.07501744364,157451.37228593597,-3548.263479957942,-26.37524673942299,31.4877159093502,-0.32784282967643097,212.73108160202358,24.079896183850565,1.189872785420343
AM,DE,Positivo,3173,523029.0,361898.0,977454.0,522175.7364477876,362851.7154210475,977524.4919790493,853.2635522123473,-953.7154210475078,-70.49197904927667,0.16340543856305073,-0.26283888996937255,-0.007211274973434372,7.79329000110109,10.47129444659887,1.0126458593386936
AM,DE,Diebold,4278,357019.0,657492.0,1078758.0,590891.7851589737,397370.0705045832,1087552.079955253,-233872.7851589736,260121.9294954168,-8794.079955253063,-39.57963048954089,65.46087609595565,-0.8086123062368554,303.0833840491239,38.70423853060678,1.4009880082173873
AM,GOV,Positivo,3173,523029.0,361898.0,977454.0,522688.68391272705,362445.3842423849,977565.0810161128,340.3160872730082,-547.3842423849228,-111.08101611277925,0.06510875359410508,-0.15102530372379092,-0.01136303027490692,7.526061786185206,9.45466381524714,0.9554341281767468
AM,GOV,Diebold,4278,357019.0,657492.0,1078758.0,460536.5523747815,598891.7345205655,1074043.532753307,-103517.55237478153,58600.26547943459,4714.46724669332,-22.47759745474875,9.784784478006902,0.4389456388799995,193.1406194521607,18.914359547648612,1.3033758212706936
AP,DF,Positivo,723,86185.0,74803.0,186197.0,86177.25432714864,74793.57733474864,186210.81590664777,7.745672851378799,9.422665251360058,-13.815906647762148,0.00898807105407936,0.012598227798608513,-0.007419497401637731,7.2641273462516045,7.9108783589443785,1.1666309265324502
AP,DF,Diebold,1017,101436.0,122579.0,245964.0,114600.45744580743,105801.30506784402,249754.9245511811,-13164.457445807433,16777.694932155973,-3790.9245511810905,-11.487264308724663,15.857739109548266,-1.5178577791783379,81.83298678318853,22.96979571616953,2.119049203564204
AP,DE,Positivo,723,86185.0,74803.0,186197.0,86163.74825280235,74801.88989934404,186198.1398053973,21.25174719764709,1.1101006559703137,-1.139805397300023,0.024664371767225097,0.0014840542898904062,-0.0006121465007605751,7.235153608163614,8.125478358209566,1.172793500823486
AP,DE,Diebold,1017,101436.0,122579.0,245964.0,113495.33856710407,106362.31767067406,249298.31619038657,-12059.338567104078,16216.682329325933,-3334.316190386605,-10.625404284753069,15.246642499401979,-1.3374804296071625,73.67211338184208,18.749808582043155,2.1933299420753274
AP,GOV,Positivo,723,86185.0,74803.0,186197.0,86285.64766845046,74690.90000377377,186228.86624988168,-100.64766845046927,112.09999622623059,-31.866249881697712,-0.11664473892251973,0.1500852128178489,-0.01711133752967148,7.105295107571395,8.084159317700058,1.1558183144173602
AP,GOV,Diebold,1017,101436.0,122579.0,245964.0,110187.00307508119,107078.05543581505,251103.08350498392,-8751.003075081193,15500.944564184947,-5139.0835049839125,-7.941955794113284,14.476303759061588,-2.0466031054859233,68.82949487782342,18.286407913877525,2.4236966303841965
BA,DF,Positivo,13050,885555.0,2321070.0,3462650.0,883484.5779016602,2327272.768208991,3461944.7834664355,2070.422098339861,-6202.768208991203,705.2165335646578,0.23434728235520116,-0.26652519179196577,0.020370530949327458,27.974275793239805,8.644965976794762,1.1385467303762
BA,DF,Diebold,21374,1162044.0,3552011.0,4960358.0,1303794.5297429345,3402959.4770360114,4986465.171196986,-141750.5297429344,149051.52296398836,-26107.171196986237,-10.872152514007167,4.380055771155193,-0.523560684787041,78.89597561872729,13.942242566335047,1.350882615175175
BA,DE,Positivo,13050,885555.0,2321070.0,3462650.0,882757.2146648002,2326303.3732732455,3461648.91120207,2797.7853351997674,-5233.373273245388,1001.0887979302508,0.3169371248086757,-0.22496521018588064,0.02891942029969236,31.36356950566953,9.672909020467493,1.1224315885556406
BA,DE,Diebold,21374,1162044.0,3552011.0,4960358.0,1198369.083974495,3467507.2351087327,4978950.263249504,-36325.083974495166,84503.7648912672,-18592.2632495041,-3.0312100387319636,2.437017694892203,-0.3734173322986739,73.11971853027475,13.710573850017049,1.2371965666117486
BA,GOV,Positivo,13050,885555.0,2321070.0,3462650.0,892643.3451605195,2320504.64105716,3462487.327935736,-7088.3451605195005,565.3589428398191,162.67206426382955,-0.7940848043005171,0.024363620431384122,0.004698127353459841,16.875903490648597,7.481852476025577,1.0108713431956022
BA,GOV,Diebold,21374,1162044.0,3552011.0,4960358.0,1229495.3542151144,3504638.0350326626,4972391.356295006,-67451.3542151144,47372.964967337604,-12033.3562950062,-5.486100779793025,1.3517220464365616,-0.2420034030461434,30.416817589408197,7.773619662038558,1.0502090866848515
CE,DF,Positivo,9565,839236.0,1470650.0,2567119.0,834554.8175638583,1477780.677074036,2566930.0377598973,4681.182436141698,-7130.677074036039,188.9622401026287,0.5609197068452012,-0.4825260733652695,0.007361409828977336,18.619447688120992,8.908406017400232,1.1208509819725172
CE,DF,Diebold,13230,538549.0,2107605.0,2861988.0,665516.0397920265,1956104.1817805998,2858922.7485117754,-126967.03979202654,151500.81821940027,3065.251488224427,-19.07798342947582,7.745028083396474,0.10721700996713034,83.26865507662158,13.373706605468655,1.6327550016354948
CE,DE,Positivo,9565,839236.0,1470650.0,2567119.0,834671.0461599086,1476742.2668805546,2566947.560532743,4564.953840091438,-6092.266880554773,171.43946725735336,0.546916520118139,-0.4125477422288437,0.006678728848740988,17.127265767893217,8.305332753946985,1.120803658000029
CE,DE,Diebold,13230,538549.0,2107605.0,2861988.0,650830.8508694321,1989332.1796244937,2856643.7965619294,-112281.85086943206,118272.82037550626,5344.203438070675,-17.25207874203212,5.945352997699532,0.1870797977858706,71.09808144694804,10.920402992863401,1.555189807346257
CE,GOV,Positivo,9565,839236.0,1470650.0,2567119.0,840700.0278313952,1471014.2057545714,2567505.6896045944,-1464.0278313951112,-364.2057545711996,-386.68960459459555,-0.17414390185897868,-0.024758819673286338,-0.015060905460121775,9.007362919188132,4.618514182337969,1.0201962784145535
CE,GOV,Diebold,13230,538549.0,2107605.0,2861988.0,596593.9817225965,2087680.6991645936,2856216.4590575667,-58044.98172259644,19924.300835406666,5771.540942433319,-9.729394445951037,0.954374911995861,0.20206945184881714,32.73345777045197,5.920620401280985,1.6019516486522292
DF,DF,Positivo,3932,533392.0,382467.0,1039528.0,533544.1091282978,383084.3255191604,1039639.9618500697,-152.10912829777988,-617.325519160421,-111.96185006962119,-0.028509194590545694,-0.16114611797906742,-0.01076929073314783,5.164867140770967,6.8356891222923934,1.0113082677197618
DF,DF,Diebold,2816,377005.0,267067.0,723047.0,380149.85435305105,262448.42157494405,723673.3263450863,-3144.854353051097,4618.578425055929,-626.326345086377,-0.8272670151098946,1.7598042302331243,-0.08654821482085565,6.862637708371803,8.50393691910515,1.06946046504286
DF,DE,Positivo,3932,533392.0,382467.0,1039528.0,533231.6163117897,382994.1704881422,1039629.7813504935,160.383688210257,-527.1704881422038,-101.78135049350718,0.030077677936575665,-0.13764452014251363,-0.009790153410312254,5.6427973130962235,7.301516861720993,1.0440212668507072
DF,DE,Diebold,2816,377005.0,267067.0,723047.0,388427.1848221922,250600.84327234846,725697.5132664265,-11422.184822192212,16466.15672765155,-2650.513266426571,-2.940624464124691,6.570670917398481,-0.365236647221841,8.906734038258936,11.496669944332393,1.1651551988317372
DF,GOV,Positivo,3932,533392.0,382467.0,1039528.0,533491.2884879246,382984.8587223112,1039655.4058151147,-99.28848792467738,-517.8587223111745,-127.40581511478365,-0.01861107951848491,-0.13521650021330361,-0.012254619598201814,5.100443709658246,7.572823297847961,1.0854577157765124
DF,GOV,Diebold,2816,377005.0,267067.0,723047.0,378710.9491204288,262025.7130904717,724604.671117165,-1705.9491204288252,5041.286909528292,-1557.6711171649354,-0.4504620540787003,1.923966487894891,-0.21496840680910648,5.537852664695659,7.958203555713503,1.1095963174407864
ES,DF,Positivo,3339,443733.0,296455.0,805766.0,443925.7734244538,298138.5520606299,805811.8841030477,-192.77342445381453,-1683.5520606298974,-45.884103047634,-0.04342469754949252,-0.5646878100781572,-0.0056941457370919485,8.36717019223451,13.251443756818762,1.0026506925427099
ES,DF,Diebold,5900,716297.0,600893.0,1415364.0,714596.5365017895,608977.7775603252,1416066.4769462412,1700.4634982105053,-8084.77756032517,-702.4769462410368,0.2379613406097508,-1.3275981256186797,-0.04960762490161719,15.313205909517114,17.181269628193593,1.2075105565910313
ES,DE,Positivo,3339,443733.0,296455.0,805766.0,443763.469700961,298471.44937805005,805768.8518707333,-30.469700961062244,-2016.4493780500063,-2.8518707332755753,-0.006866203065699587,-0.6755920481680411,-0.0003539316178150171,8.204038893994582,13.784470461277104,1.0081760281917935
ES,DE,Diebold,5900,716297.0,600893.0,1415364.0,755477.2683399199,539658.6326327188,1420056.0580028147,-39180.26833991989,61234.36736728116,-4692.0580028144195,-5.1861611171987105,11.346870718726386,-0.3304135760255402,18.42005913739525,18.403695316238547,1.1689287826171086
ES,GOV,Positivo,3339,443733.0,296455.0,805766.0,444330.76506079885,297528.50092417275,805696.0592181493,-597.765060798802,-1073.5009241727532,69.94078185074693,-0.1345315489727587,-0.36080608104375944,0.00868078986492968,6.272295323045833,11.011381992060027,0.9829929254264798
ES,GOV,Diebold,5900,716297.0,600893.0,1415364.0,736115.0020936376,563041.4276440289,1421973.9978469317,-19818.0020936376,37851.572355971075,-6609.997846931752,-2.6922426573662803,6.722697566741383,-0.46484660457506377,11.666733100428747,14.249468422975003,1.1164862182388102
GO,DF,Positivo,6209,918579.0,599379.0,1682316.0,918249.5994468547,600267.2065039927,1682450.370581702,329.4005531453131,-888.2065039926711,-134.3705817021389,0.03587265960624878,-0.14796852041371064,-0.007986600024087527,8.472883438592422,14.253539199206203,0.9777225518117006
GO,DF,Diebold,8411,1001624.0,855344.0,1999153.0,1176278.207909085,634370.8003829406,2029775.453920809,-174654.20790908503,220973.1996170595,-30622.45392080903,-14.848035671726405,34.83344433313578,-1.5086621459362546,31.364067615722263,28.406768023860135,1.8650516321945132
GO,DE,Positivo,6209,918579.0,599379.0,1682316.0,917661.9262865409,601706.8198602595,1682432.7617876935,917.0737134590418,-2327.819860259613,-116.76178769341436,0.09993590092269825,-0.38686944927767747,-0.006940056705110012,7.680085640918942,13.20080287458909,1.0053649612074955
GO,DE,Diebold,8411,1001624.0,855344.0,1999153.0,1167085.1106046978,678809.8126551346,2016604.1904518874,-165461.1106046976,176534.18734486535,-17451.190451887538,-14.177295991632334,26.006428318170546,-0.8653750961400619,32.015994660764925,25.363214355736503,1.4440279823960032
GO,GOV,Positivo,6209,918579.0,599379.0,1682316.0,918504.2080174822,602542.413298779,1682422.5853593815,74.79198251778234,-3163.413298779047,-106.58535938156365,0.008142802380754995,-0.5250108920067714,-0.006335231130934682,6.86569048380949,13.866434090767966,1.0075141856530596
GO,GOV,Diebold,8411,1001624.0,855344.0,1999153.0,1083065.6686985241,719202.6784930057,2018812.5872823107,-81441.66869852407,136141.32150699434,-19659.58728231068,-7.519550388517919,18.929479210541945,-0.9738193335110944,18.37242763904062,18.50114718826071,1.3594692704630433
MA,DF,Positivo,6814,534108.0,1073370.0,1723327.0,529900.7299753684,1079639.6276382664,1722874.9171386915,4207.27002463165,-6269.627638266586,452.08286130842896,0.7939732456732449,-0.580714849452268,0.02624002803751053,41.078973030966665,12.53238692710321,1.0559860339780953
MA,DF,Diebold,9609,449753.0,1530084.0,2058318.0,560056.2957671005,1405438.6046408247,2069034.3426561558,-110303.29576710057,124645.3953591755,-10716.3426561558,-19.695037195505467,8.868789781893746,-0.5179393321426712,128.27246263281944,14.95583587770436,1.2712349076421385
MA,DE,Positivo,6814,534108.0,1073370.0,1723327.0,529948.5255341742,1079877.5939213636,1722879.8603199017,4159.4744658257905,-6507.593921363604,447.1396800981599,0.7848827320791486,-0.6026232934172246,0.025953038885435438,40.10338575354121,12.662564182294167,1.0803405097133325
MA,DE,Diebold,9609,449753.0,1530084.0,2058318.0,506329.7199138097,1460152.4467566586,2066598.086124084,-56576.71991380969,69931.55324334119,-8280.086124083968,-11.173888809734594,4.789332332981777,-0.40066262422672205,112.66108445661587,13.56659991307013,1.1829109027777582
MA,GOV,Positivo,6814,534108.0,1073370.0,1723327.0,531549.2978661472,1078593.345064865,1722957.2036792622,2558.702133852798,-5223.345064865192,369.7963207378199,0.48136685423618425,-0.4842738079893371,0.021462884855650743,21.10662815841458,7.649859791464129,0.9677026979511487
MA,GOV,Diebold,9609,449753.0,1530084.0,2058318.0,480734.1433771029,1482476.9833877117,2066534.8760329725,-30981.143377102948,47607.01661228818,-8216.87603297253,-6.444548157005018,3.211315733448897,-0.3976161316351008,41.884945644153234,8.160008042921127,1.02248793524466
MG,DF,Positivo,19668,2325902.0,2383491.0,5201028.0,2319000.760219908,2398517.8068164038,5200923.339547593,6901.239780092297,-15026.806816403525,104.66045240730955,0.2975954082670444,-0.6265038672507869,0.002012343685427471,12.057028214190039,10.908126711339847,1.1707411316473375
MG,DF,Diebold,30312,2913292.0,3418974.0,6815423.0,2895953.2778578075,3450996.4215168245,6854782.258234053,17338.722142192095,-32022.42151682498,-39359.25823405286,0.5987224405435809,-0.9279181316203767,-0.5741868487036771,28.977774857198302,18.834219294399983,1.5261968137700879
MG,DE,Positivo,19668,2325902.0,2383491.0,5201028.0,2317764.83348174,2399436.656522371,5200964.771635849,8137.166518259975,-15945.656522370944,63.22836415097822,0.3510781767292735,-0.6645583445191597,0.001215704526510206,13.827024855556186,12.26592559930859,1.2031784908840317
MG,DE,Diebold,30312,2913292.0,3418974.0,6815423.0,2970632.9966923674,3383210.1886168467,6889925.220580168,-57340.99669236755,35763.81138315305,-74502.22058016877,-1.9302618922032282,1.0570969401630443,-1.081321178314549,36.77052715079444,20.417679362709862,1.8435459214738315
MG,GOV,Positivo,19668,2325902.0,2383491.0,5201028.0,2314853.9111877927,2408998.47151528,5200246.474907255,11048.088812207345,-25507.47151528012,781.5250927453603,0.47726937578269785,-1.0588413324826937,0.015028616364944482,10.389101042849589,9.737503427597275,1.16064049642341
MG,GOV,Diebold,30312,2913292.0,3418974.0,6815423.0,3212677.444659754,2980222.1451322734,6881859.201936091,-299385.44465975417,438751.85486772703,-66436.20193609138,-9.318876538863405,14.722119140828461,-0.9653815921924225,25.17409361755049,14.321569050607497,1.5553509491668938
MS,DF,Positivo,3053,388634.0,255333.0,715853.0,388966.1922948569,258054.8214276085,715927.707910444,-332.1922948568847,-2721.8214276085023,-74.70791044400232,-0.08540389921730407,-1.054745426786009,-0.010435119303043876,8.112130509446141,12.957623171726434,1.1639644648442466
MS,DF,Diebold,3859,405572.0,332990.0,791136.0,393340.7042745086,317612.1960316975,801796.6303856554,12231.295725491418,15377.80396830249,-10660.63038565536,3.1095931828492676,4.841691899881513,-1.3295928146427496,22.178915011623737,16.659913257980328,1.6951207444051133
MS,DE,Positivo,3053,388634.0,255333.0,715853.0,388905.53570930206,257215.98079058848,715910.2752976364,-271.5357093020798,-1882.9807905884813,-57.275297636305936,-0.06982047936315477,-0.7320621311323202,-0.008000345799268489,9.714871849607007,13.625996052606157,1.1491569422450771
MS,DE,Diebold,3859,405572.0,332990.0,791136.0,418532.1010966109,273317.3219303315,801406.9863847925,-12960.101096610913,59672.67806966848,-10270.986384792557,-3.0965608283459476,21.832746511719083,-1.2816192720163013,32.474109620865114,22.133269795397617,1.5900350117165216
MS,GOV,Positivo,3053,388634.0,255333.0,715853.0,388933.45189070585,257541.82960602667,715941.2251730231,-299.45189070581137,-2208.829606026687,-88.2251730230775,-0.07699309207014683,-0.8576585828428853,-0.012322963103815669,7.193291186748767,12.445370508931388,1.1497542500994484
MS,GOV,Diebold,3859,405572.0,332990.0,791136.0,415509.3422256771,302812.3916375339,798562.2477501937,-9937.34222567715,30177.608362466075,-7426.2477501936155,-2.391605005184178,9.965777225718238,-0.9299522699846806,24.838677049460177,15.065460589460939,1.461331838200771
MT,DF,Positivo,3322,463808.0,320128.0,842381.0,463810.498920823,323047.9239277355,842434.6887133089,-2.498920822954233,-2919.9239277354545,-53.688713308947456,-0.0005387805642107345,-0.9038671080853719,-0.006373041617142905,9.580161913037331,14.085809036307195,0.9160440042667213
MT,DF,Diebold,4330,639058.0,313620.0,1000507.0,574319.826889947,387820.37072712125,1008349.616177098,64738.17311005294,-74200.37072712128,-7842.616177097944,11.27214664703858,-19.132664585927657,-0.7777675571327369,30.780426292264323,46.00607391990362,1.2662561037946352
MT,DE,Positivo,3322,463808.0,320128.0,842381.0,463422.00228156534,322698.74430758576,842468.3404377886,385.9977184346917,-2570.7443075857373,-87.34043778870489,0.0832929201751987,-0.7966390799263194,-0.010367207121791478,14.000189158495935,19.777899037600942,0.9198172111443995
MT,DE,Diebold,4330,639058.0,313620.0,1000507.0,570224.0646082475,383130.1935397261,1013463.6584709302,68833.93539175243,-69510.19353972601,-12956.65847093023,12.071383805775083,-18.142708330430402,-1.2784531899721665,47.7687887931808,52.99357556889864,1.7435303127420119
MT,GOV,Positivo,3322,463808.0,320128.0,842381.0,463035.9569680347,323401.89263997274,842376.3709739048,772.0430319653151,-3273.8926399727134,4.62902609512912,0.16673500628777574,-1.0123294620348358,0.0005495199360562926,11.5287246818297,16.46141780156004,0.9282922932257419
MT,GOV,Diebold,4330,639058.0,313620.0,1000507.0,632947.0686266411,320743.45049071364,1006917.579398908,6110.93137335895,-7123.450490713637,-6410.579398908014,0.9654727348083555,-2.2209184567339686,-0.6366538364276935,23.547988403112345,23.222085254768203,1.0405477893258002
PA,DF,Positivo,7787,841436.0,1160700.0,2208455.0,838757.3303678896,1166285.026496285,2208706.41859625,2678.66963211036,-5585.026496284955,-251.4185962501267,0.3193616955854754,-0.47887320589747323,-0.011383069933301347,19.254772198784607,8.78970768665136,0.9823764683926057
PA,DF,Diebold,10447,1043059.0,1282893.0,2471122.0,968662.3099747043,1401551.416598741,2488375.772733917,74396.69002529574,-118658.41659874105,-17253.77273391692,7.680353541084771,-8.466219304797187,-0.6933748882694123,40.228107402324085,26.429295646193623,1.2797593778686058
PA,DE,Positivo,7787,841436.0,1160700.0,2208455.0,836446.8153530748,1169417.139578557,2208454.796623495,4989.184646925152,-8717.139578557388,0.20337650517876682,0.5964736257402276,-0.7454260146810344,9.2089956058738e-06,21.00578495140293,9.893071845421172,0.9996980701876707
PA,DE,Diebold,10447,1043059.0,1282893.0,2471122.0,1012005.8549755444,1318134.4126478895,2495920.462530934,31053.14502445564,-35241.412647889396,-24798.46253093368,3.0684748385379703,-2.673582626304087,-0.9935598070215482,57.55905819612994,26.890089224886232,1.5742458830950201
PA,GOV,Positivo,7787,841436.0,1160700.0,2208455.0,833770.7223355442,1185061.6809718248,2208015.9498260072,7665.277664455885,-24361.68097182468,439.05017399246026,0.9193507830287014,-2.0557310529057506,0.019884375111830947,15.792587089723645,10.163818563884561,1.0310670424947626
PA,GOV,Diebold,10447,1043059.0,1282893.0,2471122.0,1103851.136142509,1244505.7541243117,2501123.1724407347,-60792.13614250897,38387.24587568808,-30001.172440734576,-5.5072766745479536,3.084537435722747,-1.1995079959000088,28.4201840659943,13.725138224860057,1.620361646508418
PB,DF,Positivo,4521,471654.0,672483.0,1231816.0,468886.7350874256,676244.9366469075,1231605.4079756348,2767.264912574353,-3761.9366469074794,210.59202436526346,0.5901776922860457,-0.5562979392586159,0.017098985032179208,19.84953063417546,10.361370859244998,1.1128296697382662
PB,DF,Diebold,5078,245487.0,881932.0,1189084.0,359725.3321670309,758490.2898221953,1196009.3077597083,-114238.33216703088,123441.7101778047,-6925.3077597082665,-31.757099640118394,16.27465925855713,-0.5790346040600913,79.64366086441817,17.415799057689142,1.4165834467008438
PB,DE,Positivo,4521,471654.0,672483.0,1231816.0,468759.7753210541,676961.4458148008,1231652.0239511605,2894.2246789459255,-4478.445814800762,163.97604883952843,0.6174217224512636,-0.6615510886902043,0.013313504597953772,16.927262253525864,9.564254431279606,1.0962902555631426
PB,DE,Diebold,5078,245487.0,881932.0,1189084.0,350192.6199589596,765207.1409446558,1193101.6325185634,-104705.6199589596,116724.85905534426,-4017.6325185635415,-29.89943647905272,15.254021141418814,-0.33673849813469525,74.93154498878977,16.49583554573396,1.317612128526487
PB,GOV,Positivo,4521,471654.0,672483.0,1231816.0,471563.54644562857,677435.8769737438,1231737.570350808,90.45355437142007,-4952.876973743765,78.429649191909,0.019181625690366928,-0.7311211499263022,0.006367399280479172,12.749055531541945,7.625656259169933,0.9906072316806405
PB,GOV,Diebold,5078,245487.0,881932.0,1189084.0,259800.3801083492,845481.1623222396,1186690.6286579547,-14313.380108349182,36450.83767776038,2393.3713420453155,-5.5093761226907425,4.311253674492609,0.20168452368685283,25.90035925909085,7.217849979691462,1.0444682469710813
PE,DF,Positivo,8301,889615.0,1351450.0,2381043.0,889060.1906732137,1353457.951230016,2381231.651325329,554.809326786426,-2007.9512300160786,-188.65132532931688,0.062404023102903036,-0.14835711949464422,-0.007922426414259975,8.984789838298118,5.7120589600355975,0.8971571851050124
PE,DF,Diebold,12271,741323.0,2206872.0,3070966.0,1037356.1696970444,1894669.3741197716,3088574.3658744097,-296033.16969704453,312202.6258802282,-17608.365874409326,-28.53727372957157,16.477947558806758,-0.5701130615135506,97.14011985163188,17.96716137447931,1.2659570348479765
PE,DE,Positivo,8301,889615.0,1351450.0,2381043.0,888217.9367290596,1353657.7271230165,2381183.941584199,1397.0632709403799,-2207.7271230162933,-140.9415841990903,0.1572883425530887,-0.16309345256045374,-0.005918970884093986,10.185337367162314,6.652987437146317,0.9131333541293973
PE,DE,Diebold,12271,741323.0,2206872.0,3070966.0,1001660.1655294467,1924982.6903867973,3093104.0681691593,-260337.16552944668,281889.3096132027,-22138.068169159113,-25.99056790801304,14.643732175927314,-0.7157233536685645,86.44357378040843,15.461768462895028,1.4566351127182318
PE,GOV,Positivo,8301,889615.0,1351450.0,2381043.0,890871.01281814,1352537.6784252247,2381350.982340481,-1256.012818139925,-1087.6784252247198,-307.9823404809451,-0.14098705649504886,-0.08041760629479221,-0.01293309313767131,7.3798193466464435,4.79442279206672,0.841066129320853
PE,GOV,Diebold,12271,741323.0,2206872.0,3070966.0,840611.781510736,2081087.0496184067,3078918.758679961,-99288.78151073604,125784.9503815935,-7952.758679960823,-11.811490594658999,6.044194566712514,-0.2582971264682036,34.43141128175392,9.897647478356669,1.1204867300557289
PI,DF,Positivo,3741,211803.0,651744.0,929314.0,211111.2010298938,654158.2852717922,929303.0829013996,691.7989701061924,-2414.2852717921714,10.917098600582435,0.3276941094225655,-0.36906744531854013,0.0011747619050716906,35.775060404899065,8.495329280737016,1.0078268622874638
PI,DF,Diebold,5221,195087.0,866134.0,1114934.0,187256.85628344264,863551.5990396796,1116620.8989936004,7830.143716557353,2582.4009603203476,-1686.898993600499,4.1814990767041404,0.299044198770766,-0.1510717733405209,61.56023611638274,9.08464115872707,1.0760775538218315
PI,DE,Positivo,3741,211803.0,651744.0,929314.0,211107.36756626534,655650.4801011516,929278.9655809002,695.6324337346484,-3906.4801011516447,35.034419099731764,0.329515943358203,-0.5958174697819126,0.0037700647918821073,33.20127997583926,8.45296658773272,0.9891175785610348
PI,DE,Diebold,5221,195087.0,866134.0,1114934.0,182983.4731840901,871796.7031984117,1115810.7496535052,12103.526815909914,-5662.703198411747,-876.749653505115,6.6145464425266365,-0.6495440023616349,-0.07857512161245746,60.75899180209344,9.210618434621036,1.0349433766167702
PI,GOV,Positivo,3741,211803.0,651744.0,929314.0,213741.70236690194,654025.8298743826,929148.1134784501,-1938.7023669019436,-2281.8298743827017,165.8865215498804,-0.9070304696900144,-0.3488898710347523,0.017853614417711224,36.356293806239286,7.104836533213016,0.9793218517698
PI,GOV,Diebold,5221,195087.0,866134.0,1114934.0,211832.89949416893,858882.9981264102,1117521.542367728,-16745.899494168945,7251.001873589817,-2587.542367728079,-7.905240184199955,0.8442362800762551,-0.23154295193681654,63.26550960652083,8.688565599684745,1.0757700847080782
PR,DF,Positivo,10421,1523136.0,979719.0,2807377.0,1521990.4828615792,988048.657474592,2807345.0709440606,1145.5171384208174,-8329.657474592033,31.929055939570958,0.07526440876733125,-0.8430412218647475,0.0011373399112932627,8.983522905126726,12.878597361033394,1.1403719810005446
PR,DF,Diebold,15299,2105399.0,1383616.0,3759145.0,2025180.5544525029,1420107.2686276508,3784086.349210497,80218.4455474971,-36491.2686276509,-24941.34921049721,3.961051540374075,-2.5696135379206226,-0.6591115241252599,16.513389838356698,23.3798591428469,1.346981114860962
PR,DE,Positivo,10421,1523136.0,979719.0,2807377.0,1522079.2751705088,985299.9966661683,2807527.5179029414,1056.7248294911399,-5580.996666168382,-150.5179029411188,0.06942639892214299,-0.5664261326552396,-0.005361226274054363,9.577100708885757,14.108580051733357,1.1509348512796949
PR,DE,Diebold,15299,2105399.0,1383616.0,3759145.0,2021257.1929391236,1450870.6259217216,3786128.0195769193,84141.80706087645,-67254.6259217217,-26983.01957691963,4.1628451517604885,-4.6354667825048566,-0.7126811200624654,17.915930829459572,26.323928197126445,1.3780273925776523
PR,GOV,Positivo,10421,1523136.0,979719.0,2807377.0,1525391.780631017,979585.250547036,2807542.13348391,-2255.780631017071,133.7494529641035,-165.1334839097981,-0.14788204969112329,0.013653681789248355,-0.005881781147301327,6.8312731625362915,9.797315276978308,1.2047351707329557
PR,GOV,Diebold,15299,2105399.0,1383616.0,3759145.0,2015743.5073190406,1459244.6238423944,3787373.886570071,89655.49268095926,-75628.62384239424,-28228.886570071223,4.4477629398495235,-5.182724171582249,-0.7453419550198126,10.583761691108792,14.77049419829943,1.2813280162582774
RJ,DF,Positivo,14238,2072956.0,1810123.0,4273711.0,2073330.5422359807,1813446.3589885212,4273983.898216228,-374.5422359809154,-3323.358988521257,-272.8982162276281,-0.018064762388393257,-0.1832620508485795,-0.00638510164583268,7.424070361931342,8.107956449434175,0.9444025096502584
RJ,DF,Diebold,19830,2758290.0,2037020.0,5182966.0,2758482.475888349,1963027.094693184,5220056.267254304,-192.47588834898488,73992.90530681617,-37090.26725430507,-0.006977600547815676,3.7693267457615542,-0.7105338593182285,14.121659636277045,15.345514379808709,1.4053977311239443
RJ,DE,Positivo,14238,2072956.0,1810123.0,4273711.0,2072672.2749281325,1813583.890296044,4274133.288835249,283.7250718675605,-3460.8902960440214,-422.28883524915057,0.013688853529793961,-0.19083155262694113,-0.009880104496325363,7.966159181806505,8.654833974116276,0.9501462248070986
RJ,DE,Diebold,19830,2758290.0,2037020.0,5182966.0,2743568.935432234,2018897.377321018,5194080.872862408,14721.064567766341,18122.622678981872,-11114.872862408269,0.5365662359581689,0.8976495230792634,-0.21399113980839826,13.78745005345736,18.882849183373512,1.099648201281058
RJ,GOV,Positivo,14238,2072956.0,1810123.0,4273711.0,2071731.936348007,1814159.4252581536,4274827.21373498,1224.0636519930695,-4036.425258153434,-1116.2137349798547,0.05908407504451641,-0.2224956198421786,-0.026111318169620295,5.32944857827063,6.208697733777463,0.9250553700095433
RJ,GOV,Diebold,19830,2758290.0,2037020.0,5182966.0,2970808.6642338713,1763134.2665530131,5170553.662500427,-212518.66423387127,273885.733446987,12412.337499572597,-7.1535628259208925,15.534025890293814,0.24005818931139605,11.09411997520448,14.733077697245161,1.1774605856434095
RN,DF,Positivo,3665,375607.0,577081.0,1019700.0,371109.55886647286,582480.4492686511,1019466.308232188,4497.441133527169,-5399.449268651073,233.69176781201395,1.2118904043496685,-0.9269751929752313,0.022922951540914446,28.678092061055118,14.822525935565759,1.0462263424094964
RN,DF,Diebold,4008,247079.0,686933.0,987347.0,309558.43118487636,617796.7174987516,986557.7079415349,-62479.43118487638,69136.28250124844,789.2920584651299,-20.183404776192976,11.190781780317268,0.08000465174125473,47.28591016943467,13.23300624799171,1.10140803436997
RN,DE,Positivo,3665,375607.0,577081.0,1019700.0,373613.01685979695,579705.5057667359,1019580.0535785877,1993.983140203084,-2624.5057667358433,119.94642141231549,0.5337028021567438,-0.4527308677644166,0.011764296583806226,23.041807437376416,11.915080043737426,0.9815843147305209
RN,DE,Diebold,4008,247079.0,686933.0,987347.0,288113.87315860705,648360.7415321452,986274.5369054249,-41034.87315860705,38572.258467854794,1072.4630945751242,-14.242588428227926,5.94919710541148,0.10873879984168788,39.50803732408577,10.8175690091252,1.0698288749928888
RN,GOV,Positivo,3665,375607.0,577081.0,1019700.0,375653.7905366639,583328.158404053,1019536.7734434032,-46.790536663873354,-6247.15840405297,163.22655659683528,-0.012455760554692602,-1.07095094142974,0.016009874371235355,13.592185947577454,8.612235951827392,0.9455519803953921
RN,GOV,Diebold,4008,247079.0,686933.0,987347.0,276647.4031175527,650138.5090795442,985425.1738203445,-29568.403117552698,36794.49092045576,1921.8261796554611,-10.688118805506562,5.659484926150402,0.19502507452745818,23.989967062407896,7.56319001146996,1.0251710167289187
RO,DF,Positivo,1653,228441.0,113982.0,372858.0,228318.55936421844,114302.90849351535,372888.1047213995,122.44063578157136,-320.90849351535303,-30.10472139945969,0.053627105970939296,-0.2807526927747065,-0.00807339280022145,7.233381623654863,12.613548282496922,0.9369575111626224
RO,DF,Diebold,2545,352865.0,147767.0,530377.0,339860.817285559,156739.30837484525,536958.6769716337,13004.182714440984,-8972.308374845263,-6581.676971633633,3.8263259702322685,-5.7243511330213375,-1.2257324918843482,15.294739015010443,27.391627646639595,1.5685730894349732
RO,DE,Positivo,1653,228441.0,113982.0,372858.0,228172.6149952727,114406.70302577651,372866.39639131515,268.38500472729737,-424.70302577651717,-8.396391315154972,0.11762367045355455,-0.37122215267476855,-0.0022518498305068883,7.929050647642705,13.678775318927935,0.9848503144267704
RO,DE,Diebold,2545,352865.0,147767.0,530377.0,319776.86658658186,163075.8546629732,541573.6333815805,33088.13341341814,-15308.854662973195,-11196.633381580403,10.34725675018749,-9.387566721395888,-2.0674258662979463,19.035170189745504,31.701608180060177,2.2856975983909162
RO,GOV,Positivo,1653,228441.0,113982.0,372858.0,228560.32405119983,114409.69342896718,372882.9664001018,-119.32405119983844,-427.693428967177,-24.96640010179283,-0.052206808725519936,-0.37382621712269193,-0.006695505654984516,6.511145442986067,12.459856562414306,0.9883676707244431
RO,GOV,Diebold,2545,352865.0,147767.0,530377.0,354877.6612965497,141394.67825887003,533631.3890692585,-2012.6612965497352,6372.321741129991,-3254.3890692583336,-0.5671422904435443,4.506762078741984,-0.6098571290820294,14.230581709895498,17.22849097037176,1.1199753692717347
RR,DF,Positivo,1031,179654.0,50768.0,250232.0,179259.996006808,51240.18945220312,250231.2733974675,394.0039931919767,-472.18945220312764,0.7266025324991574,0.21979471269039472,-0.9215216751756671,0.000290372391361739,5.737301192695973,17.601650793362587,1.0212719849258258
RR,DF,Diebold,237,27933.0,17992.0,48137.0,30923.21727811267,14579.63553590891,48558.02562379719,-2990.2172781126696,3412.3644640910898,-421.02562379719615,-9.669812979741709,23.405005260156248,-0.8670567190253736,236.6475902270853,30.235005367630535,1.5928897564297377
RR,DE,Positivo,1031,179654.0,50768.0,250232.0,179432.11919463822,51204.209725032255,250228.82819437556,221.88080536176045,-436.2097250322555,3.1718056244440618,0.12365723949404857,-0.851902074799536,0.0012675620340515806,5.462419630111295,16.95488382117768,1.0303543533251371
RR,DE,Diebold,237,27933.0,17992.0,48137.0,33919.02024956106,12089.803100646423,48603.37394867057,-5986.020249561054,5902.196899353575,-466.3739486705646,-17.647975105172794,48.81962799739884,-0.9595505636359657,345.45508395341193,41.24519583503821,1.698783704238752
RR,GOV,Positivo,1031,179654.0,50768.0,250232.0,179058.52517222136,51432.284488838115,250228.10281861323,595.4748277786493,-664.2844888381182,3.897181386788759,0.3325587693777284,-1.2915710344973728,0.0015574515183907102,6.068954200867579,18.70647329776617,0.9732174837320671
RR,GOV,Diebold,237,27933.0,17992.0,48137.0,33708.37367244669,12288.60433714019,48740.66901046275,-5775.3736724466835,5703.395662859812,-603.6690104627544,-17.133350094452908,46.41207012925204,-1.238532467277316,378.61460325158237,35.86370108786055,1.8284273130035333
RS,DF,Positivo,10792,1316804.0,1225125.0,2824294.0,1320266.5125664438,1230187.3411370714,2824457.4348990885,-3462.5125664437483,-5062.341137071406,-163.4348990881581,-0.26225860714387345,-0.41150977316936505,-0.0057864174927457265,8.351400294791905,9.425564030216355,1.045109628951369
RS,DF,Diebold,16409,1928219.0,1581547.0,3813458.0,2051762.608242439,1416369.1805098453,3814209.48456908,-123543.60824243908,165177.8194901545,-751.4845690801953,-6.021340273291548,11.662059706120973,-0.019702236390539946,21.7140990227943,21.845672863365103,1.4541953328944188
RS,DE,Positivo,10792,1316804.0,1225125.0,2824294.0,1321698.6813995086,1232593.274114984,2824529.316343745,-4894.681399508634,-7468.274114984175,-235.31634374506098,-0.3703326233423943,-0.6058993077295899,-0.008331170166421561,9.707212934261385,11.45965111234615,1.090610676134348
RS,DE,Diebold,16409,1928219.0,1581547.0,3813458.0,2029101.0408534335,1373511.4700994678,3828202.9285644395,-100882.04085343349,208035.52990053213,-14744.928564439866,-4.971760342254953,15.146253557348633,-0.3851658033700202,22.962469253895797,24.02161394723738,1.3539439929120682
RS,GOV,Positivo,10792,1316804.0,1225125.0,2824294.0,1319343.002726348,1228500.0758598926,2824517.7295479975,-2539.002726347909,-3375.075859892535,-223.7295479975278,-0.19244447585663496,-0.27473143276203216,-0.007920982249714213,4.72816321587655,6.017656450582649,0.9875273233661787
RS,GOV,Diebold,16409,1928219.0,1581547.0,3813458.0,1927340.2699259645,1606529.18275089,3813251.510772744,878.7300740352866,-24982.182750890013,206.48922725605757,0.045592887138140976,-1.5550407063326763,0.005415043478582747,6.874586680721663,9.917186665592736,1.1334416165965766
SC,DF,Positivo,6680,1140939.0,564210.0,1884479.0,1141633.2381951236,569959.5060378881,1884661.0146039869,-694.2381951236489,-5749.506037888163,-182.01460398711004,-0.06081096554452213,-1.0087569339541753,-0.00965768393237315,6.23264703517414,11.79114368244834,0.9680253258486924
SC,DF,Diebold,9562,1553467.0,715006.0,2446505.0,1499546.3761341881,722340.9105634141,2454634.547968138,53920.623865811845,-7334.910563414089,-8129.547968137872,3.5957956835465494,-1.0154361266473164,-0.33119178473501204,11.26171743827347,21.238924586178314,1.2578299751700117
SC,DE,Positivo,6680,1140939.0,564210.0,1884479.0,1140118.3410074841,571907.50424407,1884604.232316782,820.6589925157109,-7697.504244070095,-125.23231678192457,0.071980158813209,-1.3459351708008138,-0.006645019396352196,7.549162599355508,13.940051512263492,0.9723821973858152
SC,DE,Diebold,9562,1553467.0,715006.0,2446505.0,1521641.9746317496,708740.530206972,2461535.468608926,31825.025368250557,6265.469793027905,-15030.468608925823,2.091492341748294,0.8840287137520147,-0.610613529668939,12.13676745055406,24.61562097609604,1.3954770864438886
SC,GOV,Positivo,6680,1140939.0,564210.0,1884479.0,1141188.1848482722,570311.9501912203,1884600.2403023918,-249.18484827201428,-6101.950191220338,-121.24030239184367,-0.021835561529682756,-1.069932023899273,-0.006433210598147338,5.200093902969609,9.525924599947357,0.9957252635473521
SC,GOV,Diebold,9562,1553467.0,715006.0,2446505.0,1544612.7117151804,703613.5852013687,2458341.415266058,8854.288284819648,11392.414798631353,-11836.415266057815,0.5732367872971602,1.6191294537570553,-0.48147971606201,8.64411400850451,13.387653286088364,1.318515432014566
SE,DF,Positivo,2357,203897.0,335585.0,593298.0,203292.60239482223,336834.1861948158,593261.7903873482,604.397605177764,-1249.1861948158185,36.209612651846314,0.29730427868887266,-0.37086087042641297,0.006103479650729672,16.173790595227157,8.901011980799131,1.1272145060112135
SE,DF,Diebold,3141,174713.0,493131.0,705134.0,217957.32031442452,434484.96329788276,713154.0014509694,-43244.32031442449,58646.036702117235,-8020.001450969433,-19.84072856651035,13.497828844748657,-1.1245819885539579,50.053509368468184,13.859802680112423,1.617029639819983
SE,DE,Positivo,2357,203897.0,335585.0,593298.0,204142.80060884668,335617.1089392821,593377.9620175926,-245.80060884667728,-32.108939282074516,-79.96201759267252,-0.12040620982644896,-0.009567134221361606,-0.013475730935605895,14.7701710865889,7.811471308622851,1.0565573299408324
SE,DE,Diebold,3141,174713.0,493131.0,705134.0,199942.58349592396,462810.51427166467,711313.3156830379,-25229.583495923933,30320.485728335334,-6179.315683037859,-12.618414274134986,6.551382216553867,-0.8687192474534486,45.412588511023856,12.60012247497647,1.5002633682185536
SE,GOV,Positivo,2357,203897.0,335585.0,593298.0,203874.04989236838,335947.6343567367,593328.5429654431,22.950107631610308,-362.63435673664367,-30.54296544307492,0.01125700286217221,-0.10794371492777617,-0.005147732366021335,11.313832684613706,6.2549839742024895,1.0172874674022887
SE,GOV,Diebold,3141,174713.0,493131.0,705134.0,166723.55799512716,497889.51107187604,707454.9633306799,7989.442004872838,-4758.511071876034,-2320.963330679887,4.79202945339395,-0.9557363563718636,-0.32807223794895024,25.303980041537187,8.71766433607478,1.1150349335871135
SP,DF,Positivo,39676,4810287.0,3962092.0,9943066.0,4837353.553047749,3965438.374242897,9942973.30668873,-27066.553047748814,-3346.3742428971964,92.69331126895804,-0.5595322473523912,-0.08438850707233861,0.0009322494228824128,9.268131601160045,10.970431962355443,1.2790511423387294
SP,DF,Diebold,61395,7429434.0,6527704.0,15712684.0,7557145.361245858,6405738.780280953,15729152.935836043,-127711.36124585755,121965.21971904725,-16468.935836042325,-1.689941838366376,1.903999271629648,-0.10470325963021708,10.039447725169223,10.695834833049881,1.2786991316417973
SP,DE,Positivo,39676,4810287.0,3962092.0,9943066.0,4836374.694424275,3965153.5103324675,9943560.578487955,-26087.69442427518,-3061.5103324674565,-494.57848795572954,-0.539405982219512,-0.07721038604154211,-0.004973857040964862,9.987069529788496,11.911948708915551,1.3107170525863485
SP,DE,Diebold,61395,7429434.0,6527704.0,15712684.0,7607629.364078515,6364957.076036122,15732195.525814585,-178195.36407851533,162746.92396387746,-19511.525814585042,-2.342324468643452,2.556920997576164,-0.12402290438463623,11.118888750669033,11.790037504328762,1.3096325704448033
SP,GOV,Positivo,39676,4810287.0,3962092.0,9943066.0,4826446.300329941,3970896.6203827444,9943473.850946408,-16159.300329941161,-8804.620382744528,-407.85094640854186,-0.3348074198781927,-0.2217287737371484,-0.004101694765051583,4.552560830453056,5.447061523250294,1.2841540667957978
SP,GOV,Diebold,61395,7429434.0,6527704.0,15712684.0,7459573.529272946,6488223.193988355,15733280.527737439,-30139.529272945343,39480.806011645866,-20596.52773743826,-0.4040382356266273,0.608499504891057,-0.13091057329796554,4.818064973600455,5.3013588625371435,1.3029653023861272
TO,DF,Positivo,1639,162709.0,173241.0,355700.0,162333.0641222062,174895.1915085887,355662.9783994936,375.9358777937973,-1654.1915085886853,37.021600506377766,0.23158306031283218,-0.9458187468278404,0.010409180250634283,45.70625055058875,18.043970696063024,0.9934612737168049
TO,DF,Diebold,2318,216485.0,261062.0,506092.0,228215.65789290873,253386.00820610276,504858.9103435362,-11730.657892908697,7675.991793897251,1233.0896564638388,-5.1401634757302075,3.029366873191215,0.24424440793265803,34.349519655219964,18.241888859733415,1.0589456082844302
TO,DE,Positivo,1639,162709.0,173241.0,355700.0,161277.89439412497,175543.31797028304,355616.8559094082,1431.1056058750391,-2302.317970283058,83.14409059177115,0.8873538504773357,-1.3115383695053588,0.023380244555379494,53.796298022797664,19.89110389555236,0.9723483090951262
TO,DE,Diebold,2318,216485.0,261062.0,506092.0,213267.5312527503,263035.48915309645,504315.7958907527,3217.468747249669,-1973.4891530964169,1776.204109247307,1.5086538153979667,-0.7502748619399311,0.35220076858986127,39.868736699727485,20.0657967095786,1.0873589500594365
TO,GOV,Positivo,1639,162709.0,173241.0,355700.0,163176.46957370598,174710.14985811844,355688.35512408934,-467.4695737059849,-1469.1498581184255,11.644875910657063,-0.28648099504005464,-0.8409069875513915,0.003273898552735724,43.010969700183,16.330855706229976,0.9444889415522915
TO,GOV,Diebold,2318,216485.0,261062.0,506092.0,219254.77095775725,261230.52618523396,505352.1038209881,-2769.770957757244,-168.52618523394221,739.8961790118793,-1.2632659921871812,-0.06451243952800649,0.14641201123285996,32.441489104549404,16.72903467565528,0.9953114995843998
