marca,urnas,votos_Bolsonaro,votos_Lula,est_Bolsonaro,est_Lula,res_Bolsonaro,res_Lula,erro_pct_Bolsonaro,erro_pct_Lula,uf,turno,cargo
Positivo,909,144819.0,55019.0,144097.64673907764,55156.13468672022,721.3532609223462,-137.13468672022717,0.5006003062829502,-0.2486299801447919,AC,2,Deputado Federal (1T→2T)
Diebold,1215,142931.0,66547.0,165280.29049872805,62964.55587605414,-22349.29049872804,3582.444123945856,-13.52205422152258,5.6896202539694,AC,2,Deputado Federal (1T→2T)
Positivo,2381,362395.0,304766.0,359427.4753017912,305656.8022249904,2967.5246982088115,-890.8022249903714,0.8256254466126014,-0.2914387046209632,AL,2,Deputado Federal (1T→2T)
Diebold,4245,325432.0,672065.0,463892.761364429,517437.04914951854,-138460.76136442897,154627.95085048152,-29.84757963396107,29.88343241069316,AL,2,Deputado Federal (1T→2T)
Positivo,3173,581508.0,367647.0,580045.2321989585,367774.51624241885,1462.7678010414404,-127.51624241883678,0.2521816782281047,-0.03467239756622625,AM,2,Deputado Federal (1T→2T)
Diebold,4280,380233.0,637344.0,534901.5519620578,469023.9678842275,-154668.55196205783,168320.03211577245,-28.915330567788097,35.88729865449436,AM,2,Deputado Federal (1T→2T)
Positivo,723,95342.0,77000.0,94850.03562544743,76738.56478832391,491.9643745525648,261.4352116760844,0.5186760039767186,0.34068295699460727,AP,2,Deputado Federal (1T→2T)
Diebold,1017,105205.0,112918.0,122385.31735815718,102722.75378998219,-17180.317358157175,10195.246210017798,-14.037890924349579,9.92501255453304,AP,2,Deputado Federal (1T→2T)
Positivo,13050,1041662.0,2437115.0,1034443.7454559696,2437011.74183028,7218.254544030293,103.25816971988206,0.6977909215206843,0.004237081338078889,BA,2,Deputado Federal (1T→2T)
Diebold,21374,1315366.0,3660700.0,1469684.362582759,3459212.7431383952,-154318.36258275917,201487.25686160443,-10.50010236970657,5.8246564123952576,BA,2,Deputado Federal (1T→2T)
Positivo,9565,992917.0,1582318.0,983669.6676084119,1588332.572753419,9247.332391588137,-6014.572753418913,0.9400851420041346,-0.37867212802873407,CE,2,Deputado Federal (1T→2T)
Diebold,13231,641560.0,2225573.0,802517.152990672,2051314.736522113,-160957.1529906719,174258.26347788694,-20.056537407436917,8.49495498547102,CE,2,Deputado Federal (1T→2T)
Positivo,3932,609220.0,431493.0,607149.3819137728,429987.39392555156,2070.618086227275,1505.6060744484664,0.3410393138671339,0.350151212737448,DF,2,Deputado Federal (1T→2T)
Diebold,2816,432111.0,297802.0,434555.16181056714,293560.14061106986,-2444.161810567176,4241.859388930148,-0.5624514504404031,1.4449711667600256,DF,2,Deputado Federal (1T→2T)
Positivo,3339,488509.0,312274.0,486630.3107359039,312309.4457927953,1878.6892640960937,-35.4457927952526,0.3860608808471171,-0.011349574363744815,ES,2,Deputado Federal (1T→2T)
Diebold,5900,793636.0,614493.0,782747.1567966088,624631.3718331221,10888.843203391192,-10138.371833122132,1.3911060690343178,-1.6230968040187903,ES,2,Deputado Federal (1T→2T)
Positivo,6209,1055053.0,647931.0,1052647.853243904,647890.6847082191,2405.146756096112,40.315291780883854,0.2284854093117907,0.006222545366436323,GO,2,Deputado Federal (1T→2T)
Diebold,8411,1137988.0,894184.0,1344154.5300705645,684470.1770798315,-206166.53007056453,209713.82292016852,-15.338008053266117,30.638854685367697,GO,2,Deputado Federal (1T→2T)
Positivo,6814,597414.0,1116672.0,590177.2590689369,1120716.6021715726,7236.740931063074,-4044.602171572631,1.2261978617203497,-0.36089428529349427,MA,2,Deputado Federal (1T→2T)
Diebold,9609,485335.0,1551753.0,614846.0710267657,1438323.4747007415,-129511.07102676577,113429.52529925854,-21.063982861675935,7.8862319425648515,MA,2,Deputado Federal (1T→2T)
Positivo,19668,2760293.0,2568544.0,2738553.8772563697,2580859.0948195653,21739.122743630614,-12315.094819564978,0.7938176029390386,-0.47717036719611994,MG,2,Deputado Federal (1T→2T)
Diebold,30313,3381017.0,3622416.0,3356440.045497376,3604782.55969353,24576.954502624016,17633.440306470064,0.7322327874020483,0.4891679321697899,MG,2,Deputado Federal (1T→2T)
Positivo,3053,435860.0,267336.0,432797.7281861091,268573.50991165766,3062.2718138908917,-1237.5099116576582,0.7075526543831745,-0.46077139627981717,MS,2,Deputado Federal (1T→2T)
Diebold,3859,444746.0,332211.0,443205.8118168604,330081.5006891261,1540.1881831395756,2129.49931087394,0.34751082726686033,0.6451434892376846,MS,2,Deputado Federal (1T→2T)
Positivo,3322,514026.0,331396.0,510345.9921824038,332888.91137894057,3680.0078175962103,-1492.9113789405376,0.7210809674157158,-0.44847134521735327,MT,2,Deputado Federal (1T→2T)
Diebold,4330,702704.0,321390.0,606297.2765405038,387861.37431127473,96406.72345949612,-66471.37431127476,15.900899969333055,-17.13792058549474,MT,2,Deputado Federal (1T→2T)
Positivo,7788,950246.0,1226826.0,942436.6046191419,1230174.3447259394,7809.395380858152,-3348.344725939463,0.8286388010166572,-0.27218456800815605,PA,2,Deputado Federal (1T→2T)
Diebold,10442,1123428.0,1281422.0,978265.0983849099,1416351.9380115434,145162.90161509003,-134929.93801154333,14.838810242208394,-9.526582651553065,PA,2,Deputado Federal (1T→2T)
Positivo,4523,527628.0,698178.0,523527.4584254067,701261.5782483089,4100.54157459333,-3083.5782483088333,0.7832524366394018,-0.4397186932743908,PB,2,Deputado Federal (1T→2T)
Diebold,5079,274874.0,903775.0,402034.250503498,778440.8193103296,-127160.25050349798,125334.18068967038,-31.629208293633077,16.10066912995543,PB,2,Deputado Federal (1T→2T)
Positivo,8301,981151.0,1390070.0,978005.9745372192,1389912.1317607109,3145.025462780739,157.86823928907688,0.32157528120100987,0.011358145287147957,PE,2,Deputado Federal (1T→2T)
Diebold,12271,817681.0,2250863.0,1140107.3854371442,1919532.2203247868,-322426.3854371442,331330.7796752132,-28.28035232080514,17.26101683352581,PE,2,Deputado Federal (1T→2T)
Positivo,3741,245344.0,672960.0,242604.92421860027,673716.66713239,2739.0757813997334,-756.6671323900314,1.129027281792383,-0.11231236650426239,PI,2,Deputado Federal (1T→2T)
Diebold,5222,221721.0,878423.0,224320.53763417236,872723.5937889806,-2599.537634172382,5699.406211019335,-1.1588495915660535,0.6530597146199554,PI,2,Deputado Federal (1T→2T)
Positivo,10422,1779477.0,1059983.0,1773564.8742753235,1062029.4696379255,5912.125724676529,-2046.4696379256457,0.33334702386301013,-0.19269424214973455,PR,2,Deputado Federal (1T→2T)
Diebold,15299,2379866.0,1446622.0,2286933.333503763,1494491.8854553313,92932.66649623714,-47869.88545533123,4.0636368859015635,-3.2030876795792413,PR,2,Deputado Federal (1T→2T)
Positivo,14238,2345201.0,1984706.0,2336908.746556879,1983585.5575794429,8292.25344312103,1120.4424205571777,0.3548385642074621,0.05648571175948904,RJ,2,Deputado Federal (1T→2T)
Diebold,19830,3058693.0,2171511.0,3051537.634917117,2138283.5794519843,7155.365082882894,33227.42054801568,0.23448392053264783,1.5539295567396847,RJ,2,Deputado Federal (1T→2T)
Positivo,3665,428738.0,611120.0,419783.51907677506,616334.0126092343,8954.480923224919,-5214.012609234377,2.133118742469548,-0.8459719085047713,RN,2,Deputado Federal (1T→2T)
Diebold,4009,282643.0,715665.0,348673.68206068326,648901.3009563845,-66030.68206068326,66763.69904361543,-18.937673090334147,10.288729417742825,RN,2,Deputado Federal (1T→2T)
Positivo,1653,251555.0,115474.0,250873.6261887516,115564.37984166639,681.3738112484111,-90.37984166639148,0.27160041555574316,-0.07820735229161442,RO,2,Deputado Federal (1T→2T)
Diebold,2545,381681.0,147430.0,366040.3650136406,154153.423762993,15640.634986359337,-6723.423762992999,4.272926289366061,-4.3615143918763,RO,2,Deputado Federal (1T→2T)
Positivo,1031,187258.0,50631.0,185160.4950163366,50626.90917289363,2097.5049836634344,4.090827106369602,1.1328037244004845,0.008080341409741619,RR,2,Deputado Federal (1T→2T)
Diebold,237,26260.0,16497.0,31192.098395271052,14052.01336754348,-4932.098395271052,2444.986632456521,-15.812012172989279,17.399546730462188,RR,2,Deputado Federal (1T→2T)
Positivo,10792,1528088.0,1284358.0,1523414.5141902587,1285988.3348831495,4673.485809741156,-1630.3348831495832,0.30677703055922745,-0.12677680185160642,RS,2,Deputado Federal (1T→2T)
Diebold,16409,2205097.0,1607493.0,2318838.3102109763,1488849.8126666874,-113741.31021097634,118643.18733331253,-4.905098803574094,7.968781426033162,RS,2,Deputado Federal (1T→2T)
Positivo,6680,1294311.0,606300.0,1288845.253829529,606831.3128444009,5465.746170470989,-531.312844400888,0.4240808703939195,-0.08755527823876867,SC,2,Deputado Federal (1T→2T)
Diebold,9562,1753319.0,745618.0,1702398.0036188508,773876.584297131,50920.99638114906,-28258.58429713101,2.991133464260672,-3.6515621315505626,SC,2,Deputado Federal (1T→2T)
Positivo,2357,230736.0,355585.0,228494.48458547494,356022.57829278545,2241.5154145250613,-437.5782927854516,0.9809932255439443,-0.12290745572478734,SE,2,Deputado Federal (1T→2T)
Diebold,3141,190350.0,507366.0,245103.916026736,453872.6244664966,-54753.91602673601,53493.375533503444,-22.33906210652442,11.785988546099711,SE,2,Deputado Federal (1T→2T)
Positivo,39723,5584076.0,4380652.0,5590459.624105992,4372208.708794921,-6383.624105991912,8443.291205079047,-0.11418782238343704,0.19311272099373794,SP,2,Deputado Federal (1T→2T)
Diebold,61350,8632511.0,7139230.0,8722726.315425057,7004060.69386879,-90215.31542505718,135169.30613121064,-1.034255944331563,1.9298705713606261,SP,2,Deputado Federal (1T→2T)
Positivo,1639,176894.0,175196.0,174779.1175864939,176466.66963752336,2114.882413506114,-1270.6696375233678,1.2100315201897678,-0.7200621171881493,TO,2,Deputado Federal (1T→2T)
Diebold,2318,234760.0,259397.0,243703.85704830365,253474.43833025073,-8943.857048303631,5922.561669749246,-3.669969427907291,2.3365518467123563,TO,2,Deputado Federal (1T→2T)
