preditor,score_bolsonaro,score_lula,score_outros,n_ufs,gap_B_L
NOVO,0.6571083856386263,0.0021770992492608637,0.7397584162682421,17,0.6549312863893654
PTB,0.5288489685708683,0.07144243073326048,0.5396143965780706,26,0.45740653783760776
PL,0.4657968543927627,0.072036423203621,0.5158040954432892,25,0.3937604311891417
PATRIOTA,0.48285197571468896,0.14537672356792564,0.5326366433849029,26,0.3374752521467633
PROS,0.4748073210042391,0.13829072187834157,0.51480245450848,23,0.33651659912589754
PMB,0.49646888274771395,0.18739467041218633,0.5428186319519555,16,0.3090742123355276
PSC,0.41762331181471696,0.13546323643028754,0.5171117703705828,23,0.28216007538442944
PRTB,0.4837309661098462,0.23543933619762808,0.509093346646323,20,0.24829162991221815
Nulo,0.27514395406722086,0.05042158431893892,0.4532304547540453,27,0.22472236974828194
AGIR,0.40119143295889903,0.21449925169466236,0.5440638329363506,22,0.18669218126423667
PODE,0.33061555812572185,0.18203065139263583,0.5427939367113249,26,0.14858490673308603
AVANTE,0.33373316810671244,0.19002787838760474,0.523251157315449,21,0.1437052897191077
DC,0.3626359039307859,0.22949174644836995,0.5214822277150342,21,0.13314415748241593
UNIÃO,0.26783765331011955,0.1718501897908745,0.5183594417803674,26,0.09598746351924506
PSOL,0.27563928849182123,0.199138299230372,0.6133261022744045,27,0.07650098926144924
CIDADANIA,0.2861669182829891,0.22290806862902604,0.4943753177828436,26,0.06325884965396308
PSDB,0.26968861984975195,0.2147656453993187,0.5160148958992183,26,0.05492297445043326
PMN,0.26370115952723844,0.2154927155762878,0.48713086623948676,15,0.04820844395095064
PP,0.2564038955014715,0.2223053383397156,0.5070505312042833,26,0.034098557161755916
PSD,0.2279775003922295,0.21464023728317855,0.5164031218033587,26,0.01333726310905095
REPUBLICANOS,0.22211616132516582,0.2378021948457206,0.5070333598208856,27,-0.015686033520554782
MDB,0.20803225958318028,0.22983723454379765,0.5152226416034852,25,-0.021804974960617368
PSB,0.1971886872769405,0.2515504534548755,0.5398852537100709,26,-0.05436176617793498
SOLIDARIEDADE,0.2247018401398958,0.28207680031734406,0.5313680189421378,24,-0.05737496017744825
PSTU,0.18605962986385322,0.2613574056816319,0.6231603501336903,14,-0.07529777581777869
PDT,0.17422568134273034,0.27410389645313493,0.5284919721113646,27,-0.0998782151104046
PCB,0.1376560992269814,0.24193630939092395,0.599799936245537,11,-0.10428021016394254
REDE,0.21172228149013528,0.3256724082369117,0.5585696030026551,27,-0.1139501267467764
PV,0.16789630046624068,0.34560479107401165,0.5438106345291387,27,-0.17770849060777097
Branco,0.12849831603155243,0.3300493563253538,0.4617287337701818,27,-0.2015510402938014
UP,0.16983624073848855,0.4044060002095706,0.6476836769828439,13,-0.23456975947108208
PC do B,0.15211208461564668,0.4615681171258945,0.4940644637157682,27,-0.30945603251024784
PCO,0.16755943497930176,0.5165904529371633,0.5367192922108807,20,-0.34903101795786157
PT,0.03467496288898877,0.47306739524005803,0.5152702387436867,27,-0.4383924323510693
