label,n_treino,n_teste,erro_rel_Bolsonaro,erro_rel_Lula,delta_pp_Bolsonaro,delta_pp_Lula,votos_Bolsonaro,est_Bolsonaro,votos_Lula,est_Lula,uf,municipio,nm_municipio
T2,853,35,1.1144652292313886,2.0293678412069647,0.7008778696242168,0.5023906415868862,4368.0,4319.856699135512,1735.0,1700.490786829397,AC,1392,RIO BRANCO
T2,3173,595,0.06927197598718152,0.5682370833203589,0.03597901742583565,0.2020160079212352,99817.0,99747.90265682385,68664.0,68276.03027694735,AM,2550,MANAUS
T2,723,229,-3.342910306090004,7.398192117606483,-1.5154119785116327,2.8844508495116994,27548.0,28500.75466501005,26326.0,24512.5169064035,AP,6050,MACAPÁ
T2,3932,2816,-1.622332476388262,4.935642417853037,-0.8305251935086577,1.6780436384097541,377005.0,383222.1371883152,267067.0,254505.51771202864,DF,97012,BRASÍLIA
T2,1035,124,6.4200873130527985,-2.7046332266715827,3.7725856606239505,-0.8432009329965295,16396.0,15406.865765641007,7953.0,8174.07885262236,RO,35,PORTO VELHO
T2,46,37,-0.08883073006126126,4.751804818355576,-0.05724741293360314,1.0915384400148664,6010.0,6015.343473523223,2246.0,2144.1158020090124,SP,61018,ADAMANTINA
T2,40,52,5.26603531523516,-10.140596572120023,2.909689055305853,-3.174160710996138,7709.0,7323.349812609762,3728.0,4148.703260635428,SP,61131,AGUDOS
T2,200,312,-0.5997960363846521,2.5978526949912704,-0.3421201818727404,0.7239656646369386,49664.0,49963.680173311426,25045.0,24410.842276061274,SP,61310,AMERICANA
T2,63,35,-5.698516006641375,6.7062841449877535,-2.103940060918702,3.269870071361558,2472.0,2621.379744325228,3694.0,3461.839224933329,SP,61336,AMÉRICO BRASILIENSE
T2,74,92,-0.7818443313310237,7.432876181967304,-0.43946510754976353,1.9672425157519213,13857.0,13966.19389527289,7065.0,6576.199252111121,SP,61379,AMPARO
T2,205,283,-1.0146803008351533,3.3393157269183025,-0.6117147437624704,0.9040179373104085,43408.0,43852.96742176026,20350.0,19692.408312221036,SP,61557,ARAÇATUBA
T2,243,335,-0.6094367518972711,-0.2796223309483106,-0.25212285269117785,-0.1193556612329616,34853.0,35066.70941485515,36080.0,36181.17063268751,SP,61638,ARARAQUARA
T2,112,170,-2.3464007149627397,11.548666057553376,-1.3187926111659976,2.9844457514459632,28341.0,29021.971752701676,14885.0,13343.951591783361,SP,61654,ARARAS
T2,178,273,-2.1441500870522043,4.106831367170178,-0.9682014202009315,1.6949078624999336,34824.0,35587.03953926035,33861.0,32525.243113563803,SP,61727,HORTOLÂNDIA
T2,80,123,-1.8001209770381592,3.5729662760070044,-0.8349351753467238,1.31450617431918,15814.0,16103.889492880384,13230.0,12773.60345627638,SP,61778,ARUJÁ
T2,91,127,-1.8476828548018995,3.619589849339637,-0.9920667184620036,1.2109495147481886,17408.0,17735.69947844237,11451.0,11050.999156288377,SP,61794,ASSIS
T2,200,151,-3.2740091588108022,16.400124316649183,-1.701065624350151,4.687407708478536,21334.0,22056.119368192878,14123.0,12133.148553673778,SP,61816,ATIBAIA
T2,84,130,-3.1593335416808994,5.1619834728910226,-1.660246651312769,1.6587626078928108,16091.0,16615.953388678587,10685.0,10160.515851010372,SP,61891,AVARÉ
T2,52,41,-9.493189639551622,17.011321473271437,-5.239426226119232,5.004678236980658,5723.0,6323.28106272648,3944.0,3370.614014389126,SP,62057,BARRA BONITA
T2,111,145,1.5778939532273983,0.13551413446120855,0.8165143335210789,0.0464612887102589,19253.0,18953.927129917898,12575.0,12557.982159171206,SP,62090,BARRETOS
T2,292,457,-7.198502111729845,10.02254890381708,-3.0359669700401937,4.064738837773218,53350.0,57488.29621719208,60822.0,55281.39513761971,SP,62138,BARUERI
T2,56,87,-0.5211671545340946,2.6768494802238263,-0.23998266074004015,1.010908883431444,10215.0,10268.516133345029,8647.0,8421.567318994788,SP,62170,BATATAIS
T2,351,483,-0.0660771906006333,1.1782676715862341,-0.03300251227598694,0.40001230378728936,65232.0,65275.13197336886,44892.0,44369.21191981128,SP,62197,BAURU
T2,69,110,-5.563043726515451,14.651496532304662,-3.42486332605767,3.667009176712288,16839.0,17830.943165126082,8311.0,7248.92413214882,SP,62219,BEBEDOURO
T2,128,135,-1.3589018194865037,6.122907993499707,-0.8457351921568823,1.4975486640800035,23463.0,23786.23153309044,9920.0,9347.651876075262,SP,62294,BIRIGUI
T2,152,165,-3.883222497423208,10.3823610552722,-1.8305537770554547,3.451031051541359,20875.0,21718.372736164987,16904.0,15314.040973933863,SP,62499,BOTUCATU
T2,166,198,0.004022169291284769,3.142738400413486,0.0022264804500626845,0.8548977437237204,33127.0,33125.66762956907,16790.0,16278.412092200851,SP,62510,BRAGANÇA PAULISTA
T2,78,154,-0.6331166427855095,7.885130093758969,-0.3489501165703235,2.1233230559045246,22017.0,22157.281436362435,11679.0,10825.40289829582,SP,62715,CAÇAPAVA
T2,74,114,8.69510238720919,-8.98054759628741,3.2467003089950763,-4.216751373455069,13960.0,12843.264961718052,14700.0,16150.393802413606,SP,62855,CAJAMAR
T2,977,1510,-1.729967267311238,5.001558160644407,-0.7840625292996672,1.9193816688143406,190286.0,193635.8365908052,172157.0,163956.6145643409,SP,62910,CAMPINAS
T2,80,130,-1.0763407854416531,2.737469725512712,-0.5119957608873349,0.9804244356185821,15753.0,15924.400820872253,12318.0,11989.783311687966,SP,62936,CAMPO LIMPO PAULISTA
T2,49,81,-0.9582329749249695,1.1949717868716114,-0.4844986082399694,0.3779081478138768,9409.0,9500.032443502208,6013.0,5941.994838107251,SP,62952,CAMPOS DO JORDÃO
T2,76,46,0.26723469639906144,0.8053136610011349,0.13536698588844098,0.27526285293767994,6107.0,6090.723473616774,4143.0,4109.902394562773,SP,63053,CAPÃO BONITO
T2,60,58,-1.5178289153392157,5.892199034765897,-0.8899913014094318,1.5818643668069898,9878.0,10030.241912019099,4863.0,4592.406281413996,SP,63096,CAPIVARI
T2,143,214,-1.5672673066243945,3.3599112062724665,-0.8031227560867382,1.162588350780297,24110.0,24493.8846461819,17095.0,16539.294394210527,SP,63118,CARAGUATATUBA
T2,317,506,-0.013192941601006111,-0.42038424005715597,-0.004775043780119725,-0.19802707889036153,53134.0,53141.01086252928,68872.0,69162.7492980392,SP,63134,CARAPICUÍBA
T2,101,158,0.656948854649628,-0.843252714506762,0.3985619123200501,-0.22043317897147974,25727.0,25559.089851958688,10920.0,11012.866293968893,SP,63231,CATANDUVA
T2,71,52,-2.5510250311197598,6.577700646706537,-1.5315137766466425,1.616927557757439,6295.0,6459.790882367179,2819.0,2645.0185947852992,SP,63312,CERQUILHO
T2,53,83,-4.76891334620619,6.500013699916444,-2.353495860892857,2.464814873198362,10377.0,10896.651886085143,8917.0,8372.768875997803,SP,63576,COSMÓPOLIS
T2,210,320,1.8342504283510008,-3.146145810870559,0.6995443247281907,-1.3982920914854036,34843.0,34215.40380907011,38619.0,39873.47774987613,SP,63614,COTIA
T2,93,79,-4.398808890826674,8.299103563194274,-2.206030585326435,2.739101750926892,9832.0,10284.390692132893,7330.0,6768.292403937422,SP,63690,CRUZEIRO
T2,119,171,-4.596321782403084,5.18606222135558,-1.8228276732084159,2.4191536871945027,18054.0,18923.79868082486,23413.0,22258.6524350814,SP,63711,CUBATÃO
T2,364,563,-1.869925970189161,1.9664731555879917,-0.5857197272670589,1.033155309733158,50560.0,51523.45037938158,88120.0,86420.56283101994,SP,63770,DIADEMA
T2,44,53,2.2159285984789165,-6.621780362728796,1.4081537055417925,-1.7130631725437495,9247.0,9046.53523847907,3439.0,3682.871673243328,SP,63894,DRACENA
T2,243,380,-11.394088681323074,9.93386542319617,-3.9609043974603244,4.768219986489108,30464.0,34381.453276220185,52189.0,47473.08738676268,SP,64017,EMBU DAS ARTES
T2,58,88,-1.3048718023340096,3.105493041900332,-0.4940176979813804,1.3510424085011463,9443.0,9567.848152633855,11336.0,10994.56456252359,SP,64033,EMBU-GUAÇU
T2,61,92,-0.3455750115287,2.273555461521955,-0.18188885225766116,0.7917584128096788,12023.0,12064.692562714503,8164.0,7982.513136615765,SP,64114,FERNANDÓPOLIS
T2,169,261,-1.856295557938745,3.0443207989324046,-0.6472256457814962,1.4620792433971574,23316.0,23757.000138266136,33720.0,32723.78306592648,SP,64157,FERRAZ DE VASCONCELOS
T2,304,418,-0.4871553716208097,-0.008124797857176048,-0.25696509257381317,-0.0026695771016438385,61423.0,61723.69027272618,38445.0,38448.123832341254,SP,64254,FRANCA
T2,136,208,2.6571697181855587,-2.3151257070563,0.8433110962712598,-1.258654816042104,19446.0,18942.661339079536,31698.0,32449.240713502884,SP,64270,FRANCISCO MORATO
T2,185,104,-5.2458109058545865,7.261126346616408,-1.8851131143350242,3.4918267071494533,10240.0,10806.910066873972,15512.0,14461.902954358946,SP,64297,FRANCO DA ROCHA
T2,64,57,-1.9274122590279936,1.7821113755043871,-1.121593127310594,0.5064529966566089,7168.0,7308.872096790211,3633.0,3569.3895036199297,SP,64351,GARÇA
T2,115,183,0.1547596340666924,-0.2615503071360105,0.08500114456096997,-0.07910015639627788,25437.0,25397.69462074356,13948.0,13984.576703319202,SP,64696,GUARATINGUETÁ
T2,54,42,-10.12945726750218,17.894732454742545,-4.7203934753616785,7.102263657303714,4477.0,4981.610062516163,5002.0,4242.768015034233,SP,64734,GUARIBA
T2,261,417,0.13667616367797358,1.5562975818743543,0.06340407376765334,0.5978667032521812,54180.0,54106.049926642576,45503.0,44805.690127995884,SP,64750,GUARUJÁ
T2,1079,1694,-0.10690901300498734,1.6036710560411582,-0.045624477106043226,0.6290281054346591,207236.0,207457.7910768422,193736.0,190678.14970301787,SP,64777,GUARULHOS
T2,44,54,3.809663206664716,-5.580233771561592,1.6360959563670285,-2.320527850468884,4896.0,4716.323942071773,4312.0,4566.840368538493,SP,64874,IBATÉ
T2,86,58,-5.819091426274202,13.640860667488575,-3.1542605042501948,4.437667153781804,6921.0,7348.6230965611985,5012.0,4410.385463961801,SP,64939,IBITINGA
T2,73,111,-1.485386384630458,1.0991532844898466,-0.8047772103111916,0.31363827410094136,15760.0,15997.626566888588,8518.0,8425.392026806214,SP,64955,IBIÚNA
T2,222,332,-0.23080781824770083,3.192281553378102,-0.12171655366843837,0.9644128806537311,50765.0,50882.44065113807,30080.0,29149.466943843632,SP,65110,INDAIATUBA
T2,91,143,0.9412456043309848,-1.1818891704512338,0.4303429299036765,-0.47147043923306264,16990.0,16831.57355378526,14512.0,14685.56712749926,SP,65439,ITANHAÉM
T2,172,168,-4.8670003750795985,4.331892113871377,-1.5485794812663156,2.248271122676493,14822.0,15580.292914591677,26515.0,25414.089079359,SP,65455,ITAPECERICA DA SERRA
T2,161,207,-2.034164341318416,9.500908392808235,-1.1483383350994525,2.5408339655604406,28266.0,28852.91572306933,14967.0,13668.37976020206,SP,65471,ITAPETININGA
T2,170,53,-2.6398637847226945,7.317720670773369,-1.3966938166553589,2.455668007230055,7329.0,7527.721596233723,5124.0,4774.607555931308,SP,65498,ITAPEVA
T2,183,281,0.272906863506222,2.8266163855536623,0.09120979367640558,1.403183081183329,26891.0,26817.812349456115,40959.0,39833.07186382768,SP,65510,ITAPEVI
T2,65,95,-0.5646994897940831,4.018434793679347,-0.31253328809066616,1.0813397235343802,14380.0,14461.664948178091,7314.0,7031.445930240467,SP,65536,ITAPIRA
T2,48,40,-1.779804567063971,5.829967090968997,-1.0762356097530956,1.618592514027345,5852.0,5958.041494628973,2895.0,2735.520079592886,SP,65552,ITÁPOLIS
T2,272,428,-1.986149248554755,2.143092303177486,-0.736727915853419,0.9914687119514376,45726.0,46652.590067048004,59433.0,58186.019886291564,SP,65633,ITAQUAQUECETUBA
T2,47,66,-5.041783178956132,11.147501946837195,-2.7281604045974683,3.4332361360145613,7933.0,8354.200684865802,5285.0,4754.942672960712,SP,65650,ITARARÉ
T2,105,129,-1.173735105776335,-0.3835215213784451,-0.6497033374733396,-0.10997734369109224,20416.0,20658.475782578425,10661.0,10702.044644438953,SP,65692,ITATIBA
T2,181,183,-1.5637570970469985,5.833076314685109,-0.8285641304378699,1.7841062550090214,25342.0,25744.58273969715,15728.0,14861.138452816216,SP,65790,ITU
T2,43,62,-11.929938949635535,17.284385040205382,-6.363098598548128,6.088264191040466,6264.0,7112.5191981163925,5509.0,4697.1299701247535,SP,65838,ITUVERAVA
T2,75,80,-3.697869895643066,13.96094421337624,-1.9950791537701962,4.203742491384083,11562.0,12005.964964088482,7636.0,6700.541183392301,SP,65870,JABOTICABAL
T2,217,328,1.0813963905466395,1.1542599085259468,0.542911520139755,0.37742359174881557,44327.0,43852.77764538833,28891.0,28561.328041079243,SP,65897,JACAREÍ
T2,54,64,-1.941015100426963,3.0320860146368727,-1.1407563557836342,0.8527464204097002,9626.0,9816.540534106542,4840.0,4697.565765398968,SP,65978,JALES
T2,89,135,-1.465645222913575,-0.526613156849095,-0.5703110319373483,-0.23777812426296618,15324.0,15551.936210134401,17951.0,18046.03278292418,SP,66010,JANDIRA
T2,126,197,-2.294883766284274,5.703367238143585,-1.4271989511219663,1.3577751614037292,30968.0,31695.371945439307,12825.0,12133.00988899059,SP,66079,JAÚ
T2,50,30,-10.378039154865503,24.158952154615907,-5.760644125292447,7.650638991502856,3840.0,4284.664120031324,3035.0,2444.4471762458948,SP,66150,JOSÉ BONIFÁCIO
T2,291,662,-2.359578279173644,-0.7767393764184038,-1.2393139042037205,-0.23689082362244873,92547.0,94783.49065780413,54610.0,55037.49791812554,SP,66192,JUNDIAÍ
T2,84,125,-1.3972908632764516,5.612154169529264,-0.7420070381177979,1.7493779254627861,19115.0,19385.877089335285,12018.0,11379.372094530554,SP,66354,LEME
T2,80,111,-0.3701310369054464,6.491825348085335,-0.23452931944106803,1.4349112895760352,18031.0,18097.986264218758,6723.0,6313.160637471293,SP,66370,LENÇÓIS PAULISTA
T2,262,453,-1.0104214410016876,4.634048276617144,-0.6450282800676943,1.0725872755161152,73673.0,74425.00622031692,28235.0,26984.524124839536,SP,66397,LIMEIRA
T2,68,117,-3.072977336409945,5.501207380552141,-1.9200985198095322,1.3993807770004252,17011.0,17550.3172722441,7538.0,7144.941927356121,SP,66435,LINS
T2,81,115,0.07524695523854266,1.8349241631688928,0.04158236157236761,0.5386435096470354,17745.0,17731.65746764227,9592.0,9419.165457059557,SP,66451,LORENA
T2,81,124,-1.1483712040614806,7.0963106101112405,-0.576130364703864,2.364342028277383,16032.0,16218.245662997817,11535.0,10770.679152518771,SP,66710,MAIRIPORÃ
T2,238,370,-2.009744076707726,2.513721391097453,-1.1892743529443472,0.6910883586320749,51621.0,52679.727707221646,25090.0,24474.77241049497,SP,66818,MARÍLIA
T2,94,119,-2.0360305644776693,4.9292653160777755,-1.0092957379931156,1.7556763850931856,14205.0,14500.229096320367,10932.0,10418.447100596391,SP,66877,MATÃO
T2,361,560,1.5106458129190212,0.3617281467756538,0.5433057774259953,0.1658144491289315,56522.0,55680.85942844684,71225.0,70968.28772800308,SP,66893,MAUÁ
T2,80,47,2.7887358909633924,-7.715235371816168,1.6834495323957088,-2.118179476163873,7472.0,7269.279007308909,3051.0,3306.071172519654,SP,67075,MIRASSOL
T2,62,91,-1.966670442369372,4.688349355660911,-1.0662904980878962,1.3759527874361466,13466.0,13736.144697690568,7784.0,7435.402361303052,SP,67113,MOCOCA
T2,422,530,0.31925049359021895,2.9564371550700823,0.14056593505815118,1.0744165925236027,65152.0,64944.66384012988,55189.0,53604.224781861754,SP,67130,MOGI DAS CRUZES
T2,147,196,-0.027966342291781035,3.795356044712122,-0.016942639658656944,0.928703602294198,32741.0,32750.159021573076,13730.0,13227.952119635778,SP,67156,MOGI GUAÇU
T2,54,83,8.432729687249255,-9.873308173244592,3.571702583215969,-4.3689142145232225,9404.0,8672.658179060698,8166.0,9060.578874565776,SP,67237,MONGAGUÁ
T2,67,47,2.766622241848816,-4.857545200394192,1.619406820990077,-1.2783862613648889,6914.0,6727.865379995401,2878.0,3024.9377168812803,SP,67270,MONTE ALTO
T2,74,68,0.3334452470126783,3.336412847993418,0.14017502810942384,1.4517550837062188,7601.0,7575.739058184401,8103.0,7841.379216365302,SP,67377,MONTE MOR
T2,54,83,-3.010714786394672,6.674994038235376,-1.6117275296777755,2.171276532318384,12539.0,12928.232198417183,8380.0,7855.63671744511,SP,67695,NOVA ODESSA
T2,56,33,0.5966836623496949,2.876612565208586,0.35450893648084625,0.8513834695364264,5455.0,5422.643969367394,2779.0,2701.2942307354106,SP,67717,NOVO HORIZONTE
T2,83,55,-3.304292057451751,9.069982893396332,-1.8189384091631844,2.944460873566457,6858.0,7092.352024636585,4562.0,4182.635661049698,SP,67792,OLÍMPIA
T2,637,986,0.5506231856068003,0.3902883319638745,0.21257720707597572,0.16934052834591262,110379.0,109774.5558436281,123853.0,123371.49544829596,SP,67890,OSASCO
T2,46,34,-0.5734083790521487,1.3900348104453597,-0.35111298115754197,0.3675226886401983,4876.0,4904.120638660907,2147.0,2117.5651078668066,SP,67938,OSVALDO CRUZ
T2,99,146,-3.8201701488567434,6.445631856218762,-2.0393993120441656,2.170878727188369,19193.0,19955.327462842106,13401.0,12589.525531776988,SP,67954,OURINHOS
T2,43,50,1.0689017949844604,-1.707396015016244,0.5153602738784457,-0.6969961941573177,6462.0,6393.6580740809795,5321.0,5413.428665307202,SP,68110,PARAGUAÇU PAULISTA
T2,89,138,-3.550572209646302,12.454710999982526,-1.778506739947866,4.2163624957742565,20080.0,20819.20075632453,15823.0,14070.553255881347,SP,68314,PAULÍNIA
T2,62,41,-1.3932958592126599,9.315591221937195,-0.8021901755154048,2.720849154797339,6115.0,6201.403903804764,3439.0,3145.937337536779,SP,68357,PEDERNEIRAS
T2,58,90,-0.2011417367007148,-0.9328741385479006,-0.11196551145821187,-0.30543653041630314,12155.0,12179.498053907058,7097.0,7163.829512855087,SP,68470,PENÁPOLIS
T2,43,32,-4.396037816181019,6.802480540310339,-2.1124248361244713,2.647754288762055,2965.0,3101.3358989234735,2683.0,2512.113938203297,SP,68497,PEREIRA BARRETO
T2,91,82,5.236241899751376,-9.30591044250218,2.5646864230293884,-3.4480097462252166,10481.0,9959.496662741205,6833.0,7534.118301797435,SP,68535,PERUÍBE
T2,56,59,3.7907544239076483,-3.461024772661925,1.950779936622682,-1.1090957444748029,8883.0,8558.565788740281,5145.0,5329.453713263604,SP,68578,PIEDADE
T2,154,232,1.238242169888924,2.2707433357884463,0.6486968872316923,0.6939437321884678,29590.0,29228.085519644563,17437.0,17049.84185237473,SP,68616,PINDAMONHANGABA
T2,49,62,1.17079475090754,0.8157930047760973,0.6050736674586554,0.2630008443595844,6245.0,6172.730001158739,3882.0,3850.5871791496916,SP,68659,ESPÍRITO SANTO DO PINHAL
T2,368,501,-1.430242581981456,-0.7650854695611088,-0.8396520887424153,-0.2121764400505044,80755.0,81926.75128288181,38405.0,38701.09646561928,SP,68756,PIRACICABA
T2,74,112,-1.1635510866136867,11.089856584626988,-0.6764504697042595,2.695056184646061,16163.0,16353.278752623111,7594.0,6835.90764582091,SP,68870,PIRASSUNUNGA
T2,101,171,-2.378896523477572,3.036753677600323,-0.9803739120949784,1.251181738979834,20210.0,20702.490834740915,21326.0,20697.46885342348,SP,68977,POÁ
T2,43,73,3.450686692057718,-0.9062355849065947,1.9519263748585036,-0.26061919346383466,12606.0,12185.516020327981,6139.0,6195.142586655979,SP,69132,PORTO FELIZ
T2,48,75,-3.9847738255634897,12.669459737656481,-2.286379719279652,3.1846573575010972,11226.0,11691.895595397615,5771.0,5122.062370262002,SP,69159,PORTO FERREIRA
T2,262,414,-0.6624135758829998,2.8658041656446116,-0.32456313313032337,1.0306831619966816,56555.0,56932.12613254078,42987.0,41789.39769991796,SP,69213,PRAIA GRANDE
T2,223,339,-2.0976240141830425,2.2513582727460135,-1.272232134671436,0.6246878745106432,54147.0,55307.13576128554,25872.0,25302.35337411249,SP,69299,PRESIDENTE PRUDENTE
T2,47,43,-4.791358123580199,7.440768212091548,-2.7395618417941248,2.289557585053348,5643.0,5926.982980520379,3427.0,3189.66446073337,SP,69310,PRESIDENTE VENCESLAU
T2,74,80,-1.680696889488582,3.249336979178329,-0.9030541623849087,1.0960092159359835,10368.0,10545.233409909662,6835.0,6619.8972312804035,SP,69531,REGISTRO
T2,139,122,-1.577461773403363,-0.9679744557367422,-0.6529169668669121,-0.3914339002875744,13689.0,13908.399688376288,13457.0,13588.533533513633,SP,69671,RIBEIRÃO PIRES
T2,530,861,-1.0568115957494482,2.557625418928643,-0.5200675738770477,0.8866781025595183,111102.0,112288.67978872117,81128.0,79104.79563914175,SP,69698,RIBEIRÃO PRETO
T2,176,267,-0.38624963483048463,9.159973411097141,-0.21812325385879294,2.4174986550460575,41624.0,41785.39593922774,21317.0,19528.22022017177,SP,69795,RIO CLARO
T2,102,162,-1.8444916934489803,0.944416520420756,-0.9511460459829757,0.31564012761395865,23553.0,23995.596789577263,15699.0,15552.123179417396,SP,70050,SALTO
T2,155,237,-1.036510911673588,2.422687888098412,-0.5706807288733851,0.7268057129594774,38505.0,38908.28865748024,21714.0,21200.380938765797,SP,70173,SANTA BÁRBARA D'OESTE
T2,60,69,2.4193876697942143,-1.3800887050688697,1.2171265157078226,-0.4596524211585795,9346.0,9125.22542131576,5958.0,6041.376352673955,SP,70378,SANTA ISABEL
T2,116,144,-5.127226460316099,1.55141767497749,-1.9536533538082823,0.6970892260337147,16249.0,17127.147646003286,20510.0,20196.665363790104,SP,70475,SANTANA DE PARNAÍBA
T2,664,1036,-0.6981786713539684,3.3680985583081045,-0.28541999706161447,1.3313972491764914,114086.0,114888.12438034217,114833.0,111091.33436872184,SP,70572,SANTO ANDRÉ
T2,458,566,-1.2321728689551432,2.387690761315619,-0.560953677183651,0.874416527839933,69250.0,70113.92475823054,57748.0,56401.311105473724,SP,70718,SANTOS
T2,767,1194,1.6970561891875708,-1.4425135035257042,0.6169782736707763,-0.6609416085974984,114640.0,112726.96014595998,140019.0,142068.3552081139,SP,70750,SÃO BERNARDO DO CAMPO
T2,146,231,0.6384496267964013,-3.0073193209832514,0.30820168943259674,-0.976993607132165,35965.0,35736.83828931305,23327.0,24050.26836735994,SP,70777,SÃO CAETANO DO SUL
T2,213,345,1.5951690564663983,-1.2792070260443884,0.6702500446031878,-0.5093801205778847,40967.0,40323.76773469477,37726.0,38214.84700791739,SP,70793,SÃO CARLOS
T2,88,109,-0.48043713584042025,3.21048727454168,-0.2582280759747202,0.9685403002678394,16444.0,16523.38447511615,9572.0,9274.251340891662,SP,70831,SÃO JOÃO DA BOA VISTA
T2,53,49,-8.649169287736166,8.823275783975884,-3.835717936744254,3.7089846643980238,5775.0,6321.781591882894,6521.0,5992.284236090061,SP,70890,SÃO JOAQUIM DA BARRA
T2,48,70,0.7249101614249399,-0.8366885379423943,0.3891182398383264,-0.26428575738906,9744.0,9673.873110816337,5645.0,5692.629579196657,SP,70955,SÃO JOSÉ DO RIO PARDO
T2,400,615,-2.205039436527204,4.696034167118218,-1.2813899475244916,1.3166170484190554,95257.0,97404.81457444266,49201.0,46994.13916812191,SP,70971,SÃO JOSÉ DO RIO PRETO
T2,614,920,-0.7541525765121415,-3.436850659438217,-0.40257787542125056,-1.0977756991379095,141637.0,142713.2758468237,82459.0,85393.85942061723,SP,70998,SÃO JOSÉ DOS CAMPOS
T2,10299,15989,-0.6212879874193338,1.1783855553608749,-0.2210655371138459,0.5250770430325458,1585780.0,1595693.854232334,2021831.0,1998283.5156958823,SP,71072,SÃO PAULO
T2,43,39,-1.017159052032685,4.2392471388820026,-0.6399769815887413,1.0403739909619598,6315.0,6379.893665933098,2594.0,2488.5060773164573,SP,71099,SÃO PEDRO
T2,118,82,-5.915222440415426,6.461031411149129,-2.5707826303964287,2.83268720202508,8806.0,9359.643747282174,10052.0,9441.95248417188,SP,71153,SÃO SEBASTIÃO
T2,299,450,0.4437210053313902,1.009459804785593,0.1998992071523431,0.40153419271481416,53540.0,53303.481257089414,47539.0,47063.90875852176,SP,71218,SÃO VICENTE
T2,50,47,-5.410155162585021,6.2730942916378565,-2.5307706227795377,2.575736951740115,5788.0,6119.050105165791,5708.0,5371.067849342876,SP,71315,SERRANA
T2,42,40,2.7975520488347514,-3.7869018076065952,1.5953713341014697,-1.078897776557336,4844.0,4712.174466663196,2265.0,2354.1493232769326,SP,71331,SERRA NEGRA
T2,192,114,-8.286032203335973,15.958722002720071,-3.8288318770466176,6.10491344257218,11837.0,12906.431031577891,12390.0,10684.836626355165,SP,71358,SERTÃOZINHO
T2,52,41,0.3284308752424186,-2.6923473933822457,0.21196679094338533,-0.5820330697273002,6975.0,6952.166937279579,2266.0,2328.696602271025,SP,71439,SOCORRO
T2,642,958,0.6086698545039761,-1.569432193511692,0.3114756334040014,-0.5161251820762047,128656.0,127877.64731017406,80890.0,82179.75553999387,SP,71455,SOROCABA
T2,212,351,-4.8613198590392415,6.019261146204474,-2.4305772234447467,2.253883565976189,46780.0,49170.3268646245,39041.0,36824.440745876374,SP,71498,SUMARÉ
T2,265,425,-0.30095293126135836,0.761460081478836,-0.12694775792078672,0.3057668834629268,50053.0,50204.09068252216,48156.0,47792.08237064009,SP,71510,SUZANO
T2,240,350,-0.2888666627744451,-0.7886043640573442,-0.09326423134965456,-0.39950842307413525,34950.0,35051.25138012244,54565.0,54998.722324426206,SP,71579,TABOÃO DA SERRA
T2,64,60,-6.772306754328767,13.106131815510894,-3.5175423688115046,4.497745749469495,7490.0,8034.093453607764,6004.0,5308.288687472059,SP,71757,TAQUARITINGA
T2,135,107,-1.6212188399945444,2.5488724524118123,-0.8818443235000917,0.7371416954919829,16387.0,16657.04718718543,9082.0,8856.26509858949,SP,71811,TATUÍ
T2,285,429,-0.7471705537323868,2.898034794785312,-0.41363819663118306,0.8217640363261225,66371.0,66870.63771409277,35244.0,34251.38300288132,SP,71838,TAUBATÉ
T2,59,38,-7.470111562911429,15.764459265835816,-4.2586291631615865,4.41647693164292,5169.0,5586.303071698204,3178.0,2745.2294254683097,SP,71978,TREMEMBÉ
T2,66,86,-6.993542094287288,20.882906338218366,-4.51218444774677,4.8243960593387065,13492.0,14506.519551231382,6279.0,5194.282790018286,SP,72010,TUPÃ
T2,91,140,1.5851267054553684,-0.33274232701712575,0.8670886639406072,-0.1085482640575508,19369.0,19066.767575296864,11333.0,11370.835582919899,SP,72095,UBATUBA
T2,104,167,-3.0484317451769067,8.020809687645745,-1.6522144077228407,2.293646498759877,24967.0,25752.03315368543,14677.0,13587.196802579232,SP,72257,VALINHOS
T2,98,151,-1.6204140869321983,3.7473813393268527,-0.7768743493224872,1.3653369369190593,20022.0,20351.783161287396,16046.0,15466.41447027786,SP,72338,VÁRZEA PAULISTA
T2,104,65,-2.002609856833876,15.204236272642817,-1.1015730924724298,4.184681568091109,10656.0,10873.758968919949,6268.0,5440.77214761975,SP,72370,VINHEDO
T2,106,168,-0.6103666696971435,-1.0737324684988228,-0.30121454465892317,-0.391596359745644,21961.0,22095.865800225587,16154.0,16329.333354112514,SP,72435,VOTORANTIM
T2,111,125,-1.5455969876861408,3.407873736052456,-0.889048155198946,0.985359320706003,16971.0,17237.42106066847,8960.0,8664.717372364032,SP,72451,VOTUPORANGA
T2,48,78,-8.320711200408647,10.45062401885861,-3.7820633414130054,3.8985843066372263,7833.0,8543.914446285402,7745.0,7012.1831078814,SP,72737,VARGEM GRANDE PAULISTA
T2,242,367,15.77214787955175,-19.975426535163685,7.634163643066339,-8.367155260550902,56311.0,48639.505296719064,33684.0,42092.070649775,TO,73440,PALMAS
T2,163,203,-7.227317454931474,10.095779592345123,-3.7835037918077963,3.7940931468403436,24123.0,26002.266333390933,20551.0,18666.4739339644,TO,92410,ARAGUAÍNA
T2,91,110,-20.729463743859057,35.02211810285434,-11.808181018889385,11.59945245485935,11515.0,14526.204241626981,11404.0,8446.023629486317,TO,93858,GURUPI
T2,62,62,-7.652190628277626,12.863032339946963,-4.696937860042061,3.94630294885433,7807.0,8453.909251463592,4769.0,4225.475694854294,TO,95192,PARAÍSO DO TOCANTINS
T2,67,83,-16.026906765560224,20.244644644093558,-7.270529324915059,8.952204485206073,7271.0,8658.725932246538,10149.0,8440.292729908717,TO,95591,PORTO NACIONAL
